Case.No.,Bench,Who.filed..Corporate.Debtor..Operational.Creditor..Financial.Creditor,Type.of.Creditor..eg..employee..bank..NBFC.etc..,Type.of.operational.Creditor,Type.of.financial.Creditor,Secured..unsecured,Name.of.Corporate.Debtor,Due.Date.for.payment,Date.of.demand.notice,Date.of.receipt.service.of.Demand.Notice,Date.of.filing.in.NCLT,First.date.of.case.listing,Date.of.final.disposal,Evidence.of.debt..What.kind.of.document.,Admitted..dismissed,Name.of.Insolvency.Professional,Category.for.reason.for.dismissal,URL,BIFR.Y.N.,Appeal..Y.No.,Who.appealed.,Appeal.Allowed.Rejected
IB-39(PB)/2017,New Delhi(Principal Bench),Corporate Debtor,NA,NA,NA,NA,Unigreen Global Private Limited,NA,NA,NA,Not Available,Not Available,08.05.2017,NA,Dismissed,NA,Other,http://nclt.gov.in/Publication/Principal_Bench/2017/Others/3.pdf,N,Y,Debtor,Allowed
IB-33 (PB)/2017,New Delhi(Special Bench),Creditor,Operational Creditor,Employee,NA,Unsecured,Iyogi Technical Services,Not Available,Not Available,Not Available,Not Available,24.03.2017,01.05.2017,Not Available,Dismissed,NA,Other,http://nclt.gov.in/Publication/Principal_Bench/2017/Others/IyogiTechnicalServicesLtdFinal.pdf,N,Y,(Link broken),(Link broken)
IB-48 (PB)/2017,New Delhi(Special Bench),Creditor,Operational Creditor,Vendor,NA,Unsecured,Max Tech Oil and Gas Services Limited,05.01.2017,Not Available,Not Available,Not Available,13.04.2017,01.05.2017,Letter of balance confirmation,Admitted,Mr.Atanu Mukherjee,NA,http://nclt.gov.in/Publication/Principal_Bench/2017/Others/MaxTechOilGasServicesPvtLtdFinal.pdf,N,N,NA,NA
IB-43(PB)/2017,New Delhi(Principal Bench),Creditor,Operational Creditor,Vendor,NA,Unsecured,Gold Plus Glass Industry Limited,Not Available,08.02.2017,Not Available,Not Available,Not Available,28.04.2017,Invoices,Dismissed,NA,Existing dispute,http://nclt.gov.in/Publication/Principal_Bench/2017/Others/EviroInternationalCorporationGoldPlusFinal.pdf,N,N,NA,NA
IB-68(PB)/2017,New Delhi(Special Bench),Creditor,Operational Creditor,Vendor,NA,Unsecured,International Recreation and Amusement Limited,07.11.2014,30.01.2017,Not Available,18.04.2017,Not Available,28.04.2017,Invoices,Admitted,NA,NA,http://nclt.gov.in/Publication/Principal_Bench/2017/Others/SRConstructions.pdf,N,Y,Corporate Debtor,Allowed
IB-73(PB)/2017,New Delhi(Principal Bench),Creditor,Operational Creditor,Vendor,NA,Unsecured,Global Houseware Limited,14.02.2017,29.03.2017,Not Available,Not Available,Not Available,03.05.2017,Invoices,Admitted,Mr.Ashwani Kumar,NA,http://nclt.gov.in/Publication/Principal_Bench/2017/Others/Global%20Plus%20Houseware%20Ltd.pdf,N,N,NA,NA
IB-66(PB)/2017,New Delhi(Principal Bench),Creditor,Operational Creditor,Others,NA,Unsecured,Ozone Builders and Developers Pvt. Ltd.,22.02.2014,Not Available,Not Available,Not Available,Not Available,27.04.2017,Flat purchase agreement,Dismissed,NA,Other,http://nclt.gov.in/Publication/Principal_Bench/2017/Others/OzonwBuilders(SatishMittal)(Final).pdf,N,Y,(Link broken),(Link broken)
26 (ND)/2017,New Delhi(Principal Bench),Creditor,Operational Creditor,Vendor,NA,Unsecured,Era Infra Engineering Limited,Not Available,08.01.2017,Not Available,01.03.2017,23.03.2017,12.04.2017,"""Insufficient funds"" balance confirmation from relevant financial institution",Admitted,Mr.Vivek Goyal,NA,http://nclt.gov.in/Publication/Principal_Bench/2017/Others/Era%20Infra%20Engineering%20Ltd.%20Final.pdf,N,Y ,Corporate Debtor,Allowed
(IB) 24 PB/2017,New Delhi(Principal Bench),Creditor,Operational Creditor,Vendor,NA,Unsecured,RL Steel and Energy Limited,21.12.2011,15.02.2017,Not Available,27.02.2017,08.03.2017,31.03.2017,Ledger account entries and invoices combined,Dismissed,NA,Time barred,http://nclt.gov.in/Publication/Principal_Bench/2017/Others/Deem%20Roll%20-Tech%20Limited%20%20vs.%20r.l.%20Steel%20Energy%20ltd.pdf,N,N,NA,NA
(IB) 30 PB/2017,New Delhi(Principal Bench),Creditor,Operational Creditor,Vendor,NA,Unsecured,AMR Infrastructures,Not Available,Not Available,27.01.2017,Not Available,Not Available,31.03.2017,MOU for flat purchase,Dismissed,NA,Other,http://nclt.gov.in/Publication/Principal_Bench/2017/Others/Mukesh%20Kumar%20&%20anr.%20%20Vs..%20AMR%20infrastructructres.pdf,N,Y,Creditor,Allowed
(IB) 19 PB/2017,New Delhi(Principal Bench),Creditor,Operational Creditor,Others,NA,Unsecured,J.B.K. Developers Pvt. Limited,Unclear,10.02.2017,Not Available,Not Available,Not Available,31.03.2017,Allotment letter,Dismissed,NA,Other,http://nclt.gov.in/Publication/Principal_Bench/2017/Others/Pawan%20Dubay%20&%20anr.%20Vs.%20J.B.K.%20Developers%20Pvt%20ltd%20..pdf,N,Y,Creditor, Rejected
(IB) 21 PB/2017,New Delhi(Principal Bench),Creditor,Operational Creditor,Vendor,NA,Unsecured,Amrapali Infrastructure Private Limited,Not Available,Not Available,28.01.2017,07.03.2017,14.03.2017,22.03.2017,Unclear,Dismissed,NA,Other,http://nclt.gov.in/Publication/Principal_Bench/2017/Others/Amprapali%20Infrastructure%20Private%20Limited%20(Final).pdf,N,N,NA,NA
(IB) 22 PB/2017,New Delhi(Principal Bench),Creditor,Operational Creditor,Others,NA,Unsecured,Soril Infra Resources Limited,09.09.2016,13.01.2017,Not Available,Not Available,Not Available,24.03.2017,Arbitration award,Dismissed,NA,Existing dispute,http://nclt.gov.in/Publication/Principal_Bench/2017/Others/Soril%20Infra%20Resources%20Ltd.%20(Annapurna)%20(Final.pdf,N,Y,Creditor,Allowed
(IB) 15 PB/2017,New Delhi(Principal Bench),Corporate Debtor,NA,NA,NA,Unsecured,Clutch Auto Limited,NA,NA,NA,09.02.2017,10.03.2017,10.04.2017,NA,Admitted,Mr. Mahipal Sharan Gupta,NA,http://nclt.gov.in/Publication/Principal_Bench/2017/Others/Clutch%20Auto%20Ltd.(final).pdf,N,N,NA,NA
(IB) 20 PB/2017,New Delhi(Principal Bench),Creditor,Operational Creditor,Vendor,NA,Unsecured,Clutch Auto Limited,Not Available,Not Available,Not Available,Not Available,10.03.2017,10.04.2017,Not Available,Dismissed,NA,Other,http://nclt.gov.in/Publication/Principal_Bench/2017/Others/Clutch%20Auto%20Ltd.(final).pdf,N,N,NA,NA
(ISB) 03-PB/2017,New Delhi(Principal Bench),Creditor,Financial Creditor,NA,Property Buyer,Unsecured,AMR Infrastructures,Not Available,NA,NA,17.01.2017,19.01.2017,23.01.2017,Not Available,Dismissed,NA,Other,http://nclt.gov.in/Publication/Principal_Bench/2017/Others/AMR%20Infrastructure%20Ltd.%20(Nikhil%20Mehta).pdf,N,Y,Creditor,Allowed
(IB) 07 PB/2017,New Delhi(Principal Bench),Creditor,Operational Creditor,Vendor,NA,Unsecured,Ambience Private Limited,Not Available,Not Available,25.01.2017,08.02.2017,Not Available,01.03.2017,Unclear,Dismissed,NA,Existing dispute,http://nclt.gov.in/Publication/Principal_Bench/2017/Others/One%20Coast%20Plaster%20and%20Ambience%20Private%20Limited..pdf,N,N,NA,NA
(IB) 08 PB/2017,New Delhi(Principal Bench),Creditor,Operational Creditor,Vendor,NA,Unsecured,Ambience Private Limited,Not Available,Not Available,25.01.2017,09.02.2017,Not Available,01.03.2017,Unclear,Dismissed,NA,Existing dispute,http://nclt.gov.in/Publication/Principal_Bench/2017/Others/One%20Coast%20Plaster%20and%20Ambience%20Private%20Limited..pdf,N,N,NA,NA
(IB) 10 PB/2017,New Delhi(Principal Bench),Creditor,Operational Creditor,Others,NA,Unsecured,AMR Infrastructures,Not Available,Not Available,Not Available,Not Available,Not Available,20.02.2017,MOU for flat purchase,Dismissed,NA,Other,http://nclt.gov.in/Publication/Principal_Bench/2017/Others/Col.%20Vinod%20Awasthy%20(Final).pdf,N,N,NA,NA
(IB) 45 PB/2017,New Delhi(Principal Bench),Creditor,Operational Creditor,Vendor,NA,Unsecured,Gettit Infoservices Private Limited,Not Available,14.02.2017,Not Available,Not Available,10.04.2017,12.04.2017,Unclear,Dismissed,NA,Other,http://nclt.gov.in/Publication/Principal_Bench/2017/Others/Getit%20Infoservices%20Pvt.%20Ltd..pdf,N,N,NA,NA
(IB)-78(ND)/2017,New Delhi (Bench II),Corporate Debtor,NA,NA,NA,Unsecured,Krishna Kraftex Private Limited,NA,NA,NA,26.04.2017,NA,15.05.2017,NA,Dismissed,NA,Other,http://nclt.gov.in/Publication/New_Delhi_Bench/2017/Others/krishnakraftexpvtltd.pdf,N,Y,Corporate Debtor,Rejected
(IB)-70(ND)/2017,New Delhi (Bench II),Creditor,Financial Creditor,NA,Property Buyer,Unsecured,Megasoft Infrastructure Private Limited,26.06.2014,Not Available,Not Available,Not Available,Not Available,08.05.2017,Development agreement,Dismissed,NA,Other,http://nclt.gov.in/Publication/New_Delhi_Bench/2017/Others/37.pdf,N,Y,Corporate Debtor,Rejected (Withdrawn)
(IB)-76(ND)/2017,New Delhi (Bench II),Creditor,Operational Creditor,Vendor,NA,Unsecured,Premier Restuarant Pvt Limited,17.08.2016,Not Available,Not Available,Not Available,27.04.2016,08.05.2017,Invoices,Dismissed,NA,Other,http://nclt.gov.in/Publication/New_Delhi_Bench/2017/Others/Premier1.pdf,N,Y,Creditor,Rejected
(IB)-56(ND)/2017,New Delhi (Bench II),Creditor,Operational Creditor,Vendor,NA,Unsecured,Shree Radha Raman Packaging Limited,Not Available,18.01.2017,Not Available,Not Available,18.04.2017,28.04.2017,Invoices and delivery receipts,Admitted,Delegated to IBBI,NA,http://nclt.gov.in/Publication/New_Delhi_Bench/2017/Others/SHREERADHARAMAN.pdf,N,N,NA,NA
(IB)-51(ND)/2017,New Delhi (Bench II),Creditor,Financial Creditor,NA,Individual ,Unsecured,Kaliber Associates Private Limited,Not Available,Not Available,Not Available,Not Available,Not Available,26.04.2017,TDS acknlowdgement through Form 26AS by Corporate Debtor,Admitted,Mr.Ashish Agarwal,NA,http://nclt.gov.in/Publication/New_Delhi_Bench/2017/Others/KaliberAssociatesPvtLtd.pdf,N,Y,(Link broken),(Link broken)
(IB)-42(ND)/2017,New Delhi (Bench II),Creditor,Operational Creditor,Vendor,NA,Unsecured,Ekdantam Infra Private Limited,Not Available,28.02.2017,Not Available,29.03.2017,Not Available,13.04.2017,Invoices,Admitted,Mr.Rakesh Wadhwa,NA,"http://nclt.gov.in/Publication/New_Delhi_Bench/2017/Others/EKDANTAM%20INFRA%20PVT%20LTD.pdf
",N,N,NA,NA
(IB)-27(ND)/2017,New Delhi (Bench II),Creditor,Financial Creditor,NA,Individual ,Unsecured,BK Educational Sevices Private Limited,25.02.2015,NA,NA,Not Available,Not Available,25.04.2017,Demand draft codes alongside bank statements,Dismissed,NA,Other,http://nclt.gov.in/Publication/New_Delhi_Bench/2017/Others/BKEducationalServicesPvt.Ltd.(final).pdf,N,N,NA,NA
(IB)-35(ND)/2017,New Delhi (Bench II),Creditor,Operational Creditor,Vendor,NA,Unsecured,Helpline Hospitality Private Limited,Not Available,28.02.2017,Not Available,Not Available,10.04.2017,24.04.2017,Invoices and ledger account of corporate debtor,Admitted,Delegated to IBBI,NA,http://nclt.gov.in/Publication/New_Delhi_Bench/2017/Others/Helpline%20Hospitality%20Pvt.%20Ltd..pdf,N,N,NA,NA
(IB)-37(ND)/2017,New Delhi (Bench II),Creditor,Operational Creditor,Vendor,NA,Unsecured,Pal Mohan Electronics Private Limited,Not Available,23.02.2017,Not Available,Not Available,Not Available,21.04.2017,Ledger account of Creditor,Dismissed,NA,Existing dispute,http://nclt.gov.in/Publication/New_Delhi_Bench/2017/Others/Pal%20Mohan%20Electronics%20Pvt.%20Ltd..pdf,N,Y,Corporate Debtor,Rejected
(IB)-44(ND)/2017,New Delhi (Bench II),Creditor,Operational Creditor,Vendor,NA,Unsecured,Getit Stores Private Limited,Not Available,04.01.2017,Not Available,Not Available,Not Available,13.04.2017,Invoices,Dismissed,NA,Other,http://nclt.gov.in/Publication/New_Delhi_Bench/2017/Others/GETIT%20STORES%20PVT%20LTD.pdf,N,N,NA,NA
(IB)-41(ND)/2017,New Delhi (Bench II),Creditor,Operational Creditor,Vendor,NA,Unsecured,PTC Techno Private Limited,Not Available,Not Available,Not Available,29.03.2017,Not Available,11.04.2017,Invoices,Dismissed,NA,Time barred,http://nclt.gov.in/Publication/New_Delhi_Bench/2017/Others/PTC%20Techno%20Pvt.%20Ltd..pdf,N,Y,(unclear)(clubbed),Allowed
(IB)-32(ND)/2017,New Delhi (Bench II),Creditor,Operational Creditor,Others,NA,Unsecured,Unitech Hi-Tech Developers Limited ,12.02.2013,24.01.2017,Not Available,Not Available,Not Available,31.03.2017,Allotment letter,Dismissed,NA,Other,"http://nclt.gov.in/Publication/New_Delhi_Bench/2017/Others/Raman%20Seth%20&%20anr.%20%20Vs.%20Unitech%20Hi%20-Tech%20Developers%20Ltd.pdf
",N,N,NA,NA
CP No. 839/I&BP/NCLT/Mah/2017,Mumbai Bench,Corporate Debtor,NA,NA,NA,Unsecured,Shirdi Industries Limited,NA,NA,NA,Not Available,Not Available,18.05.2017,Books of accounts,Admitted,Mr.Devendra Padamchand Jain,NA,http://nclt.gov.in/Publication/Mumbai_Bench/2017/Others/174.pdf,Y,N,NA,NA
CP No. 718/I&BP/NCLT/Mah/2017,Mumbai Bench,Creditor,Operational Creditor,Vendor,NA,Unsecured,Sai Krupa Sugar and Allied Industries Limited,Not Available,03.02.2017,Not Available,Not Available,03.05.2017,06.05.2017,Unclear,Dismissed,NA,Other,http://nclt.gov.in/Publication/Mumbai_Bench/2017/Others/70.pdf,N,N,NA,NA
CP No.´_852/I&BP/NCLT/MAH/2017´_ ,Mumbai Bench,Creditor,Operational Creditor,Vendor,NA,Unsecured,Best Deal TV Pvt. Ltd.,Not Available,03.04.2017,Not Available,Not Available,Not Available,05.05.2017,Ledger Statement,Admitted,Mr.Rajendra Karamal Bhuta,NA,http://nclt.gov.in/Publication/Mumbai_Bench/2017/Others/65.pdf,N,N,NA,NA
CP No. 464/I&BP/NCLT/Mah/2017,Mumbai Bench,Creditor,Operational Creditor,Vendor,NA,Unsecured,Planet M Retail.,Not Available,21.02.2017,Not Available,Not Available,18.04.2017,04.05.2017,Debit notes,Dismissed,NA,Time barred,http://nclt.gov.in/Publication/Mumbai_Bench/2017/Others/77.pdf,N,Y,Creditor,Allowed
CP No. 723/I&BP/NCLT/MAH/2017,Mumbai Bench,Creditor,Financial Creditor,NA,Bank,Secured,DLS Industries Ltd.,30.06.2014,NA,NA,Not Available,Not Available,03.05.2017,Not Available,Admitted,Mr.Dushyant C Dave,NA,http://nclt.gov.in/Publication/Mumbai_Bench/2017/Others/67.pdf,N,N,NA,NA
CP No. 895/I&BP/NCLT/MAH/2017,Mumbai Bench,Creditor,Operational Creditor,Vendor,NA,Unsecured,Royal Twinkle Star Club Ltd.,31.07.2016,Not Available,Not Available,27.04.2017,Not Available,02.05.2017,Letter from debtor admitting liability for the debt,Admitted,NA,NA,http://nclt.gov.in/Publication/Mumbai_Bench/2017/Others/1991.pdf,N,N,NA,NA
CP No. 896/I&BP/NCLT/MAH/2017,Mumbai Bench,Creditor,Operational Creditor,Vendor,NA,Unsecured,Cytrus Check Inns Ltd.,22.04.2016,Not Available,Not Available,27.04.2017,Not Available,02.05.2017,Letter from debtor admitting liability for the debt,Admitted,Mr. Devendra Padamchand Jain,NA,http://nclt.gov.in/Publication/Mumbai_Bench/2017/Others/04.pdf,N,N,NA,NA
CP No. 69/I&BP/NCLT/MAH/2017,Mumbai Bench,Creditor,Financial Creditor,NA,Trustee/Debenture holder,Unsecured,Neelkanth Township and Construction Private Limited,Not Available,Not Available,Not Available,Not Available,Not Available,01.05.2017,Not Available,Admitted,Mr.Uday Vinodchandra Shah,NA,http://nclt.gov.in/Publication/Mumbai_Bench/2017/Others/UrbanInfrastructureTrusteeLtd.pdf,N,Y,(Link broken),(Link broken)
CP No. 724/I&BP/NCLT/MAH/2017,Mumbai Bench,Creditor,Operational Creditor,Others,NA,Unsecured,Loha Ispaat Limited,31.03.2016,04.01.2017,Not Available,Not Available,Not Available,28.04.2017,Delivery notes and invoices,Admitted,Mr. Amit Gupta,NA,http://nclt.gov.in/Publication/Mumbai_Bench/2017/Others/Dilip%20M%20Rathod%20VS%20Lodha%20Ispaat%20Ltd.%20CP%207214-2017%20I&%20BP%20order%20dated%20on%2028.04.2017%20FINAL.pdf,N,N,NA,NA
CP No. 720/I&BP/NCLT/MB/MAH/2017,Mumbai Bench,Creditor,Financial Creditor,NA,Bank,Secured,HDO Technologies Ltd.,Not Available,NA,NA,Not Available,Not Available,28.04.2017,Confirmation of balance by debtor,Admitted,Mr. Amit Gupta,NA,http://nclt.gov.in/Publication/Mumbai_Bench/2017/Others/Bank%20of%20India%20VS%20HDO%20Technologies%20Ltd.%20CP%20720-2017%20I&%20BP%20Order%20dated%20on%2028.04.2017%20FINAL_03.05.2017.pdf,N,N,NA,NA
CP No. 278/I&BP/NCLT/MB/MAH/2017,Mumbai Bench,Creditor,Operational Creditor,Employee,NA,Unsecured,Zeel Global Projects Pvt. Ltd.,Not Available,NA (The dates mentioned in the order are incorrect),NA,04.04.2017,Not Available,27.04.2017,Unclear,Admitted,Mr. Milind Kosadekar,NA,http://nclt.gov.in/Publication/Mumbai_Bench/2017/Others/64.pdf,N,N,NA,NA
CP No. 64/I&BP/NCLT/MB/MAH/2017,Mumbai Bench,Creditor,Operational Creditor,Not Available,NA,Unsecured,Windways Packaging Pvt. Ltd.,Not Available,Not Available,Not Available,Not Available,Not Available,26.04.2017,Not Available,Admitted,Avil Menezes,NA,http://nclt.gov.in/Publication/Mumbai_Bench/2017/Others/WindWaysPackingPvtLtdCP642017BPOrderdatedon26.04.2017FINAL_01.05.2017.pdf,N,N,NA,NA
CP No. 246/I&BP/NCLT/MAH/2017,Mumbai Bench,Creditor,Financial Creditor,NA,Bond Holders,Unsecured,Sharon Bio-Medicine Ltd.,Not Available,NA,NA,Not Available,11.04.2017,25.04.2017,Principal Trust Deed,Admitted,Dinkar T Ventakasubramanium,NA,"http://nclt.gov.in/Publication/Mumbai_Bench/2017/Others/SharonBioMedicineLtddated25.04.2017CP2462017FINAL_26.04.2017.pdf, http://nclt.gov.in/Publication/Mumbai_Bench/2017/Others/SharonBioMedicineLimiteddated11.04.2017CP2462017FINAL_26.04.2017.pdf",N,N,NA,NA
CP No. 596/I&BP/NCLT/MAH/2017,Mumbai Bench,Creditor,Financial Creditor,NA,Bank,Unsecured,Hindustan Dorr-Oliver Limited,03.04.2017,NA,NA,Not Available,Not Available,21.04.2017,Not Available,Admitted,Mr. Amit Gupta,NA,http://nclt.gov.in/Publication/Mumbai_Bench/2017/Others/Bank%20of%20India%20CP%20596-2017%20I&%20BP%20Order%20dated%2021.04.2017_03.05.2017.pdf,N,N,NA,NA
CP No. 249/1&BP/NCLT/MAH/2017,Mumbai Bench,Corporate Debtor,NA,NA,NA,Unsecured,Swift Shipping and Freight Logistics Pvt. Ltd.,NA,NA,NA,Not Available,Not Available,19.04.2017,NA,Admitted,Mr. Uday Vinodchandra Shah,NA,http://nclt.gov.in/Publication/Mumbai_Bench/2017/Others/SwiftShippingandFreightLogisticsPvtLtddated19.04.2017FINAL_26.04.2017.pdf,N,N,NA,NA
CP No. 45/I&BP/NCLT/MAH/2017,Mumbai Bench,Creditor,Operational Creditor,Others,NA,Unclear,Uttam Galva Steel Ltd.,15.03.2014,28.02.2017,Not Available,14.03.2017,Not Available,10.04.2017,"Factoring agreement and export contract (bills of lading, bills of exchange)",Admitted,None,NA,http://nclt.gov.in/Publication/Mumbai_Bench/2017/Others/Uttam%20Galva%20Steel%20Ltd.%20dated%2010.04.2017%20CP%2045-2017%20FINAL.pdf,N,Y,Corporate Debtor,Allowed
CP No. 67/I&BP/NCLT/(MAH)/2017,Mumbai Bench,Corporate Debtor,NA,NA,NA,Secured,Gupta Corporation Pvt.Ltd.,NA,NA,NA,Not Available,31.03.2017,03.04.2017,NA,Admitted,Mr. Rohit Jain,NA,http://nclt.gov.in/Publication/Mumbai_Bench/2017/Others/Gupta%20Corporation%20Pvt.Ltd.%20Dated%2003.04.2017%20CP%2067-2017%20FINAL.pdf,N,N,NA,NA
CP No. 51/I&BP/NCLT/MAH/2017,Mumbai Bench,Creditor,Operational Creditor,Vendor,NA,Unsecured,Swiber Offshore (India) Pvt.Ltd.,31.12.2015,Not Available,Not Available,Not Available,Not Available,31.03.2017,Bank Statement,Admitted,Mr. Rajeev Mannadiar,NA,http://nclt.gov.in/Publication/Mumbai_Bench/2017/Others/31Swiber%20Offshore%20(India)%20Pvt.Ltd.%20Dated%2031.03.2017%20CP%2051-2017%20FINAL.pdf,N,Y,Creditor,Withdrawn
CP No. 40/1& BP/NCLT/MAH/2017,Mumbai Bench,Creditor,Operational Creditor,Vendor,NA,Unsecured,Reliance Infrastructure Ltd.,Not Available,21.01.2017,Not Available,Not Available,Not Available,29.03.2017,Invoices and reconciliation statements signed between debtor and Creditor,Dismissed,NA,Other,http://nclt.gov.in/Publication/Mumbai_Bench/2017/Others/101.pdf,N,Y,Creditor,Rejected
CP No. 43/I&BP/NCLT/MAH/2017,Mumbai Bench,Corporate Debtor,NA,NA,NA,Secured,Gupta Energy Pvt.Ltd.,NA,NA,NA,Not Available,21.03.2017,21.03.2017,NA,Admitted,Mr. Charudutt Marathe,NA,http://nclt.gov.in/Publication/Mumbai_Bench/2017/Others/21Gupta%20Energy%20Pvt.Ltd.%20Dated%2043-2017%20CP%2043-2017%20FINAL.pdf,N,N,NA,NA
CP No. 30/I&BP/NCLT/(MAH)/2017,Mumbai Bench,Corporate Debtor,NA,NA,NA,Secured,Marmagoa Steel Ltd.,NA,NA,NA,Not Available,20.03.2017,20.03.2017,NA,Admitted,Mr. Pravin R. Navandar,NA,http://nclt.gov.in/Publication/Mumbai_Bench/2017/Others/Marmagoa%20Steel%20Ltd.%20Dated%2020.03.2017%20CP%2030-2017%20FINAL.pdf,N,N,NA,NA
CP No. 33/I&BP/NCLT/(MAH)/2017,Mumbai Bench,Creditor,Operational Creditor,Vendor,NA,Unsecured,Janata Chemicals Pvt.Ltd.,Not Available,06.02.2017,Not Available,Not Available,15.03.2017,15.03.2017,Invoices and bank statement of operational Creditor,Admitted,Mr. Amit Gupta,NA,http://nclt.gov.in/Publication/Mumbai_Bench/2017/Others/Janata%20Chemicals%20Pvt.Ltd.%20Dated%2015.03.2017%20CP%2033-2017%20FINAL.pdf,N,N,NA,NA
CP No. 04/I& BP/NCLT/MB/MAH/2017,Mumbai Bench,Creditor,Operational Creditor,Vendor,NA,Unsecured,Miltech Industries Private Limited,Not Available,Not Available,Not Available,12.01.2017,18.01.2017,14.03.2017,Unclear,Dismissed,NA,Other,http://nclt.gov.in/Publication/Mumbai_Bench/2017/Others/1J%20J%20Plastalloy%20Pvt.%20Ltd.%20MA%2048-2016%20CP%2004-2017%20I&BP%20Order%20dated%20on%2014.03.2017%20FINAL.pdf,N,N,NA,NA
CP No. 17/I & BP/NCLT/MAH/2017,Mumbai Bench,Creditor,Operational Creditor,Vendor,NA,Unsecured,M/s Supreme Infrastructure India Ltd. & Ors.,06.10.2016,Not Available,Not Available,21.02.2017,10.03.2017,10.03.2017,Unclear,Dismissed,NA,Other,http://nclt.gov.in/Publication/Mumbai_Bench/2017/Others/Supreme%20Infrastructure%20India%20Ltd.%20&Ors.%20CP%2017-I&BP-2017%20Order%20dated%20on%2010.03.2017%20Final.pdf,N,Y,(Link broken),(Link broken)
CP No. 31/I & BP/NCLT/MAAH/2017,Mumbai Bench,Corporate Debtor,NA,NA,NA,Secured,Gupta Coal India Pvt. Ltd.,Not Available,NA,NA,Not Available,09.03.2017,09.03.2017,NA,Admitted,Mr. Devandra Singh,NA,http://nclt.gov.in/Publication/Mumbai_Bench/2017/Others/1Gupta%20Coal%20India%20Pvt.%20Ltd.%20CP%2031-2017%20I&BP%20Order%20dated%20on%2009.03.2017%20FINAL.pdf,N,N,NA,NA
CP No. 18/I & BP/NCLT/MAH/2017,Mumbai Bench,Corporate Debtor,NA,NA,NA,Secured,1Facor Steel Ltd.,Not Available,NA,NA,Not Available,08.03.2017,08.03.2017,NA,Admitted,CS Sunil Gajanan Nanal,NA,http://nclt.gov.in/Publication/Mumbai_Bench/2017/Others/1Facor%20Steel%20Ltd.%20CP%2018-I&BP-2017%20Order%20dated%20on%2008.03.2017%20FINAL.pdf,N,Y,Creditor,Rejected
CP No. 20/I & BP/NCLT/MAH/2017,Mumbai Bench,Creditor,Operational Creditor,Vendor,NA,Unsecured,MCL Global Steel Pvt. Ltd.,30.11.2016,28.12.2016,Not Available,Not Available,06.03.2017,06.03.2017,Invoices acknowledged by corporate debtor,Admitted,CA Hashmukh Bhavanji Dedhia,NA,http://nclt.gov.in/Publication/Mumbai_Bench/2017/Others/1Essar%20Projects%20India%20Ltd.%20VS%20MCL%20Global%20Steel%20Pvt.%20Ltd.%20CP%2020-2017%20I&BP%20Order%20dated%20on%2006.03.2017%20FINAL.pdf,N,N,NA,NA
29/I & BP/NCLT/MAH/2017,Mumbai Bench,Corporate Debtor,NA,NA,NA,Partially secured,Ultra Drytech Engineering Ltd.,NA,NA,NA,Not Available,06.03.2017,06.03.2017,Loans and charges,Admitted,Mr. Lalit Laxminarayan Bajaj,NA,http://nclt.gov.in/Publication/Mumbai_Bench/2017/Others/1Ultra%20Drytech%20Engineering%20Ltd.%20CP%2029-2017%20I&BP%20Order%20dated%20on%2006.03.2017%20FINAL.pdf,N,N,NA,NA
CP No. 15/I & BP/NCLT/MAH/2017,Mumbai Bench,Corporate Debtor,NA,NA,NA,Unsecured,Shree Rajeshwar Weaving Mills Pvt.Ltd.,01.04.2016,NA,NA,31.01.2017,02.03.2017,02.03.2017,Financial statements including auditor certificate,Admitted,Mr. Hemant Sharma,NA,http://nclt.gov.in/Publication/Mumbai_Bench/2017/Others/Shree%20Rajeshwar%20Weaving%20Mills%20Pvt.%20Ltd.%20CP%2015-IBP-2017%20NCLTon%2002.03.2017.pdf,N,N,NA,NA
CP No. 21/I & BP/NCLT/MB/MAH/2017,Mumbai Bench,Creditor,Financial Creditor,NA,Debenture holder,Unsecured,Neelkanth Township and Costruction Pvt. Ltd. ,Not Available,Not Available,Not Available,Not Available,28.02.2017,01.03.2017,Unclear,Dismissed,NA,Other,http://nclt.gov.in/Publication/Mumbai_Bench/2017/Others/Urban%20Infrastructure%20Trustee%20Ltd.%20CP%2021-I&BP-2017%20Order%20dated%20on%2001.03.2017%20Final.pdf,N,Y,(Link broken),(Link broken)
CP No. 10/I & BP/NCLT/MAH/2017,Mumbai Bench,Creditor,Operational Creditor,Vendor,NA,Unsecured,Unimark Remedies Ltd,Not Available,NA,NA,Not Available,24.02.2017,24.02.2017,Invoices for goods supplied,Admitted,Mr. Rajeev Mannadia,NA,http://nclt.gov.in/Publication/Mumbai_Bench/2017/Others/Unimarks%20Remedies%20Ltd.%20CP%2010-IBP-2017%20NCLT%20on%2024.02.2017.pdf,N,Y,Corporate Debtor,Allowed (settlement)
CP No. 23/I & BP/NCLT/MAH/2017,Mumbai Bench,Corporate Debtor,NA,NA,NA,Secured,Chhaparia Industries Pvt.Ltd.,03.02.2015,NA,NA,Not Available,24.02.2017,24.02.2017,Copy of registration of charge,Admitted,Mr. Vikram Bajaj,NA,http://nclt.gov.in/Publication/Mumbai_Bench/2017/Others/Chaparia%20Industries%20Pvt.%20Ltd.%20CP%2023-IBP-2017%20NCLT%20on%2024.02.2017.pdf,Y,N,NA,NA
CP No. 12/I & BP/NCLT/MAH/2017,Mumbai Bench,Creditor,Financial Creditor,NA,Bank,Unclear,Starlog Enterprises Limited,Not Available,NA,Not Available,Not Available,17.02.2017,17.02.2017,Proof from Credit Information Agency,Admitted,Mr. Sashank Narendra Desai,NA,http://nclt.gov.in/Publication/Mumbai_Bench/2017/Others/ICICI%20Bank%20Ltd..pdf,N,N,NA,Allowed
CP No. 16/I & BP/NCLT/MB/MAH/2017,Mumbai Bench,Creditor,Operational Creditor,Vendor,NA,Unsecured,Midas Touch Export Pvt. Ltd.,10.01.2017,10.01.2017,Not Available,Not Available,17.02.2017,17.02.2017,Invoice and bank statements,Admitted,Mr. Romesh Chander Sawhney,NA,http://nclt.gov.in/Publication/Mumbai_Bench/2017/Others/Midas%20Touch%20Export%20Pvt.%20Ltd..pdf,N,N,NA,NA
CP No. 06/I & BP/NCLT/MAH/2017,Mumbai Bench,Creditor,Operational Creditor,Not Available,NA,Not Available,National Steel and Agro Industries Ltd.,Not Available,Not Available,Not Available,Not Available,30.01.2017,30.01.2017,Not Available,Dismissed,NA,Defective Petition,http://nclt.gov.in/Publication/Mumbai_Bench/2017/Others/National%20Steel%20and%20Agro%20Industries%20Ltd..pdf,N,Y,(Link broken),(Link broken)
CP No. 05/I & BP/NCLT/MAH/2017,Mumbai Bench,Creditor,Operational Creditor,Not Available,NA,Not Available,Swiber Offshore (India) Pvt. Ltd.,Not Available,Not Available,Not Available,Not Available,30.01.2017,30.01.2017,Not Available,Dismissed,NA,Defective Petition,http://nclt.gov.in/Publication/Mumbai_Bench/2017/Others/Swiber%20Offshore%20(India)%20Pvt.%20Ltd..pdf,N,Y,Creditor,Rejected (Withdrawn)
CP No. 02/I & BP/NCLT/MAH/2017,Mumbai Bench,Creditor,Operational Creditor,Vendor,NA,Unsecured,Kirusa Software Pvt. Ltd.,Not Available,Not Available,Not Available,Not Available,27.01.2017,27.01.2017,Invoices,Dismissed,NA,Existing dispute,http://nclt.gov.in/Publication/Mumbai_Bench/2017/Others/Kirusa%20Software%20Pvt.%20Ltd..pdf,N,Y,Creditor,Allowed
CP No. 01/I & BP/NCLT/MAH/2016,Mumbai Bench,Creditor,Financial Creditor,NA,Bank,Not Available,Innoventive Industries Ltd.,Not Available,Not Available,Not Available,Not Available,23.01.2017,23.01.2017,Not Available,Dismissed,NA,Other,http://nclt.gov.in/Publication/Mumbai_Bench/2017/Others/Innoventive%20Industries%20Ltd_1..pdf,N,Y,Corporate Debtor,Rejected
CP No. 03/I & BP/NCLT/MAH/2017,Mumbai Bench,Creditor,Financial Creditor,NA,NBFC,Secured,Bhupen Electronic Limited,Not Available,Not Available,Not Available,Not Available,19.01.2017,19.01.2017,Documents relating to assignment of debt which was already in default before the said assignment,Admitted,Mr. Manish Gupta,NA,http://nclt.gov.in/Publication/Mumbai_Bench/2017/Others/VIP%20Finvest%20Consultancy%20Pvt.%20Ltd..pdf,N,N,NA,NA
CP No. 01/I & BP/NCLT/MAH/2017,Mumbai Bench,Corporate Debtor,NA,NA,NA,Secured,U.B. Engineering Ltd.,Not Available,NA,NA,Not Available,18.01.2017,18.01.2017,Not Available,Admitted,Mr. Adesh Kumar Mehta,NA,http://nclt.gov.in/Publication/Mumbai_Bench/2017/Others/U.B.%20Engineering%20Ltd..pdf,N,N,NA,NA
CP No. 01/I & BP/NCLT/MAH/2015,Mumbai Bench,Creditor,Financial Creditor,NA,Bank,Not Available,Innoventive Industries Ltd.,30.11.2016,NA,NA,Not Available,16.01.2017,17.01.2017,Unclear,Admitted,Mr. Dhinal Shah,NA,http://nclt.gov.in/Publication/Mumbai_Bench/2017/Others/Innoventive%20Industries%20Ltd..pdf,N,Y,Corporate Debtor, Rejected
C.P-184/2017,Kolkata Bench,Not Available,Not Available,NA,NA,NA,Mayapur Vastu Private Limited,Not Available,Not Available,Not Available,Not Available,Not Available,17.04.2017,Not Available,Dismissed,NA,Settlement,http://nclt.gov.in/Publication/Kolkata_Bench/2017/Others/Mayapur%20Vastu%20Developments%20Pvt.%20Ltd..pdf,N,N,NA,NA
C.P. No 73/2017,Kolkata Bench,Creditor,Operational Creditor,Employee,NA,Unsecured,Rei Agro Limited,31.08.2016,25.01.2017,Not Available,Not Available,Not Available,27.02.2017,Invoices,Admitted,Mr.Anil Agarwal,NA,http://nclt.gov.in/interim_orders/kolkata_II/27.02.2017/Rei%20Agro%20Limited..pdf,Y,Y,Third Party,Rejected
C.P. No 16/2017,Kolkata Bench,Creditor,Financial Creditor,NA,NBFC,Not Available,Shree Metalinks,Not Available,Not Available,Not Available,Not Available,Not Available,24.02.2017,Not Available,Admitted,S.M. Gupta,NA,http://nclt.gov.in/Publication/Kolkata_Bench/2017/Others/Shree%20Metalinks%20Ltd.%20&%20Ors..pdf,N,Y,Corporate Debtor,Allowed
C.P. No 83/2017,Kolkata Bench,Corporate Debtor,NA,NA,NA,Not Available,Hindustan Motors Ltd,Not Available,NA,NA,Not Available,Not Available,24.02.2017,Not Available,Dismissed,NA,Other,http://nclt.gov.in/Publication/Kolkata_Bench/2017/Others/Hindustan%20Motors%20Ltd..pdf,Y,N,,NA
CA/1/IB/2017,Chennai Bench,Creditor,Operational Creditor,Vendor,NA,Secured,Vasan Healthcare Pvt. Limited,07.12.2015,Not Available,06.01.2017,Not Available,10.04.2017,21.04.2017,Not Available,Admitted,V Mahesh,NA,http://nclt.gov.in/Publication/Chennai_Bench/2017/Others/vasan%20health%20care%20(2).pdf,N, Y,Corporate Debtor,Rejected (Withdrawn)
13/9/NCLT/AHM/2017,Ahmedabad Bench,Creditor,Operational Creditor,Not Available,NA,Not Available,Express Equipment Rental and Logistic Pvt Ltd,NA,NA,NA,NA,NA,11.05.2017,NA,Dismissed,NA,Settlement,http://nclt.gov.in/Publication/Ahmedabad_Bench/2017/Others/ExpressEquipment.pdf,N,N,NA,NA
11/7/NCLT/AHM/2017,Ahmedabad Bench,Creditor,Financial Creditor,NA,Not Available,Not Available,Anil Ltd.,NA,NA,NA,NA,NA,09.05.2017,NA,Dismissed,NA,Settlement,http://nclt.c2k.in/OtherNCLT/Publication/Ahmedabad_Bench/2017/Others/18.pdf,N,N,NA,NA
12/9/NCLT/AHM/2017,Ahmedabad Bench,Creditor,Operational Creditor,Not Available,NA,NA,DCW Ltd.,Not Available,NA,NA,NA,NA,08.05.2017,NA,Dismissed,NA,Settlement,http://nclt.gov.in/Publication/Ahmedabad_Bench/2017/Others/Final%20Thyssenkrupp%20Industries%20Solution%20(India)%20Pvt.%20Ltd.%20v.%20DCW%20Ltd..pdf,N,N,NA,NA
10/9/NCLT/AHM/2017,Ahmedabad Bench,Creditor,Operational Creditor,Vendor,NA,Unsecured,STI India Ltd.,Not Available,19.04.2017,Not Available,24.04.2017,28.04.2017,05.05.2017,Invoice,Dismissed,NA,Other,http://nclt.gov.in/Publication/Ahmedabad_Bench/2017/Others/Final%20Order%20Gujarat%20State%20Cooperative%20Cotton%20Federation%20Ltd.%20Vs.%20STI%20India%20Ltd.(IB).pdf,Y,N,NA,NA
5/7/NCLT/AHM/2017,Ahmedabad Bench,Creditor,Financial Creditor,NA,NBFC,Unsecured,Steel Konnect (India) Pvt. Ltd.,NA,NA,NA,Not Available,Not Available,19.04.2017,Master Facility Agreement - Personal Guarantee - Sanction Letter - Hypothecation Deed,Admitted,Mr. Ritu Rastogi,NA,http://nclt.gov.in/Publication/Ahmedabad_Bench/2017/Others/FINAL%20Hero%20Fincorp%20Ltd.%20v.%20Steel%20Konnect%20(India)%20Pvt.%20Ltd..pdf,Yes,Y,Creditor,Rejected
6/9/NCLT/AHM/2017,Ahmedabad Bench,Creditor,Operational Creditor,Not Available,NA,NA,Alok Industries Ltd.,Not Available,Not Available,Not Available,Not Available,Not Available,17.04.2017,Not Available,Dismissed,NA,Settlement,http://nclt.gov.in/Publication/Ahmedabad_Bench/2017/Others/Arun%20Structurals%20And%20Engineers%20Pvt.%20Ltd.%20v.%20Alok%20Industries%20Ltd..pdf,N,N,NA,NA
4/10/NCLT/AHM/2017,Ahmedabad Bench,Corporate Debtor,NA,NA,NA,Partially secured,Gujarat Oleo Chem Ltd.,Not Available,NA,NA,02.02.2017,05.04.2017,13.04.2017,NA,Admitted,Shri Rakesh Chaturvedi,NA,http://nclt.gov.in/Publication/Ahmedabad_Bench/2017/Others/Final%20CP%20(IB)%204%20of%202017%20Gujarat%20oleo%20Chem%20Ltd%20v.%20IDBI%20Bank%20Ltd%20&%20Ors.pdf,Y,N,NA,NA
3/9/NCLT/AHM/2017,Ahmedabad Bench,Creditor,Operational Creditor,Vendor,NA,Unsecured,Stratus Foods Pvt. Ltd.,Not Available,20.02.2017,21.02.2017,15.03.2017,03.04.2017,10.04.2017,Retail Invoices,Admitted,Not appointed,NA,http://nclt.gov.in/Publication/Ahmedabad_Bench/2017/Others/FINAL%20Umiya%20Trading%20v.%20Stratus%20Foods%20Pvt.%20Ltd..pdf,N,N,NA,NA
01/NCLT/AHM/2017,Ahmedabad Bench,Creditor,Operational Creditor,Vendor,NA,Unsecured,Pooja Tex-Prints Pvt. Ltd.,Not Available,05.01.2017,09.01.2017,15.03.2017,28.03.2017,29.03.2017,Not Available,Admitted,Not appointed,NA,http://nclt.gov.in/Publication/Ahmedabad_Bench/2017/Others/Gurinandan%20Fashion%20Pvt.%20Ltd.%20v.%20Pooja%20Tex-Prints%20Pvt.%20Ltd..pdf,N,N,NA,NA
CP(IB)/19/7/HDB/2017,Hyderabad Bench,Creditor,Financial Creditor,NA,Individual ,Unsecured,Geometrix Laser Solutions Private Limited,Not Available,NA,NA,Not Available,22.02.2017,13.03.2017,Financial statements of debtor company,Dismissed,NA,Other,http://nclt.gov.in/Publication/Hyderabad_Bench/2017/Others/1geometrix%20laser%20solutions.pdf,N,N,NA,NA
CP(IB)/9/9/HDB/2017,Hyderabad Bench,Creditor,Operational Creditor,Employee,NA,Unsecured,Lanco Infratech Ltd.,Not Available,02.01.2017,Not Available,Not Available,Not Available,21.02.2017,Financial statements of petitioner,Dismissed,NA,Existing dispute,http://nclt.gov.in/Publication/Hyderabad_Bench/2017/Others/Lanco%20Infratech%20Ltd..pdf,N,Y,Creditor,Rejected
CP(IB)/16/07/HDB/2017,Hyderabad Bench,Creditor,Financial Creditor,NA,Bank,Not Available,Kamineni Steel and Power India Private Limited,Not Available,Not Available,Not Available,Not Available,Not Available,20.02.2017,Not Available,Dismissed,NA,Other,http://nclt.gov.in/Publication/Hyderabad_Bench/2017/Others/Kamineni%20Steel%20and%20Power%20India%20Private%20Limited..pdf,N,N,NA,NA
CP(IB)/10/ALD/2017,Allahabad Bench,Creditor,Operational Creditor,Not Available,NA,Unsecured,Juggilal Kamlpat Jute Mills Company Limited,Not Available,Not Available,Not Available,Not Available,Not Available,03.05.2017,Not Available,Dismissed,NA,Other,http://nclt.gov.in/Publication/Allahabad_Bench/2017/Others/final%20order%20cp%20no%20(IB)10%20ALD%202017%20DATED%20IN%203.5.2017.pdf,N,Y,Corporate Debtor,Allowed
CP(IB)/36/ALD/2017,Allahabad Bench,Creditor,Operational Creditor,Employee,NA,Unsecured,Juggilal Kamlpat Jute Mills Company Limited,Not Available,14.03.2017,Not Available,28.03.2017,Not Available,28.04.2017,Not Available,Dismissed,NA,Existing dispute,http://nclt.gov.in/Publication/Allahabad_Bench/2017/Others/Juggilaln12.pdf,N,N,NA,NA
CP(IB)/23/ALD/2017,Allahabad Bench,Corporate Debtor,NA,NA,NA,Secured,Raman Ispat Private Limited,Not Available,NA,NA,Not Available,Not Available,11.04.2017,NA,Admitted,Mr.Praveen Bansal,NA,http://nclt.gov.in/Publication/Allahabad_Bench/2017/Others/Raman%20ISPAT%20Pvt.Ltd..pdf,Y,N,NA,NA
CP(IB)/25/ALD/2017,Allahabad Bench,Corporate Debtor,NA,NA,NA,Not Available,JODPL Private Limited,Not Available,NA,NA,Not Available,Not Available,17.03.2017,NA,Admitted,Mr.Dinkar T Subramanium,NA,http://nclt.gov.in/Publication/Allahabad_Bench/2017/Others/JODPL%20Private%20Limited.pdf,N,N,NA,NA
CP(IB)/24/ALD/2017,Allahabad Bench,Corporate Debtor,NA,NA,NA,Secured,JEKPL Private Limited,Not Available,NA,NA,Not Available,Not Available,17.03.2017,NA,Admitted,Mr.Dinkar T Subramanium,NA,http://nclt.gov.in/Publication/Allahabad_Bench/2017/Others/JEKPL%20Private%20Limited.pdf,N,Y,Corporate Debtor,Unclear
CP(IB) No 1/BB/17,Bengaluru Bench,Creditor,Operational Creditor,Vendor,NA,Unsecured,Falcon Tyres Limited,Not Available,24.01.2017,Not Available,10.03.2017,Not Available,28.04.2017,Bank Statement,Admitted,Anand Ramchandra Bhat,NA,http://nclt.gov.in/Publication/Bengaluru_Bench/2017/Others/Belthangady%20Taluk%20Rubber%20Grower's%20Marketing%20&%20Processing%20Co%20operative%20Society%20Ltd%201%202017%20FO.pdf,N,N,NA,NA
CP(IB) No 13/BB/17,Bengaluru Bench,Corporate Debtor,NA,NA,NA,Not Available,24*7 Learning Private Limited,Not Available,NA,NA,Not Available,Not Available,28.04.2017,Audited financial statements,Admitted,Ramesh Kumar Bhat,NA,http://nclt.gov.in/Publication/Bengaluru_Bench/2017/Others/24X7%20Learning%20Pvt%20Ltd%2013%2017%20FO.pdf,N,N,NA,NA
CP(IB) No 17/2017,Bengaluru Bench,Creditor,Operational Creditor,Vendor,NA,Not Available,Avni Energy Solutions Private Limited,Not Available,Not Available,Not Available,Not Available,Not Available,17.04.2017,Not Available,Dismissed,NA,Other,http://nclt.gov.in/Publication/Bengaluru_Bench/2017/Others/Fortune%20Plastech%20IB%2017%2017%20FO.pdf,N,N,NA,NA
CP(IB) No 6/BB/17,Bengaluru Bench,Creditor,Operational Creditor,Vendor,NA,Unsecured,Jackonblock Facility Services Private Limited,Not Available,01.03.2017,Not Available,Not Available,Not Available,17.04.2017,Bank statements,Admitted,Mr.Thirupal Gorige,NA,http://nclt.gov.in/Publication/Bengaluru_Bench/2017/Others/170418Subodha%20Entertainments%20Co%20IB6%2017%20FO.pdf,N,N,NA,NA
CP(IB) No. 16/Chd/PB/2017 ,Chandigarh Bench,Corporate Debtor,NA,NA,NA,Secured,Dunn Foods Private Limited,Not Available,NA,NA,Not Available,25.04.2017,02.05.2017,NA,Admitted,Mr. Krishnan Vind Jain,NA,http://nclt.gov.in/Publication/Chandigarh_Bench/2017/Others/13.pdf,N,N,NA,NA
CP(IB) No. 15/Chd/CHD/2017 ,Chandigarh Bench,Creditor,Financial Creditor,NA,Bank,Secured,James Hotels Ltd.,Not Available,NA,NA,Not Available,07.04.2017,27.04.2017,Sanction Letter ,Admitted,Not appointed,NA,http://nclt.gov.in/Publication/Chandigarh_Bench/2017/Others/6.pdf,N,Y,Corporate Debtor, Rejected (withdrawn)
CP(IB) No. 9/Chd/PB/2017 ,Chandigarh Bench,Creditor,Operational Creditor,Not Available,NA,Unsecured,Panacea Biotech Limited,Not Available,Not Available,Not Available,Not Available,03.04.2017,18.04.2017,Account statement,Dismissed,NA,Other,http://nclt.gov.in/Publication/Chandigarh_Bench/2017/Others/Panacea%20Biotech%2018.04.17.pdf,N,N,NA,NA
CP(IB) No. 10/Chd/Hry/2017 ,Chandigarh Bench,Corporate Debtor,NA,NA,NA,Secured,SRS Modern Sales Limited,Not Available,NA,NA,Not Available,Not Available,17.04.2017,NA,Admitted,Sameer Rastogi,NA,http://nclt.gov.in/Publication/Chandigarh_Bench/2017/Others/1718SRS%20Modern%20Sales%20Limited%2017.04.2017.pdf,N,N,NA,NA
CP(IB) No. 8/Chd/CHD/2017 ,Chandigarh Bench,Corporate Debtor,NA,NA,NA,Secured,Super MultiColor Printers Private Limited,Not Available,NA,NA,Not Available,Not Available,07.04.2017,NA,Admitted,Prakash Dev Sharma,NA,http://nclt.gov.in/Publication/Chandigarh_Bench/2017/Others/Super%20Multicolour%2007.%2004.2017.pdf,Y,N,NA,NA
CP(IB) No. 13/Chd/Hry/2017   CP(IB) No. 14/Chd/Hry/2017  ,Chandigarh Bench,Creditor,Operational Creditor,Vendor,NA,Unsecured,Meyer Apparel Limited,Not Available,15.02.2017,Not Available,Not Available,Not Available,07.04.2017,"Invoices, purchase orders",Admitted,Arun Jain,NA,http://nclt.gov.in/Publication/Chandigarh_Bench/2017/Others/Surbhi%20Body%20Products.7.4.17.pdf,N,Y,Corporate Debtor,Allowed
CP(IB) No. 9/Chd/CHD/2017 ,Chandigarh Bench,Corporate Debtor,NA,NA,NA,Secured,Sky Blue Papers Private Limited,Not Available,NA,NA,Not Available,30.03.2017,07.04.2017,Books of accounts,Admitted,Jalesh Kumar Grover,NA,http://nclt.gov.in/Publication/Chandigarh_Bench/2017/Others/Sky%20Blue%20Papers%20cp%20ib%209%2007.04.2017.pdf,N,N,NA,NA
CP(IB) No. 7/Chd/HR/2017 ,Chandigarh Bench,Corporate Debtor,NA,NA,NA,Secured,Recorders and Medicare System Private Limited,Not Available,NA,NA,Not Available,15.03.2017,16.03.2017,NA,Admitted,Purushottam Ram Singhania,NA,http://nclt.gov.in/Publication/Chandigarh_Bench/2017/Others/Recorders%20and%20medicare%20systems%2016%20March%2017.pdf,Y,N,NA,NA
CP(IB) No. 1(Chd)/2017 ,Chandigarh Bench,Corporate Debtor,NA,NA,NA,Secured,Hind Motors Limited,Not Available,NA,NA,Not Available,03.02.2017,14.02.2017,NA,Admitted,Manik Goyal,NA,http://nclt.gov.in/Publication/Chandigarh_Bench/2017/Others/Hind%20Motors%20Ltd..pdf,N,Y,Corporate Debtor,Allowed
CP(IB) No. 19/Chd/Hry/2017 ,Chandigarh Bench,Creditor,Financial Creditor,NA,Corporate Lender,Secured,Y.K. Developers Private Limited,09.06.2016,NA,NA,Not Available,01.05.2017,09.05.2017,Documents evidencing the creation of security,Dismissed,NA,Other,http://nclt.gov.in/Publication/Chandigarh_Bench/2017/Others/YKdeveloper.pdf,N,N,NA,NA
CP(IB) No. 11/PB/2017 ,Chandigarh Bench,Creditor,Operational Creditor,Vendor,NA,Unsecured,Isolux Corsan India Engineering,Not Available,03.01.2017,Not Available,Not Available,25.04.2017,08.05.2017,Unclear,Dismissed,NA,Other,http://nclt.gov.in/Publication/Chandigarh_Bench/2017/Others/Isolux3.pdf,N,Y,Creditor,Rejected
CP No. (IB)-49(PB)/2017,New Delhi(Principal Bench),Creditor,Operational Creditor,Vendor,NA,Unsecured,JDS Apparels Private Limited,01.05.2016,09.02.2017,Not Available,Not Available,Not Available,18.05.2017,Mall Maintenance Agreement,Admitted,Mr.Jagdish Kumar Aggarwal,NA,http://nclt.gov.in/Publication/Principal_Bench/2017/Others/13.pdf,N,N,NA,NA
CP No. (IB)-64(PB)/2017,New Delhi(Principal Bench),Creditor,Operational Creditor,Others,NA,Unsecured,Shilpi Cable Technologies Limited,28.03.2016,08.03.2017,Not Available,Not Available,Not Available,24.05.2017,Invoices,Admitted,Delegated to IBBI,NA,http://nclt.gov.in/Publication/Principal_Bench/2017/Others/12.pdf,N,N,NA,NA
CP No. (IB)-65(PB)/2017,New Delhi (Principal Bench),Creditor,Operational Creditor,Not Available,NA,Not Available,Shilpi Cable Technologies Limited,Not Available,Not Available,Not Available,Not Available,Not Available,24.05.2017,Not Available,Dismissed,NA,Other,http://nclt.gov.in/Publication/Principal_Bench/2017/Others/11.pdf,N,N,NA,NA
CP No. (IB)-90(ND)/2017,New Delhi(Principal Bench),Creditor,Operational Creditor,Vendor,NA,Unsecured,Amrapali Media Vision Private Limited,Not Available,16.03.2017,Not Available,Not Available,Not Available,30.05.2017,Invoices and delivery receipts,Admitted,Mayank Goel,NA,http://nclt.gov.in/Publication/Principal_Bench/2017/Others/16.pdf,N,N,NA,NA
CP No. (IB)-105(PB)/2017,New Delhi(Principal Bench),Creditor,Operational Creditor,Others,NA,Unsecured,Bhasin Infotech and Infrastructure Private Limited,01.10.2016,Not Available,Not Available,Not Available,Not Available,31.05.2017,Unclear,Dismissed,NA,Other,http://nclt.gov.in/Publication/Principal_Bench/2017/Others/18.pdf,N,N,NA,NA
CP No. (IB)-103(PB)/2017,New Delhi(Principal Bench),Creditor,Operational Creditor,Vendor,NA,Unsecured,Mahan Proteins Limited ,Not Available,13.04.2017,Not Available,Not Available,Not Available,21.06.2017,Invoices and delivery receipts,Admitted,Delegated to IBBI,NA,http://nclt.gov.in/Publication/Principal_Bench/2017/Others/35.pdf,N,N,NA,NA
CP No. (IB)-84(PB)/2017,New Delhi(Principal Bench),Creditor,Financial Creditor,NA,NBFC,Unsecured,Mayfair Capital Private Limited,24.04.2016,NA,Not Available,Not Available,Not Available,27.06.2017,Bank statements,Admitted,Mr. Sanjay Kumar Agarwal ,NA,http://nclt.gov.in/Publication/Principal_Bench/2017/Others/34.pdf,N,N,NA,NA
CP No. (IB)-53(PB)/2017,New Delhi(Principal Bench),Creditor,Operational Creditor,Employee,NA,Unsecured,Technopak Advisers Private Limited,Not Available,Not Available,Not Available,Not Available,Not Available,27.06.2017,Unclear,Dismissed,NA,Other,http://nclt.gov.in/Publication/Principal_Bench/2017/Others/32.pdf,N,Y,Creditor,Rejected
CP No. (IB)-102(PB)/2017,New Delhi(Principal Bench),Creditor,Financial Creditor,NA,Bank,Secured,Edu Smart Service Private Limited,21.07.2015,NA,NA,Not Available,Not Available,27.06.2017,Bankers' Book,Admitted,Ritu Rastogi,NA,http://nclt.gov.in/Publication/Principal_Bench/2017/Others/31.pdf,N,N,NA,NA
CP No. (IB)-80(PB)/2017,New Delhi(Principal Bench),Creditor,Financial Creditor,NA,Not Available,Secured,Brys International Private Limited,30.04.2015,NA,NA,28.04.2017,Not Available,27.06.2017,MOU for loan,Dismissed,NA,Other,http://nclt.gov.in/Publication/Principal_Bench/2017/Others/30.pdf,N,Y,Creditor,Allowed
CP No. (IB)-60(PB)/2017,New Delhi(Principal Bench),Creditor,Operational Creditor,Vendor,NA,Unsecured,Mothers Pride Dairy India Private Limited,Not Available,20.03.2017,Not Available,Not Available,Not Available,27.06.2017,Invoices,Admitted,Delegated to IBBI,NA,http://nclt.gov.in/Publication/Principal_Bench/2017/Others/39.pdf,N,Y,Corporate Debtor,Rejected
CP No. 1251/2016,New Delhi(Principal Bench),Creditor,Financial Creditor,NA,Shareholder,Unsecured,S3 Electricals and Electronics Private Limited,17.09.2014,NA,NA,Not Available,Not Available,28.06.2017,Unclear,Admitted,Mr.Navneet Kumar Jain,NA,http://nclt.gov.in/Publication/Principal_Bench/2017/Others/45.pdf,N,Y,Creditor,Allowed
CP No. (IB)-40(PB)/2017,New Delhi(Principal Bench),Corporate Debtor,NA,NA,NA,Secured,Vedika Nut Craft Private Limited,Not Available,NA,NA,Not Available,Not Available,30.06.2017,Unclear,Admitted,Mr.Hemant Sinha,NA,http://nclt.gov.in/Publication/Principal_Bench/2017/Others/42.pdf,N,N,NA,NA
CP No. (IB)-156(PB)/2017,New Delhi(Principal Bench),Creditor,Financial Creditor,NA,Assignee of debt,Secured,Ved Cellulose Limited,Not Available,NA,NA,Not Available,Not Available,30.06.2017,Loan agreement,Admitted,Rakesh Wadhwa,NA,http://nclt.gov.in/Publication/Principal_Bench/2017/Others/43.pdf,N,Y,Corporate Debtor,Rejected (withdrawn)
CP No. (IB)-104(PB)/2017,New Delhi(Principal Bench),Creditor,Financial Creditor,NA,Bank,Secured,Tirupati Infraprojects Private Limited,30.06.2014,NA,NA,Not Available,Not Available,03.07.2017,Sanction Letter ,Admitted,Anil Kohli,NA,http://nclt.gov.in/Publication/Principal_Bench/2017/Others/46.pdf,N,Y,Corporate Debtor,Rejected
(IB)-58(PB)/2017,New Delhi(Special Bench),Creditor,Operational Creditor,Vendor,NA,Unsecured,Amarpali Biotech India Private Limited,13.02.2017,13.02.2017,Not Available,Not Available,19.04.2017,04.07.2017,Agency Agreement,Dismissed,NA,Other,http://nclt.gov.in/Publication/Principal_Bench/2017/Others/54.pdf,N,N,NA,NA
CP No. (IB)-151(PB)/2017,New Delhi(Special Bench),Creditor,Operational Creditor,Vendor,NA,Unsecured,Intarvo Technologies Private Limited,08.06.2015,06.02.2017,07.02.2017,29.06.2017,Not Available,14.07.2017,Unclear,Dismissed,NA,Defective Petition,http://nclt.gov.in/Publication/Principal_Bench/2017/Others/63.pdf,N,N,NA,NA
CP No. (IB)-107(ND)/2017,New Delhi(Bench II),Creditor,Operational Creditor,Vendor,NA,Unsecured,Shipra Infra Project Private Limited,Not Available,Not Available,Not Available,Not Available,Not Available,01.06.2017,Invoices,Admitted,Mr. Abhishek Anand,NA,http://nclt.gov.in/Publication/New_Delhi_Bench/2017/Others/2.pdf,N,N,NA,NA
CP No. (IB)-106(ND)/2017,New Delhi(Bench II),Creditor,Operational Creditor,Vendor,NA,Unsecured,A J Casting Private Limited,Not Available,20.02.2017,Not Available,Not Available,Not Available,01.06.2017,Bank statements,Admitted,Delegated to IBBI,NA,http://nclt.gov.in/Publication/New_Delhi_Bench/2017/Others/3.pdf,N,N,NA,NA
CP No. (IB)-113(ND)/2017,New Delhi(Bench II),Creditor,Operational Creditor,Others,NA,Unsecured,Eternity Infracon Private Limited,Not Available,22.03.2017,29.06.2017,Not Available,06.07.2017,12.07.2017,Cheques,Dismissed,NA,Other,http://nclt.gov.in/Publication/New_Delhi_Bench/2017/Others/4.pdf,N,N,NA,NA
CP No. (IB)-166(ND)/2017,New Delhi(Bench II),Creditor,Operational Creditor,Not Available,NA,Not Available,Steren Associates Private Limited ,Not Available,Not Available,Not Available,Not Available,Not Available,12.07.2017,Not Available,Dismissed,NA,Settlement,http://nclt.gov.in/Publication/New_Delhi_Bench/2017/Others/8.pdf,N,N,NA,NA
CP No. (IB)-186(ND)/2017,New Delhi(Bench II),Creditor,Operational Creditor,Not Available,NA,Not Available,NKC Projects Private Limited,Not Available,Not Available,Not Available,Not Available,Not Available,13.07.2017,Not Available,Dismissed,NA,Settlement,http://nclt.gov.in/Publication/New_Delhi_Bench/2017/Others/10.pdf,N,N,NA,NA
CP No. (IB)-117(ND)/2017,New Delhi(Bench II),Creditor,Operational Creditor,Vendor,NA,Unsecured,Valeda Herbals Private Limited ,Not Available,13.02.2017,Not Available,Not Available,31.05.2017,14.07.2017,Not Available,Dismissed,NA,Existing dispute,http://nclt.gov.in/Publication/New_Delhi_Bench/2017/Others/5.pdf,N,N,NA,NA
CP No. (IB)-168(ND)/2017,New Delhi(Bench II),Creditor,Operational Creditor,Vendor,NA,Unsecured,Uniforce Energy Systems India Private Limited,Not Available,04.05.2017,Not Available,Not Available,Not Available,14.07.2017,Invoices,Admitted,Satinder Kapoor,NA,http://nclt.gov.in/Publication/New_Delhi_Bench/2017/Others/7.pdf,N,N,NA,NA
IB-17 (ND)/17,New Delhi (Bench III),Creditor,Operational Creditor,Not Available,NA,Not Available,Ferrous Infrastructure Private Limited,Not Available,Not Available,Not Available,Not Available,29.06.2017,03.07.2017,Not Available,Dismissed,NA,Other,http://nclt.gov.in/Publication/New_Delhi_Bench_III/2017/Others/68.pdf,N,Y,Creditor,Rejected
IB-163 (ND)/17,New Delhi (Bench III),Creditor,Operational Creditor,Not Available,NA,Not Available,Topline Buildtech (P) Limited,Not Available,Not Available,Not Available,Not Available,28.06.2017,30.06.2017,Not Available,Dismissed,NA,Other,http://nclt.gov.in/Publication/New_Delhi_Bench_III/2017/Others/49.pdf,N,N,NA,NA
IB-162 (ND)/17,New Delhi (Bench III),Creditor,Operational Creditor,Not Available,NA,Not Available,H L Tech Fabrics Limited,Not Available,Not Available,Not Available,Not Available,28.06.2017,29.06.2017,Not Available,Dismissed,NA,Other,http://nclt.gov.in/Publication/New_Delhi_Bench_III/2017/Others/46.pdf,N,N,NA,NA
IB-161 (ND)/17,New Delhi (Bench III),Creditor,Operational Creditor,Not Available,NA,Not Available,Amrapali Infrastructure Private Limited,Not Available,Not Available,Not Available,Not Available,28.06.2017,29.06.2017,Not Available,Dismissed,NA,Other,http://nclt.gov.in/Publication/New_Delhi_Bench_III/2017/Others/45.pdf,N,N,NA,NA
CP No. (IB)-104(PB)/2017,New Delhi(Principal Bench),Creditor,Operational Creditor,Vendor,NA,Unsecured,Dr Jain Video On Wheels Limited,11.07.2016,01.02.2017,02.02.2017,Not Available,11.04.2017,25.05.2017,Purchase Orders,Dismissed,NA,Defective Petition,http://nclt.gov.in/Publication/New_Delhi_Bench_III/2017/Others/42.pdf,N,N,NA,NA
(IB)-47 (ND)/2017,New Delhi(Special Bench),Creditor,Operational Creditor,Vendor,NA,Unsecured,Noida Software Technology Park Limited,08.07.2017,01.02.2017,03.02.2017,Not Available,11.04.2017,25.05.2017,Purchase Orders,Dismissed,NA,Defective Petition,http://nclt.gov.in/Publication/New_Delhi_Bench_III/2017/Others/41.pdf,N,N,NA,NA
C.A. No. (IB) 202(PB)/2017,New Delhi(Principal Bench),Creditor,Financial Creditor,NA,Bank,Not Available,Bhushan Power and Steel Limited,01.02.2016,NA,NA,Not Available,13.07.2017,26.07.2017,Unspecified,Admitted,Mahender Kumar Khandewal,NA,http://nclt.gov.in/Publication/Principal_Bench/2017/Others/68.pdf,N,N,NA,NA
C.A. No. (IB) 201(PB)/2017,New Delhi(Principal Bench),Creditor,Financial Creditor,NA,Bank,Not Available,Bhushan Steel Limited,Not Available,NA,NA,03.07.2017,13.07.2017,26.07.2017,"Sanction Letter, Bankers Letters and Working Capital Consortium ",Admitted,Vijay Kumar V Iyer,NA,http://nclt.gov.in/Publication/Principal_Bench/2017/Others/67.pdf,N,N,NA,NA
(IB)- 170(ND)/2017,New Delhi(Bench II),Creditor,Operational Creditor,Vendor,NA,Unsecured,Zap India Limited,Not Available,Not Available,Not Available,Not Available,Not Available,20.07.2017,Invoices,Admitted,Delegated to IBBI,NA,http://nclt.gov.in/Publication/New_Delhi_Bench/2017/Others/11.pdf,N,Y, Corporate Debtor,Allowed
(IB)- 198(ND)/2017,New Delhi(Bench II),Creditor,Operational Creditor,Not Available,NA,Unsecured,Lifeline Services Private Limited,Not Available,Not Available,Not Available,Not Available,Not Available,21.07.2017,Not Available,Dismissed,NA,Settlement,http://nclt.gov.in/Publication/New_Delhi_Bench/2017/Others/20.pdf,N,N,NA,NA
(IB)- 194(ND)/2017,New Delhi(Bench II),Creditor,Financial Creditor,NA,Bank,Not Available,Garg Inox Limited,Not Available,Not Available,Not Available,Not Available,Not Available,25.07.2017,Not Available,Admitted,Sanjay Gupta,NA,http://nclt.gov.in/Publication/New_Delhi_Bench/2017/Others/12.pdf,N,N,NA,NA
(IB)- 118(ND)/2017,New Delhi(Bench II),Creditor,Operational Creditor,Vendor,NA,Unsecured,Anu Elastics,Not Available,Not Available,Not Available,Not Available,Not Available,25.07.2017,Not Available,Admitted,Delegated to IBBI,NA,http://nclt.gov.in/Publication/New_Delhi_Bench/2017/Others/14.pdf,N,Y,Corporate Debtor,Allowed
(IB)- 192(ND)/2017,New Delhi(Bench II),Corporate Debtor,NA,NA,NA,Not Available,Tehri Iron Steels Casting Limited ,Not Available,NA,NA,29.06.2017,Not Available,27.07.2017,Provincial Financial Statements,Dismissed,NA,Defective Petition,http://nclt.gov.in/Publication/New_Delhi_Bench/2017/Others/15.pdf,N,N,NA,NA
(IB)- 204(ND)/2017,New Delhi(Bench II),Creditor,Operational Creditor,Vendor,NA,Unsecured,MM Cargo Container Line Private Limited,Not Available,30.06.2017,Not Available,Not Available,Not Available,27.07.2017,Invoices,Admitted,Delegated to IBBI,NA,http://nclt.gov.in/Publication/New_Delhi_Bench/2017/Others/16.pdf,N,N,NA,NA
(IB)- 212(ND)/2017,New Delhi(Bench II),Creditor,Operational Creditor,Vendor,NA,Unsecured,Jap Infratech Private Limited,Not Available,28.02.2017,Not Available,Not Available,Not Available,27.07.2017,Invoices ,Admitted,Delegated to IBBI,NA,http://nclt.gov.in/Publication/New_Delhi_Bench/2017/Others/19.pdf,N,Y,Corporate Debtor,Allowed
(IB)144(PB)/2017,New Delhi (Principal Bench),Creditor,Financial Creditor,NA,Bank,Secured,S. R. Foils and Tissue Ltd,31.12.2013,Not Available,Not Available,Not Available,02.06.2017,07.08.2017,"Bank Statement, certificate of registration of charge",Admitted,Mr. Anil Kohli,NA,http://nclt.gov.in/Publication/Principal_Bench/2017/Others/82.pdf,N,N,NA,NA
(IB)-120(PB)/2017,New Delhi (Special Bench),Creditor,Operational Creditor,Vendor,NA,Unsecured,International Coil Ltd.,Not Available,Not Available,Not Available,19.04.2017,31.05.2017,16.08.2017,"Invoice, letter of credit",Admitted,Not Available,NA,http://nclt.gov.in/Publication/Principal_Bench/2017/Others/105.pdf,N,N,NA,NA
CP No-1((IB)185(PB)/2017,New Delhi (Special Bench),Creditor,Financial Creditor,NA,Individual,Unsecured,Mariners Buildcon India Ltd.,25.02.2015,22.05.2017,25.05.2017,Not Available,4.07.2017,24.08.2017,Debtor acknowledgement correspondence,Admitted,Mr. Prabhjit  Singh Soni,NA,http://nclt.gov.in/Publication/Principal_Bench/2017/Others/114.pdf,N,N,NA,NA
CP No. 839/I&BP/NCLT/Mah/2017,Mumbai Bench,Corporate Debtor,NA,NA,NA,Unsecured,Shirdi Industries Limited,NA,NA,NA,Not Available,Not Available,18.05.2017,Books of accounts,Admitted,Mr.Devendra Padamchand Jain,NA,http://nclt.gov.in/Publication/Mumbai_Bench/2017/Others/174.pdf,Y,N,NA,NA
CP. No. 1032/I&BP/NCLT/MB/MAH/2017,Mumbai Bench,Corporate Debtor,NA,NA,NA,Not Available,Trinity Auto Components Ltd,Not Available,NA,NA,Not Available,Not Available,25.05.2017,Not Available,Admitted,Mr. Laxman Digambar Pawar,NA,http://nclt.gov.in/Publication/Mumbai_Bench/2017/Others/190.pdf,Y,N,NA,NA
CP. No. 1043/I&BP/NCLT/MB/MAH/2017,Mumbai Bench,Creditor,Financial Creditor,NA,NBFC,Not Available,Quantum Limited,31.03.2013,Not Available,Not Available,25.05.2017,29.05.2017,29.05.2017,Not Available,Admitted,Anil Goel,NA,http://nclt.gov.in/Publication/Mumbai_Bench/2017/Others/189.pdf,N,N,NA,NA
CP. No. 1042/I&BP/NCLT/MB/MAH/2017,Mumbai Bench,Corporate Debtor,NA,NA,NA,Not Available,P & S Jewellery Limited,Not Available,Not Available,Not Available,25.05.2017,29.05.2017,29.05.2017,BIFR Order,Admitted,Vipul K Choksi,NA,http://nclt.gov.in/Publication/Mumbai_Bench/2017/Others/191.pdf,Y,N,NA,NA
CP No. 1036/(MAH)/2017,Mumbai Bench,Creditor,Not Available,Not Available,Not Available,Not Available,Gupta Global Resources Pvt Ltd,Not Available,NA,NA,Not Available,Not Available,05.06.2017,Not Available,Dismissed,NA,Settlement,http://nclt.gov.in/Publication/Mumbai_Bench/2017/Others/207.pdf,N,N,NA,NA
CP. No. 292/I&BP/NCLT/MB/MAH/2017,Mumbai Bench,Creditor,Financial Creditor,NA,ARC,Secured,Bharati Defence and Infrastructure Ltd,Not Available,NA,NA,Not Available,Not Available,06.06.2017,"Declaration of trust, assignment agreement,",Admitted,Mr. Dhinlal Shah,NA,http://nclt.gov.in/Publication/Mumbai_Bench/2017/Others/196.pdf,N,Y,Corporate Debtor,Rejected
CP No. 722/(MAH)/2017,Mumbai Bench,Creditor,Not Available,Not Available,NA,Not Available,Gammon India Ltd.,Not Available,Not Available,Not Available,Not Available,Not Available,08.06.2017,Not Available,Dismissed,NA,Settlement,http://nclt.gov.in/Publication/Mumbai_Bench/2017/Others/239.pdf,N,Y,Creditor,Rejected
CP. No. 1069/I&BP/NCLT/MB/MAH/2017,Mumbai Bench,Creditor,Financial Creditor,NA,Corporate Lender,Unsecured,Zenith Computers Limited ,17.11.2016,NA,NA,Not Available,09.06.2017,12.06.2017,Not Available,Admitted,Chetan T Shah,NA,http://nclt.gov.in/Publication/Mumbai_Bench/2017/Others/208.pdf,N,N,NA,NA
CP. No. 1052/I&BP/NCLT/MB/MAH/2017,Mumbai Bench,Corporate Debtor,NA,NA,NA,Not Available,Futuristic Offshore Services and Chemical Limited,Not Available,NA,NA,Not Available,06.06.2017,12.06.2017,Loan documents,Admitted,Jayashree Shukla Dasgupta,NA,http://nclt.gov.in/Publication/Mumbai_Bench/2017/Others/206.pdf,N,N,NA,NA
CP No. 1060/(MAH)/2017,Mumbai Bench,Creditor,Not Available,Not Available,Not Available,Not Available,Larsen & Toubro Limited,Not Available,Not Available,Not Available,Not Available,Not Available,13.06.2017,Not Available,Dismissed,NA,Non-prosecution,http://nclt.gov.in/Publication/Mumbai_Bench/2017/Others/215.pdf,N,N,NA,NA
CP No. 1056/(MAH)/2017,Mumbai Bench,Creditor,Not Available,Not Available,Not Available,Not Available,Lavasa Corporation Limited,Not Available,Not Available,Not Available,Not Available,Not Available,13.06.2017,Not Available,Dismissed,NA,Settlement,http://nclt.gov.in/Publication/Mumbai_Bench/2017/Others/346.pdf,N,N,NA,NA
CP No. 254/(MAH)/2017,Mumbai Bench,Creditor,Not Available,Not Available,Not Available,Not Available,Beyond Logistics Pvt. Ltd.,Not Available,Not Available,Not Available,Not Available,Not Available,13.06.2017,Not Available,Dismissed,NA,Settlement,http://nclt.gov.in/Publication/Mumbai_Bench/2017/Others/324.pdf,N,N,NA,NA
CP No. 1022/(MAH)/2017,Mumbai Bench,Creditor,Not Available,Not Available,Not Available,Not Available,Neelkanth Realtors Pvt Ltd.,Not Available,Not Available,Not Available,Not Available,Not Available,13.06.2017,Not Available,Dismissed,NA,Non-prosecution,http://nclt.gov.in/Publication/Mumbai_Bench/2017/Others/744.pdf,N,N,NA,NA
CP. No. 1073/I&BP/NCLT/MB/MAH/2017,Mumbai Bench,Creditor,Financial Creditor,NA,Corporate Lender,Not Available,Mindtree Exports Private Limited,13.09.2016,NA,NA,Not Available,Not Available,13.06.2017,Bank statements,Admitted,Subhas Ramachandra Hedge,NA,http://nclt.gov.in/Publication/Mumbai_Bench/2017/Others/372.pdf,N,Y,Corporate Debtor,Allowed
CP. No. 508/I&BP/NCLT/MB/MAH/2017,Mumbai Bench,Creditor,Operational Creditor,Others,NA,Unsecured,Dishnet Wireless Limited,26.02.2017,13.01.2017,Not Available,Not Available,03.05.2017,14.06.2017,Lease deed,Dismissed,NA,Existing dispute,http://nclt.gov.in/Publication/Mumbai_Bench/2017/Others/216.pdf,N,Y,Creditor,Rejected
CP. No. 247/I&BP/NCLT/MB/MAH/2017,Mumbai Bench,Creditor,Financial Creditor,NA,Bank,Secured,Varun Resources Limited,Not Available,NA,NA,Not Available,27.04.2017,14.06.2017,"Sanction letter, amalgamation order",Admitted,Sanjeev Maheshwari,NA,http://nclt.gov.in/Publication/Mumbai_Bench/2017/Others/354.pdf,N,N,NA,NA
CP. No. 61/I&BP/NCLT/MB/MAH/2017,Mumbai Bench,Creditor,Financial Creditor,NA,Facility Agent for Debentures,Secured,Lokhandwala Kataria Constructions Private Limited,30.09.2016,NA,NA,Not Available,02.05.2017,15.06.2017,Mortgage documents,Admitted,Dushyant Dave,NA,http://nclt.gov.in/Publication/Mumbai_Bench/2017/Others/355.pdf,N,Y,Corporate Debtor,Rejected
CP. No. 1027/I&BP/NCLT/MB/MAH/2017,Mumbai Bench,Creditor,Financial Creditor,NA,Assignee of debt,Secured,Kohinoor CTNL Infrastructure Company Private Limited,31.12.2015,NA,NA,03.05.2017,15.06.2017,16.06.2017,Certificate from financial institute,Admitted,Sripatham Venkatasubhramanium Ramkumar,NA,http://nclt.gov.in/Publication/Mumbai_Bench/2017/Others/292.pdf,N,N,NA,NA
CP. No. 1053/I&BP/NCLT/MB/MAH/2017,Mumbai Bench,Corporate Debtor,NA,NA,NA,Not Available,Amar Remedies Limited,27.12.2012,NA,NA,29.05.2017,15.06.2017,16.06.2017,Sanction Letters,Admitted,Jayashree Shukla Dasgupta,NA,http://nclt.gov.in/Publication/Mumbai_Bench/2017/Others/291.pdf,Y,N,NA,NA
CP No. 1039/(MAH)/2017,Mumbai Bench,Creditor,Not Available,Not Available,Not Available,Not Available,Hindustan Construction Company Ltd.,Not Available,Not Available,Not Available,Not Available,Not Available,16.06.2017,Not Available,Dismissed,NA,Non-prosecution,http://nclt.gov.in/Publication/Mumbai_Bench/2017/Others/320.pdf,N,N,NA,NA
CP No. 1074/(MAH)/2017,Mumbai Bench,Creditor,Operational Creditor,Not Available,NA,Not Available,Jyoti Structures Limited,Not Available,Not Available,Not Available,Not Available,Not Available,16.06.2017,Not Available,Dismissed,NA,Settlement,http://nclt.gov.in/Publication/Mumbai_Bench/2017/Others/321.pdf,N,N,NA ,NA
CP No. 1082/(MAH)/2017,Mumbai Bench,Creditor,Operational Creditor,Not Available,NA,Not Available,Jyoti Structures Limited,Not Available,Not Available,Not Available,Not Available,Not Available,16.06.2017,Not Available,Dismissed,NA,Settlement,http://nclt.gov.in/Publication/Mumbai_Bench/2017/Others/343.pdf,N,N,NA,NA
CP No. 893/(MAH)/2017,Mumbai Bench,Creditor,Operational Creditor,Not Available,NA,Not Available,Pratibha Industries Ltd.,Not Available,Not Available,Not Available,Not Available,Not Available,16.06.2017,Not Available,Dismissed,NA,Settlement,http://nclt.gov.in/Publication/Mumbai_Bench/2017/Others/394.pdf,N,N,NA,NA
CP. No. 1075/I&BP/NCLT/MB/MAH/2017,Mumbai Bench,Creditor,Operational Creditor,Others,NA,Not Available,Millenium Motors Pvt. LTd.,Not Available,Not Available,Not Available,Not Available,Not Available,19.06.2017,Agreement,Dismissed,NA,Defective Petition,http://nclt.gov.in/Publication/Mumbai_Bench/2017/Others/335.pdf,N,N,NA,NA
CP. No. 1024/I&BP/NCLT/MB/MAH/2017,Mumbai Bench,Creditor,Financial Creditor,NA,Bank,Secured,Charbhuja Industries Private Limited,18.11.2015,NA,NA,Not Available,19.06.2017,19.06.2017,Security documents,Admitted,Rahul S Kavathekar,NA,http://nclt.gov.in/Publication/Mumbai_Bench/2017/Others/374.pdf,N,N,NA,NA
CP. No. 1105/I&BP/NCLT/MB/MAH/2017,Mumbai Bench,Creditor,Operational Creditor,Vendor,NA,Unsecured,Deep Water Services(India) Limited,09.06.2017,08.05.2017,Not Available,09.06.2017,09.06.2017,20.06.2017,Invoices,Admitted,Delegated to IBBI,NA,http://nclt.gov.in/Publication/Mumbai_Bench/2017/Others/368.pdf,N,N,NA,NA
CP. No. 1104/I&BP/NCLT/MB/MAH/2017,Mumbai Bench,Corporate Debtor,NA,NA,NA,Secured,Antrix Diamond Exports Private Limited,Not Available,NA,NA,13.06.2017,20.06.2017,20.06.2017,Not Available,Dismissed,NA,Other,http://nclt.gov.in/Publication/Mumbai_Bench/2017/Others/369.pdf,N,N,NA,NA
CP. No. 1058/I&BP/NCLT/MB/MAH/2017,Mumbai Bench,Corporate Debtor,NA,NA,NA,Secured,Unity Infraprojects Limited,30.12.2014,NA,NA,Not Available,20.06.2017,20.06.2017,Sanction Letters,Admitted,Arun Kapoor,NA,http://nclt.gov.in/Publication/Mumbai_Bench/2017/Others/344.pdf,N,N,NA,NA
CP. No. 594/I&BP/2017,Mumbai Bench,Creditor,Operational Creditor,Vendor,NA,Unsecured,Unison Engineering and Construction Private Limited,30.12.2015,Not Available,Not Available,Not Available,Not Available,20.06.2017,Charter Party Agreement,Admitted,Delegated to IBBI,NA,http://nclt.gov.in/Publication/Mumbai_Bench/2017/Others/702.pdf,N,Y,Corporate Debtor,Allowed
CP. No. 1045/I&BP/NCLT/MB/MAH/2017,Mumbai Bench,Corporate Debtor,NA,NA,NA,Not Available,Vandhana Udhyog Limited,Not Available,NA,NA,29.05.2017,16.06.2017,21.06.2017,Financial Statements,Admitted,Adesh Kumar Mehta,NA,http://nclt.gov.in/Publication/Mumbai_Bench/2017/Others/345.pdf,Y,N,NA,NA
CP. No. 1065/I&BP/NCLT/MB/MAH/2017,Mumbai Bench,Creditor,Operational Creditor,Vendor,NA,Unsecured,Kinetic Engineering Limited,26.03.2014,03.02.2017,Not Available,Not Available,21.06.2017,21.06.2017,Invoices,Dismissed,NA,Other,http://nclt.gov.in/Publication/Mumbai_Bench/2017/Others/373.pdf,N,N,NA,NA
CP. No. 849/I&BP/NCLT/MB/MAH/2017,Mumbai Bench,Creditor,Operational Creditor,Vendor,NA,Unsecured,Aarti Infra Projects Private Limited,02.11.2016,15.02.2017,18.02.2017,Not Available,15.06.2017,22.06.2017,Purchase Orders,Dismissed,NA,Other,http://nclt.gov.in/Publication/Mumbai_Bench/2017/Others/359.pdf,N,N,NA,NA
CP. No. 850/I&BP/NCLT/MB/MAH/2017,Mumbai Bench,Creditor,Operational Creditor,Vendor,NA,Unsecured,Aarti Infra Projects Private Limited,02.11.2016,15.02.2017,18.02.2017,Not Available,15.06.2017,22.06.2017,Not Available,Dismissed,NA,Defective Petition,http://nclt.gov.in/Publication/Mumbai_Bench/2017/Others/358.pdf,N,N,NA,NA
CP. No. 1103/I&BP/NCLT/MB/MAH/2017,Mumbai Bench,Corporate Debtor,NA,NA,NA,Secured,Leo Duct Engineers and Consultants Limited,Not Available,NA,NA,12.06.2017,Not Available,22.06.2017,Not Available,Dismissed,NA,Other,http://nclt.gov.in/Publication/Mumbai_Bench/2017/Others/370.pdf,N,Y,Corporate Debtor,Allowed
CP No. 1068/(MAH)/2017,Mumbai Bench,Creditor,Operational Creditor,Not Available,NA,Not Available,Supreme Infrastructure (I) Ltd.,Not Available,Not Available,Not Available,Not Available,Not Available,23.06.2017,Not Available,Dismissed,NA,Settlement,http://nclt.gov.in/Publication/Mumbai_Bench/2017/Others/507.pdf,N,Y,Creditor,Rejected
CP No. 1096/(MAH)/2017,Mumbai Bench,Creditor,Operational Creditor,Vendor,NA,Not Available,JK Surface Coating Pvt Ltd.,Not Available,Not Available,Not Available,Not Available,Not Available,23.06.2017,Not Available,Dismissed,NA,Settlement,http://nclt.gov.in/Publication/Mumbai_Bench/2017/Others/508.pdf,N,N,NA,NA
CP No. 1096/(MAH)/2017,Mumbai Bench,Creditor,Operational Creditor,Vendor,NA,Not Available,Process Construction & Technical Services Pvt. Ltd.,Not Available,Not Available,Not Available,Not Available,Not Available,23.06.2017,Not Available,Dismissed,NA,Settlement,http://nclt.gov.in/Publication/Mumbai_Bench/2017/Others/510.pdf,N,N,NA,NA
CP. No. 856/I&BP/NCLT/MB/MAH/2017,Mumbai Bench,Creditor,Financial Creditor,NA,Corporate Lender,Secured,Rasoya Proteins Limited,21.09.2015,NA,NA,Not Available,14.06.2017,27.06.2017,Facility agreement and security documents,Admitted,Rajendra Karanmal Bhuta,NA,http://nclt.gov.in/Publication/Mumbai_Bench/2017/Others/398.pdf,N,N,NA,NA
CP. No. 1067/I&BP/NCLT/MB/MAH/2017,Mumbai Bench,Creditor,Financial Creditor,NA,Bank,Secured,Prag Distillery (P) Limited,21.06.2016,NA,NA,Not Available,20.06.2017,27.06.2017,Facility agreement and security documents,Admitted,Dipti Mehta,NA,http://nclt.gov.in/Publication/Mumbai_Bench/2017/Others/434.pdf,N,N,NA,NA
CP. No. 1055/I&BP/NCLT/MB/MAH/2017,Mumbai Bench,Corporate Debtor,NA,NA,NA,Not Available,Roofit Industries Limited,Not Available,NA,NA,21.05.2017,27.06.2017,28.06.2017,Audited financial statements,Admitted,Jitendra Kumar Jain,NA,http://nclt.gov.in/Publication/Mumbai_Bench/2017/Others/435.pdf,Y,N,NA,NA
CP. No. 1076/I&BP/NCLT/MB/MAH/2017,Mumbai Bench,Creditor,Financial Creditor,NA,Bank,Not Available,Esskay Motors Private Limited,Not Available,NA,NA,Not Available,29.06.2017,29.06.2017,Loan agreement,Admitted,Rajeev Mannadiar,NA,http://nclt.gov.in/Publication/Mumbai_Bench/2017/Others/743.pdf,N,N,NA,NA
CP. No. 848/I&BP/NCLT/MB/MAH/2017,Mumbai Bench,Creditor,Operational Creditor,Not Available,NA,Not Available,J.J. Fabrics Pvt. Ltd.,Not Available,Not Available,Not Available,Not Available,Not Available,30.06.2017,Not Available,Dismissed,NA,Settlement,http://nclt.gov.in/Publication/Mumbai_Bench/2017/Others/520.pdf,N,N,NA,NA
CP No. 1094/(MAH)/2017,Mumbai Bench,Creditor,Not Available,Not Available,Not Available,Not Available,Topworth Urja & Metals Ltd.,Not Available,Not Available,Not Available,Not Available,Not Available,30.06.2017,Not Available,Dismissed,NA,Defective Petition,http://nclt.gov.in/Publication/Mumbai_Bench/2017/Others/543.pdf,N,N,NA,NA
CP No. 1109/(MAH)/2017,Mumbai Bench,Creditor,Not Available,Not Available,Not Available,Not Available,Topworth Pipes & Tubes Pvt. Ltd.,Not Available,Not Available,Not Available,Not Available,Not Available,30.06.2017,Not Available,Dismissed,NA,Defective Petition,http://nclt.gov.in/Publication/Mumbai_Bench/2017/Others/545.pdf,N,N,NA,NA
CP No. 1108/(MAH)/2017,Mumbai Bench,Creditor,Not Available,Not Available,Not Available,Not Available,Topworth Steel & Power Pvt. Ltd.,Not Available,Not Available,Not Available,Not Available,Not Available,30.06.2017,Not Available,Dismissed,NA,Defective Petition,http://nclt.gov.in/Publication/Mumbai_Bench/2017/Others/544.pdf,N,N,NA,NA
111/(MAH)/2017,Mumbai Bench,Creditor,Not Available,Not Available,Not Available,Not Available,Hover Automotive India Pvt. Ltd.,Not Available,Not Available,Not Available,Not Available,Not Available,30.06.2017,Not Available,Dismissed,NA,Withdrawn,http://nclt.gov.in/Publication/Mumbai_Bench/2017/Others/546.pdf,N,N,NA,NA
CP. No. 725/I&BP/2017,Mumbai Bench,Creditor,Financial Creditor,NA,Bank,Secured ,Varun Corporation Limited,Not Available,NA,NA,Not Available,Not Available,30.06.2017,Facility agreement and security documents,Admitted,Prakash Karunashankar Pandya,NA,http://nclt.gov.in/Publication/Mumbai_Bench/2017/Others/633.pdf,N,N,NA,NA
CP. No. 221/I&BP/NCLT/MB/MAH/2017,Mumbai Bench,Creditor,Operational Creditor,Vendor,NA,Unsecured,Baramati Agro Limited,Not Available,Not Available,Not Available,Not Available,30.06.2017,30.06.2017,Income tax notice,Dismissed,NA,Time barred,http://nclt.gov.in/Publication/Mumbai_Bench/2017/Others/634.pdf,N,Y,Creditor,Allowed
CP. No. 1059/I&BP/NCLT/MB/MAH/2017,Mumbai Bench,Corporate Debtor,NA,NA,NA,Partially secured,Schweitzer Systemtek India Private Limited,31.01.2013,NA,NA,05.06.2017,30.06.2017,03.07.2017,Not Available,Admitted,Not Available,NA,http://nclt.gov.in/Publication/Mumbai_Bench/2017/Others/524.pdf,N,Y,Corporate Debtor,Rejected
CP. No. 727/I&BP/NCLT/MB/MAH/2017,Mumbai Bench,Creditor,Financial Creditor,NA,Bank,Secured,Paramshakti Steels Limited,26.07.2016,NA,NA,Not Available,Not Available,03.07.2017,Sanction letter and security documents,Admitted,Rajendra K Bhuta,NA,http://nclt.gov.in/Publication/Mumbai_Bench/2017/Others/583.pdf,N,N,NA,NA
CP No. 1127/(MAH)/2017,Mumbai Bench,Creditor,Operational Creditor,Not Available,NA,Not Available,Ducon Technologies Pvt. Ltd.,Not Available,Not Available,Not Available,Not Available,27.04.2017,03.07.2017,Not Available,Dismissed,NA,Other,http://nclt.gov.in/Publication/Mumbai_Bench/2017/Others/1847.pdf,N,N,NA,NA
1137/I&BP/2017,Mumbai Bench,Creditor,Financial Creditor,NA,Bank,Secured,Jyoti Structures LTd.,20.06.2017,NA,NA,Not Available,Not Available,04.07.2017,Master Restructuring agreement,Admitted,Vandana Garg,NA,http://nclt.gov.in/Publication/Mumbai_Bench/2017/Others/587.pdf,N,N,NA,NA
1123/(MAH)/2017,Mumbai Bench,Creditor,Not Available,Not Available,Not Available,Not Available,Rashtiya Metal Ind. Ltd.,Not Available,Not Available,Not Available,20.06.2017,Not Available,04.07.2017,Not Available,Dismissed,NA,Other,http://nclt.gov.in/Publication/Mumbai_Bench/2017/Others/1851.pdf,N,N,NA,NA
1142/I&BP/NCLT/MB/MAH/2017,Mumbai Bench,Creditor,Operational Creditor,Vendor,NA,Not Available,DBM Geotechnics & Constructions Pvt. Ltd.,22.05.2016,29.12.2016,Not Available,Not Available,Not Available,05.07.2017,Invoices,Admitted,Alok Saksena,NA,http://nclt.gov.in/Publication/Mumbai_Bench/2017/Others/679.pdf,N,Y,Corporate Debtor,
1135/I&BP/NCLT/(MAH)/2017,Mumbai Bench,Corporate Debtor,NA,NA,NA,Secured,Mehadia Sales Trade Corporation Pvt Ltd.,Not Available,NA,NA,Not Available,Not Available,06.07.2017,Sanction letters from banks,Admitted,Charudatta Marathe,NA,http://nclt.gov.in/Publication/Mumbai_Bench/2017/Others/556.pdf,N,N,NA,NA
1112/I&BP /2017,Mumbai Bench,Creditor,Operational Creditor,Vendor,NA,Not Available,Omicron Sensing Pvt. Ltd.,Not Available,23.05.2017,26.05.2017,16.06.2017,Not Available,06.07.2017,Invoices,Admitted,Referred to IBBI,NA,http://nclt.gov.in/Publication/Mumbai_Bench/2017/Others/745.pdf,N,Y,Corporate Debtor,Allowed
1106/MAH/2017,Mumbai Bench,Not Available,Not Available,Not Available,Not Available,Not Available,Hindustan Construction Company Ltd.,Not Available,Not Available,Not Available,Not Available,Not Available,06.07.2017,Not Available,Dismissed,NA,Settlement,http://nclt.gov.in/Publication/Mumbai_Bench/2017/Others/1078.pdf,N,N,NA,NA
1097/MAH/2017,Mumbai Bench,Creditor,Not Available,Not Available,Not Available,Not Available,Indsur Global Ltd.,Not Available,Not Available,Not Available,Not Available,Not Available,06.07.2017,Not Available,Dismissed,NA,Settlement,http://nclt.gov.in/Publication/Mumbai_Bench/2017/Others/1811.pdf,N,N,NA,NA
CP. No. 37/I&BP/NCLT/MB/MAH/2017,Mumbai Bench,Creditor,Operational Creditor,Vendor,NA,Not Available,Tattva & Mittal Lifespaces Pvt. Ltd.,Not Available,14.01.2017,Not Available,09.03.2017,17.04.2017,11.07.2017,"Engagement letter, invoices",Dismissed,NA,Existing dispute,http://nclt.gov.in/Publication/Mumbai_Bench/2017/Others/1335.pdf,N,N,NA,NA
CP No. 1099/(MAH)/2017,Mumbai Bench,Creditor,Not Available,Not Available,Not Available,Not Available,Shree Sukhkarta Developers Pvt. Ltd.,Not Available,Not Available,Not Available,Not Available,Not Available,18.07.2017,Not Available,Dismissed,NA,Settlement,http://nclt.gov.in/Publication/Mumbai_Bench/2017/Others/1848.pdf,N,N,NA,NA
CP No. 898/(MAH)/2017,Mumbai Bench,Creditor,Not Available,Not Available,Not Available,Not Available,Shah Paper Mills Ltd.,Not Available,Not Available,Not Available,Not Available,Not Available,18.07.2017,Not Available,Dismissed,NA,Settlement,http://nclt.gov.in/Publication/Mumbai_Bench/2017/Others/2050.pdf,N,N,NA,NA
CP No. 1102/(MAH)/2017,Mumbai Bench,Creditor,Not Available,Not Available,Not Available,Not Available,Fablab Engineering India Pvt.  Ltd.,Not Available,Not Available,Not Available,Not Available,Not Available,18.07.2017,Not Available,Dismissed,NA,Settlement,http://nclt.gov.in/Publication/Mumbai_Bench/2017/Others/2157.pdf,N,N,NA,NA
CP (IB) No. 242/KB/2017,Kolkata Bench,Creditor,Operational Creditor,Not Available,NA,Not Available,Adhunik Metaliks Ltd.,Not Available,Not Available,Not Available,Not Available,Not Available,19.05.2017,Not Available,Dismissed,NA,Withdrawn,http://nclt.gov.in/Publication/Kolkata_Bench/2017/Others/8.pdf,N,N,NA,NA
CP(IB) No. 358/KB/2017,Kolkata Bench,Creditor,Operational Creditor,Not Available,NA,Not Available,Shivam Dhatu Udyog Pvt. Ltd.,Not Available,Not Available,Not Available,Not Available,Not Available,11.07.2017,Not Available,Dismissed,NA,Other,http://nclt.gov.in/Publication/Kolkata_Bench/2017/Others/43.pdf,N,N,NA,NA
CP/472/(IB)/CB/2017,Chennai Bench,Creditor,Financial Creditor,NA,Bank,Not Available,BKR Hotels and Resorts Pvt. Ltd.,Not Available,NA,NA,Not Available,Not Available,30.05.2017,SARFAESI proceedings,Admitted,Mr. R. Venkatakrishnan,NA,http://nclt.gov.in/Publication/Chennai_Bench/2017/Others/2.pdf,N,Y,Corporate Debtor,Rejected
CP/474/(IB)/CB/2017,Chennai Bench,Creditor,Operational Creditor,Not Available,NA,Not Available,Southern Polypet Pvt. Ltd.,Not Available,17.02.2017,Not Available,Not Available,Not Available,30.05.2017,Not Available,Admitted,Delegaed to IBBI,NA,http://nclt.gov.in/Publication/Chennai_Bench/2017/Others/8.pdf,N,N,NA,NA
CP/491/(IB)/CB/2017,Chennai Bench,Creditor,Financial Creditor,NA,Not Available,Not Available,Abhayam Trading Ltd,Not Available,01.04.2017,NA,Not Available,Not Available,31.05.2017,Not Available,Admitted,Mr. J. Rakesh Tulsidas Trivedi,NA,http://nclt.gov.in/Publication/Chennai_Bench/2017/Others/1.pdf,N,N,NA,NA
CP/506/(IB)/CB/2017,Chennai Bench,Creditor,Operational Creditor,Not Available,NA,Not Available,Bhash Software Labs Pvt Ltd,Not Available,27.02.2017,Not Available,Not Available,Not Available,01.06.2017,Not Available,Admitted,Mr. V. Mahesh,NA,http://nclt.gov.in/Publication/Chennai_Bench/2017/Others/3.pdf,N,Y,Corporate Debtor,Allowed
CP/504/(IB)/CB/2017,Chennai Bench,Creditor,Operational Creditor,Vendor,NA,Not Available,Bonton Softwares Pvt. Ltd.,Not Available,Not Available,Not Available,Not Available,Not Available,01.06.2017,Not Available,Admitted,Delegated to IBBI,NA,http://nclt.gov.in/Publication/Chennai_Bench/2017/Others/4.pdf,N,N,NA,NA
CP/507(IB)/CB/2017,Chennai Bench,Creditor,Operational Creditor,Not Available,NA,Not Available,Diamond Engineering (Chennai) Pvt Ltd,Not Available,Not Available,Not Available,Not Available,Not Available,06.06.2017,Not Available,Admitted,Mr. V. Mahesh,NA,http://nclt.gov.in/Publication/Chennai_Bench/2017/Others/6.pdf,N,Y,Corporate Debtor,Rejected
CP No. 515/2017,Chennai Bench,Creditor,Financial Creditor,NA,Bank,Secured,Summer India Textile Mills Pvt Ltd,Not Available,NA,NA,Not Available,Not Available,13.06.2017,Not Available,Admitted,Mr. Madhusudhanan,NA,http://nclt.gov.in/Publication/Chennai_Bench/2017/Others/10.pdf,N,N,NA,NA
"CP No. 478,479 and 480 of 2017",Chennai Bench,Creditor,Operational Creditor,Employee,NA,Not Available,Aruna Hotels Ltd,Not Available,24.03.2017,Not Available,Not Available,Not Available,13.06.2017,Not Available,Admitted,Mr. P. Sriram,NA,http://nclt.gov.in/Publication/Chennai_Bench/2017/Others/11.pdf,N,Y,Corporate Debtor,Allowed
CP/468(IB)/CB/2017,Chennai Bench,Corporate Debtor,NA,NA,NA,Not Available,Thirupur Surya Hitech Apparel Pvt Ltd,Not Available,NA,NA,Not Available,Not Available,14.06.2017,Not Available,Admitted,Mr. Mutharaju,NA,http://nclt.gov.in/Publication/Chennai_Bench/2017/Others/12.pdf,N,N,NA,NA
CP/467(IB)/CB/2017,Chennai Bench,Corporate Debtor,NA,NA,NA,Not Available,Thirupur Surya Textiles Pvt Ltd,Not Available,NA,NA,Not Available,Not Available,14.06.2017,Not Available,Admitted,Mr.Mutharaju,NA,http://nclt.gov.in/Publication/Chennai_Bench/2017/Others/13.pdf,N,N,NA,NA
CP/508(IB)/CB/2017,Chennai Bench,Corporate Debtor,NA,NA,NA,Not Available,Ennore Coke Ltd.,Not Available,NA,NA,Not Available,Not Available,20.06.2017,Not Available,Admitted,Anil Kumar Birla,NA,http://nclt.gov.in/Publication/Chennai_Bench/2017/Others/724.pdf,N,N,NA,NA
CP/505(IB)/CB/2017,Chennai Bench,Creditor,Financial Creditor,NA,Individual,Not Available,Orien Kuries and Loans Pvt Ltd,Not Available,22.04.2017,26.04.2017,Not Available,Not Available,10.07.2017,Not Available,Admitted,Mr. Sankar Panicker,NA,http://nclt.gov.in/Publication/Chennai_Bench/2017/Others/45.pdf,N,N,NA,NA
16/9/NCLT/AHM/2017,Ahmedabad Bench,Creditor,Operational Creditor,Vendor,NA,Not Available,Agroh Infrastructure Developer (P) Ltd.,31.08.2014,4.04.2017,8.04.2017,6.05.2017,11.05.2017,18.05.2017,Work Agreement,Admitted,Delegated to IBBI,NA,http://nclt.gov.in/Publication/Ahmedabad_Bench/2017/Others/28.pdf,N,Y,Corporate Debtor,Allowed
15/9/NCLT/AHM/2017,Ahmedabad Bench,Creditor,Operational Creditor,Not Available,NA,Not Available,GEI Power Ltd.,Not Available,Not Available,Not Available,Not Available,Not Available,19.05.2017,Not Available,Dismissed,NA,Settlement,http://nclt.gov.in/Publication/Ahmedabad_Bench/2017/Others/33.pdf,N,N,NA,NA
19/7/NCLT/AHM/2017,Ahmedabad Bench,Creditor,Financial Creditor,NA,Bank,Secured,Asian Natural Resources India Ltd.,Not Available,NA,NA,09.05.2017,12.05.2017,23.05.2017,Inland letters of Creditor/ Foreign letter of credit/ Buyers credit,Admitted,Niting Hasmukhlal Parikh,NA,http://nclt.gov.in/Publication/Ahmedabad_Bench/2017/Others/37.pdf,N,Y,Corporate Debtor,Rejected
19/7/NCLT/AHM/2017,Ahmedabad Bench,Corporate Debtor,NA,NA,NA,Secured,New Tech Fittings Pvt. Ltd.,Not Available,NA,NA,11.05.2017,Not Available,23.05.2017,Documents submitted with BIFR,Admitted,Devendra Padamchand Jain,NA,http://nclt.gov.in/Publication/Ahmedabad_Bench/2017/Others/36.pdf,Y,N,NA,NA
18/7/NCLT/AHM/2017,Ahmedabad Bench,Creditor,Financial Creditor,NA,Bank,Secured,Bhatia Global Trading Ltd.,Not Available,NA,NA,9.05.2017,17.05.2017,23.05.2017,Inland letters of Creditor/ Foreign letter of credit/ Buyers credit,Admitted,Niting Hasmukhlal Parikh,NA,http://nclt.gov.in/Publication/Ahmedabad_Bench/2017/Others/35.pdf,N,Y,Corporate Debtor,Rejected
20/9/NCLT/AHM/2017,Ahmedabad Bench,Creditor,Operational Creditor,Vendor,NA,Not Available,Shyam Industries Ltd.,Not Available,18.02.2017,Not Available,11.05.2017,12.05.2017,24.05.2017,Unpaid invoices,Admitted,Delegated to IBBI,NA,http://nclt.gov.in/Publication/Ahmedabad_Bench/2017/Others/39.pdf,N,Y,Corporate Debtor,Allowed
26/7/NCLT/AHM/2017,Ahmedabad Bench,Creditor,Financial Creditor,NA,Not Available,Not Available,Anil Ltd.,Not Available,NA,NA,Not Available,Not Available,25.05.2017,Not Available,Dismissed,NA,Settlement,http://nclt.gov.in/Publication/Ahmedabad_Bench/2017/Others/46.pdf,N,N,NA,NA
17/7/NCLT/AHM/2017,Ahmedabad Bench,Creditor,Financial Creditor,NA,Bank,Secured,Western Refrigeration Pvt. Ltd.,Not Available,NA,NA,8.05.2017,12.05.2017,26.05.2017,Guarantee Agreement,Dismissed,NA,Other,http://nclt.gov.in/Publication/Ahmedabad_Bench/2017/Others/51.pdf,N,N,NA,NA
21/10/NCLT/AHM/2017,Ahmedabad Bench,Corporate Debtor,NA,NA,NA,Secured,New Tech Forge & Foundry Ltd. ,Not Available,NA,NA,11.05.2017,15.05.2017,29.05.2017,Not Available,Admitted,Arun Kumar Malani,NA,http://nclt.gov.in/Publication/Ahmedabad_Bench/2017/Others/61.pdf,Y,N,NA,NA
22/10/NCLT/AHM/2017,Ahmedabad Bench,Corporate Debtor,NA,NA,NA,Secured,Micro Forge (India) Ltd,Not Available,NA,NA,11.05.2017,15.05.2017,29.05.2017,Not Available,Admitted,Arun Kumar Malani,NA,http://nclt.gov.in/Publication/Ahmedabad_Bench/2017/Others/63.pdf,Y,N,NA,NA
27/7/NCLT/AHM/2017,Ahmedabad Bench,Creditor,Financial Creditor,NA,Depositor,Not Available,Oasis Textiles Ltd.,Not Available,07.06.2017,NA,17.05.2017,19.05.2017,31.05.2017,Loan agreement,Admitted,Umesh Harjivandas,NA,http://nclt.gov.in/Publication/Ahmedabad_Bench/2017/Others/64.pdf,N,N,NA,NA
24/9/NCLT/AHM/2017,Ahmedabad Bench,Creditor,Operational Creditor,Vendor,NA,Not Available,Reliance Defence & Engineering Ltd.,29.06.2015,04.02.2017,NA,12.05.2017,16.05.2017,02.06.2017,(engagement) contract,Dismissed,NA,Time barred,http://nclt.gov.in/Publication/Ahmedabad_Bench/2017/Others/82.pdf,N,N,NA,NA
25/9/NCLT/AHM/2017,Ahmedabad Bench,Creditor,Operational Creditor,Vendor,NA,Not Available,Reliance Defence & Engineering Ltd.,Not Available,06.04.2017,NA,Not Available,Not Available,02.06.2017,Consultancy agreement,Dismissed,NA,Time barred,http://nclt.gov.in/Publication/Ahmedabad_Bench/2017/Others/81.pdf,N,N,NA,NA
29/9/NCLT/AHM/2017,Ahmedabad Bench,Creditor,Operational Creditor,Vendor,NA,Not Available,Bhagwan Motors Pvt. Ltd.,19.05.2016,18.04.2017,NA,24.05.2017,26.05.2017,06.06.2017,Invoice,Admitted,Rajesh Lohia,NA,http://nclt.gov.in/Publication/Ahmedabad_Bench/2017/Others/98.pdf,N,Y,Corporate Debtor,Allowed
28//10/NCLT/AHM/2017,Ahmedabad Bench,Corporate Debtor,NA,NA,NA,Secured,Diamond Power Transformers Ltd. ,NA,NA,NA,22.05.2017,25.05.2017,06.06.2017,Documents before DRT,Admitted,Arvind Gaudana,NA,http://nclt.gov.in/Publication/Ahmedabad_Bench/2017/Others/100.pdf,N,N,NA,NA
C.P(I.B) No.34/9/NCLT/AHM/2017,Ahmedabad Bench,Creditor,Operational Creditor,Not Available,NA,Not Available,Ardor Global Pvt. Ltd.,Not Available,Not Available,Not Available,Not Available,Not Available,11.07.2017,Not Available,Dismissed,NA,Defective Petition,http://nclt.gov.in/Publication/Ahmedabad_Bench/2017/Others/124.pdf,N,Y,Corporate Debtor,Rejected
31/9/NCLT/AHM/2017,Ahmedabad Bench,Creditor,Operational Creditor,Not Available,NA,Not Available,Jaibhagwati Textprint Pvt. Ltd.,Not Available,Not Available,Not Available,Not Available,Not Available,13.07.2017,Not Available,Dismissed,NA,Settlement,http://nclt.gov.in/Publication/Ahmedabad_Bench/2017/Others/127.pdf,N,N,NA,NA
CP(IB) No. 43/9/NCLT/AHM/2017,Ahmedabad Bench,Creditor,Operational Creditor,Not Available,NA,Not Available,Jai Bhagwati Tex Prints Pvt. Ltd.,Not Available,Not Available,Not Available,Not Available,Not Available,18.07.2017,Not Available,Dismissed,NA,Withdrawn,http://nclt.gov.in/Publication/Ahmedabad_Bench/2017/Others/134.pdf,N,N,NA,NA
76/09/HDB/2017,Hyderabad Bench,Creditor,Operational Creditor,Vendor,NA,Not Available,M/s. Sulakshana Circuits Ltd.,Not Available,23.02.2017,Not Available,Not Available,Not Available,02.06.2017,Not Available,Dismissed,NA,Settlement,http://nclt.gov.in/Publication/Hyderabad_Bench/2017/Others/SulakshanaCircuits.pdf,N,N,NA,NA
55/9/HDB/2017,Hyderabad Bench,Creditor,Operational Creditor,Not Available,NA,Not Available,Hyderabad Integrated MSW limited,31.01.2017,Not Available,Not Available,Not Available,04.05.2017,22.06.2017,Not Available,Dismissed,NA,Settlement,http://nclt.gov.in/Publication/Hyderabad_Bench/2017/Others/76.pdf,N,N,NA,NA
58/9/HDB/2017,Hyderabad Bench,Creditor,Operational Creditor,Not Available,NA,Not Available,Delhi MSW Solutions Ltd.,31.01.2017,Not Available,Not Available,Not Available,04.05.2017,22.06.2017,Not Available,Dismissed,NA,Settlement,http://nclt.gov.in/Publication/Hyderabad_Bench/2017/Others/75.pdf,N,N,NA,NA
58/9/HDB/2017,Hyderabad Bench,Creditor,Operational Creditor,Not Available,NA,Not Available,Ramky Energy & Environment Ltd.,31.01.2017,Not Available,Not Available,Not Available,04.05.2017,22.06.2017,Not Available,Dismissed,NA,Settlement,http://nclt.gov.in/Publication/Hyderabad_Bench/2017/Others/74.pdf,N,N,NA,NA
58/9/HDB/2017,Hyderabad Bench,Creditor,Operational Creditor,Not Available,NA,Not Available,Ramky Enviro Engineering Ltd.,31.01.2017,Not Available,Not Available,Not Available,04.05.2017,22.06.2017,Not Available,Dismissed,NA,Settlement,http://nclt.gov.in/Publication/Hyderabad_Bench/2017/Others/74.pdf,N,N,NA,NA
CP (IB) No. 55/CB/Ald/2017,Allahabad Bench,Corporate Debtor,NA,NA,NA,Secured,LML Ltd.,Not Available,NA,NA,Not Available,Not Available ,30.05.2017,Not Available,Admitted,Anil Goel,NA,http://nclt.gov.in/Publication/Allahabad_Bench/2017/Others/LMLLimited.pdf,N,N,NA,NA
CP (IB) No. 12/Ald/2017,Allahabad Bench,Creditor,Operational Creditor,Not Available,NA,Not Available,H.L. Tech Fabrics Ltd.,Not Available,Not Available,Not Available,Not Available,Not Available ,31.05.2017,Not Available,Dismissed,NA,Other,http://nclt.gov.in/Publication/Allahabad_Bench/2017/Others/5.pdf,N,N,NA,NA
CP (IB) No. 13/Ald/2017,Allahabad Bench,Creditor,Operational Creditor,Vendor,NA,Not Available,Swadisht Oils Pvt. Ltd.,Not Available,18.01.2017,Not Available,Not Available,Not Available ,01.06.2017,"Invoices, ledger account, communications,",Admitted,Delegated to IBBI,NA,http://nclt.gov.in/Publication/Allahabad_Bench/2017/Others/9.pdf,N,Y,Creditor,Allowed
CP (IB) No. 14/Ald/2017,Allahabad Bench,Creditor,Operational Creditor,Vendor,NA,Not Available,Swadisht Oils Pvt. Ltd.,Not Available,Not Available,Not Available,Not Available,Not Available ,01.06.2017,Not Available,Admitted,Delegated to IBBI,NA,http://nclt.gov.in/Publication/Allahabad_Bench/2017/Others/4.pdf,N,Y,Creditor,Allowed
CP (IB) No. 16/Ald/2017,Allahabad Bench,Creditor,Operational Creditor,Vendor,NA,Not Available,Swadisht Oils Pvt. Ltd.,Not Available,Not Available,Not Available,Not Available,Not Available ,01.06.2017,Not Available,Admitted,Delegated to IBBI,NA,http://nclt.gov.in/Publication/Allahabad_Bench/2017/Others/6.pdf,N,Y,Creditor,Allowed
CP (IB) No. 15/Ald/2017,Allahabad Bench,Creditor,Operational Creditor,Vendor,NA,Not Available,Swadisht Oils Pvt. Ltd.,Not Available,Not Available,Not Available,Not Available,Not Available ,01.06.2017,Not Available,Admitted,Delegated to IBBI,NA,http://nclt.gov.in/Publication/Allahabad_Bench/2017/Others/7.pdf,N,Y,Creditor,Allowed
CP (IB) No. 17/Ald/2017,Allahabad Bench,Creditor,Operational Creditor,Vendor,NA,Not Available,Swadisht Oils Pvt. Ltd.,Not Available,Not Available,Not Available,Not Available,Not Available ,01.06.2017,Not Available,Admitted,Delegated to IBBI,NA,http://nclt.gov.in/Publication/Allahabad_Bench/2017/Others/8.pdf,N,Y,Creditor,Allowed
CP (IB) No. 36/BB/2017,Bengaluru Bench,Creditor,Not Available,Not Available,Not Available ,Not Available,Kotak Mahindra Bank and Ors.,Not Available,Not Available,Not Available,Not Available,Not Available ,04.07.2017,Not Available,Dismissed,NA,Settlement,http://nclt.gov.in/Publication/Bengaluru_Bench/2017/Others/117.pdf,N,N,NA,NA
CP(IB)No.36/Chd/CHD/2017,Chandigarh Bench,Corporate Debtor,NA,NA,NA,Both,Shivek Labs Ltd,Not Available,NA,NA,Not Available,Not Available ,06.07.2017,"Books of account, sanction letter",Admitted,Mr. Vivek Kumar Arora,NA,http://nclt.gov.in/Publication/Chandigarh_Bench/2017/Others/37.pdf,Y,N,NA,NA
CP(IB)No.38/Chd/Pb/2017,Chandigarh Bench,Corporate Debtor,NA,NA,NA,Not Available,Oasis Agro Infra Ltd.,Not Available,NA,NA,Not Available,Not Available ,07.07.2017,Not Available,Dismissed,NA,Withdrawn,http://nclt.gov.in/Publication/Chandigarh_Bench/2017/Others/40.pdf,N,N,NA,NA
34/Chd/J&K/2017,Chandigarh Bench,Creditor,Operational Creditor,Vendor,NA,Not Available,M/S. Jammu Paper Ltd.,30.08.2014,20.03.2017,24.03.2017,15.05.2017,30.06.2017,10.07.2017,"Ledger account, bank account",Admitted,Referred to IBBI,NA,http://nclt.gov.in/Publication/Chandigarh_Bench/2017/Others/145.pdf,N,Y,Corporate Debtor,Allowed
CP(IB) No.24/Chd/Hry/2017,Chandigarh Bench,Creditor,Not Available,Not Available,Not Available,Not Available,Amtek Auto Ltd.,Not Available,Not Available,Not Available,Not Available,Not Available,18.05.2017,Not Available,Dismissed,NA,Settlement,http://nclt.gov.in/Publication/Chandigarh_Bench/2017/Others/16.pdf,N,N,NA,NA
CP(IB) No.23/Chd/Hry/2017,Chandigarh Bench,Creditor,Operational Creditor,Vendor,NA,Unsecured,Foremost International Pvt. Ltd.,Not Available,07.04.2017,13.04.2017,Not Available,08.05.2017,22.05.2017,Invoices,Dismissed,NA,Existing dispute,http://nclt.gov.in/Publication/Chandigarh_Bench/2017/Others/17.pdf,N,N,NA,NA
CP(IB) No.21/Chd/Hry/2017,Chandigarh Bench,Creditor,Operational Creditor,Vendor,NA,Unsecured,Arcotech Ltd.,18.12.2015,07.02.2017,13.02.2017,Not Available,08.05.2017,25.05.2017,Invoices,Dismissed,NA,Existing dispute,http://nclt.gov.in/Publication/Chandigarh_Bench/2017/Others/19.pdf,N,Y,Creditor,Rejected
CP(IB) No.22/Chd/Hry/2017,Chandigarh Bench,Creditor,Operational Creditor,Others,NA,Unsecured,Uttam Galwa Metallics Ltd.,Not Available,14.02.2017,Not Available,Not Available,08.05.2017,01.06.2017,Invoices and receivables assignment agreement,Dismissed,NA,Existing dispute,http://nclt.gov.in/Publication/Chandigarh_Bench/2017/Others/UttamGalvaMetallicsLimited.pdf,N,Y,Creditor,Rejected
(IB)-202(PB)/2017,New Delhi (Principal Bench),Creditor,Financial Creditor,NA,Bank,Not Available,Bhushan Power And Steel Limited,31.05.2017 ,NA,NA,Not Available,13.07.2017,26.07.2017,"Working Capital Consortium Agreement, Term Loan Agreements, ECB Facilities Agreements, Banker's Book and Guarantee agreements",Admitted,Mr. Mahender Kumar Khandewal,NA,http://nclt.gov.in/Publication/Principal_Bench/2017/Others/68.pdf,N,N,NA,NA
(IB)-201(PB)/2017,New Delhi (Principal Bench),Creditor,Financial Creditor,NA,Bank,Secured,Bhushan Steel Limited,Unclear,Unclear,Unclear,03.07.2017,13.07.2017,26.07.2017,"Working Capital Consortium Agreement, Banker's Book and Guarantee agreements",Admitted,Mr. Vijay Kumar V Iyer,NA,http://nclt.gov.in/Publication/Principal_Bench/2017/Others/67.pdf,N,N,NA,NA
IB-131(PB)/2017,New Delhi (Principal Bench),Corporate Debtor,NA,NA,NA,Secured,Amit Spinning Industries Ltd.,Not Available,", Axis Bank- 16.06.2016, Axis Bank-15.12.2016",Not Available,Not Available,Not Available,01.08.2017,"Registeration of Charge issued by ROC, Provisional Financial Statement and provisional Balance sheet",Admitted,Mr. Praveen Banssal,NA,http://nclt.gov.in/Publication/Principal_Bench/2017/Others/72.pdf,Y,N,NA,NA
(IB)152/2017,New Delhi (Principal Bench),Creditor,Financial Creditor,NA,Company,Not Available,Arrow Resources Limited,31.03.2017,10.05.2017,Not Available,Not Available,7.06.2017,07.08.2017,"Bank Statement of Financial Creditor, Ledger Account of Debtor",Admitted,Mr. Ambarish Chatterjee,NA,http://nclt.gov.in/Publication/Principal_Bench/2017/Others/80.pdf,N,N,NA,NA
(IB)144(PB)/2017,New Delhi (Principal Bench),Creditor,Financial Creditor,NA,Bank,Secured,S. R. Foils and Tissue Ltd,31.12.2013,Not Available,Not Available,Not Available,02.06.2017,07.08.2017,"Bank Statement, certificate of registration of charge",Admitted,Mr. Anil Kohli,NA,http://nclt.gov.in/Publication/Principal_Bench/2017/Others/82.pdf,N,N,NA,NA
(IB)197(PB)/2017,New Delhi (Principal Bench),Creditor,Financial Creditor,NA,ARC,Secured,Tecpro Systems Limited,28.05.2014,NA,NA,Not Available,Not Available,07.08.2017,"Account statements, particulars of security held and certfitcate of registeration of charge",Admitted,Mr. Venkatesan Sankaranarayanan,NA,http://nclt.gov.in/Publication/Principal_Bench/2017/Others/84.pdf,N,N,NA,NA
(IB)155(PB)/2017,New Delhi (Principal Bench),Creditor,Operational Creditor,Not Available,NA,Not Available,Tecpro Systems Limited,12.07.2013 (not necessarily the due date for payment),Not Available,Not Available,Not Available,Not Available,08.08.2017,Not Available,Dismissed,NA,Other,http://nclt.gov.in/Publication/Principal_Bench/2017/Others/86.pdf,N,Y,NA,NA
(IB)-120(PB)/2017,New Delhi (Special Bench),Creditor,Operational Creditor,Vendor,NA,Unsecured,International Coil Ltd.,Not Available,Not Available,Not Available,19.04.2017,31.05.2017,16.08.2017,"Invoice, letter of credit",Admitted,Not Available,NA,http://nclt.gov.in/Publication/Principal_Bench/2017/Others/105.pdf,N,N,NA,NA
CP No-1((IB)185(PB)/2017,New Delhi (Special Bench),Creditor,Financial Creditor,NA,Individual,Unsecured,Mariners Buildcon India Ltd.,25.02.2015,22.05.2017,25.05.2017,Not Available,4.07.2017,24.08.2017,Debtor acknowledgement correspondence,Admitted,Mr. Prabhjit  Singh Soni,NA,http://nclt.gov.in/Publication/Principal_Bench/2017/Others/114.pdf,N,N,NA,NA
170(ND)/2017,New Delhi (Bench II),Creditor,Operational Creditor,Vendor,NA,Unsecured,Zapp India Limited,Not Available,Not Available,Not Available,Not Available,Not Available,20.07.2017,"Invoices, ledger accounts and certificate from the banker and arbitral award",Admitted,Not Available,NA,http://nclt.gov.in/Publication/New_Delhi_Bench/2017/Others/11.pdf,N,N,NA,NA
198(ND)/2017,New Delhi (Bench II),Creditor,Operational Creditor,Not Available,NA,Not Available,Lifeline Services Pvt. Ltd.,NA,NA,NA,NA,NA,21.07.2017,NA,Dismissed,NA,Settlement,http://nclt.gov.in/Publication/New_Delhi_Bench/2017/Others/20.pdf,N,N,NA,NA
(IB)-194(ND)/2017,New Delhi (Bench II),Creditor,Financial Creditor,NA,Bank,Not Available,Garg Inox Ltd.,Not Available,Not Available,Not Available,Not Available,Not Available,25.07.2017,Not Available,Admitted,Mr. Sanjay Gupta,NA,http://nclt.gov.in/Publication/New_Delhi_Bench/2017/Others/12.pdf,N,N,NA,NA
(IB)-118(ND)/2017,New Delhi (Bench II),Creditor,Operational Creditor,Vendor,NA,Unsecured,Anu Elastics Pvt. Ltd.,Not Available,Not Available,Not Available,Not Available,Not Available,25.07.2017,Invoices,Admitted,Not Available,NA,http://nclt.gov.in/Publication/New_Delhi_Bench/2017/Others/14.pdf,N,Y,Corporate Debtor,Allowed
"(IB)-192(ND)/2017	
",New Delhi (Bench II),Corporate Debtor,NA,NA,NA,Secured,Tehri Iron and Steel Casting Ltd.,Not Available,17.05.2017,Not Available,29.06.2017,05.07.2017,27.07.2017,Financial Statements,Dismissed,NA,Defective Petition,http://nclt.gov.in/Publication/New_Delhi_Bench/2017/Others/15.pdf,N,N,NA,NA
(IB)-204(ND)/2017,New Delhi (Bench II),Creditor,Operational Creditor,Vendor,NA,Unsecured,MM Cargo Container Line Pvt. Ltd.,Not Available,30.06.2017,Not Available,Not Available,Not Available,27.07.2017,Invoices,Admitted,Not Available,NA,http://nclt.gov.in/Publication/New_Delhi_Bench/2017/Others/16.pdf,N,N,NA,NA
(IB)-212(ND)/2017,New Delhi (Bench II),Creditor,Operational Creditor,Vendor,NA,Unsecured,Jap Infratech Pvt. Ltd,Not Available,28.02.2017,Not Available,Not Available,Not Available,27.07.2017,Invoices and delivery reciepts,Admitted,Not Available,NA,http://nclt.gov.in/Publication/New_Delhi_Bench/2017/Others/19.pdf,N,Y,Corporate Debtor, Rejected
(IB)-229(ND)/2017,New Delhi (Bench II),Creditor,Financial Creditor,NA,Individual,Secured,Sumit Aviation Pvt. Ltd.,Not Available,NA,NA,Not Available,Not Available,01.08.2017,Photocopies of cheques,Admitted,Mr. Abhisheh Anand,NA,http://nclt.gov.in/Publication/New_Delhi_Bench/2017/Others/17.pdf,N,N,NA,NA
(IB)210(ND)/2017,New Delhi (Bench II),Creditor,Operational Creditor,Vendor,NA,Unsecured,GTHS Retails Pvt. Ltd.,Not Available,14.06.2017,16.06.2017,07.07.2017,18.07.2017,03.08.2017,"Copies of purchase orders, invoices",Admitted,Not Available,NA,http://nclt.gov.in/Publication/New_Delhi_Bench/2017/Others/21.pdf,N,N,NA,NA
(IB)-167(ND)/2017,New Delhi (Bench II),Creditor,Operational Creditor,Vendor,NA,Unspecified,Agrante Infra Ltd.,Not Available,NA,NA,Not Available,Not Available,10.08.2017,Running Bills issued,Admitted,Not Available,NA,http://nclt.gov.in/Publication/New_Delhi_Bench/2017/Others/24.pdf,N,N,NA,NA
(IB)-260(ND)/2017,New Delhi (Bench II),Creditor,Financial Creditor,NA,Individual,Secured,Mega Soft Infrastructure Pvt. Ltd.,Not Available,NA,NA,Not Available,Not Available,23.08.2017,Copies of agreement/MOU ,Admitted,Mr. Abhishek Anand,NA,http://nclt.gov.in/Publication/New_Delhi_Bench/2017/Others/37.pdf,N,N,NA,NA
(IB)-560(ND)/2017,New Delhi (Bench II),Creditor,Operational Creditor,Vendor,NA,Unsecured,Gee Ispat Pvt. Ltd.,Not Available,1.07.2017,10.07.2017,Not Available,08.08.2017,24.08.2017,"Purchase order, Invoices and Form C",Admitted,Mr. Shankar Choudhary,NA,http://nclt.gov.in/Publication/New_Delhi_Bench/2017/Others/38.pdf,N,N,NA,NA
(IB)-211(ND)/2017,New Delhi (Bench II),Creditor,Operational Creditor,Vendor,NA,Unsecured,Amira Pure Foods Pvt. Ltd.,Not Available,10.06.2017,Not Available,Not Available,18.07.2017,24.08.2017,"Invoices, vouchers, ledger",Admitted,Mr. Prabhjit  Singh Soni,NA,http://nclt.gov.in/Publication/New_Delhi_Bench/2017/Others/AmiraPureFoodsPvtLtd_28_08_2017.pdf,N,N,NA,NA
CP No-(IB)292(ND)/2017,New Delhi (Bench II),Corporate Debtor,NA,NA,NA,Unsecured,Ang Industries Limited,Not Available,Not Available,Not Available,Not Available,Not Available,31.08.2017,"Provisional Financial statments, bank account statements",Admitted,Mr. Ilam Chand Kamboj,NA,http://nclt.gov.in/Publication/New_Delhi_Bench/2017/Others/48.pdf,N,N,NA,NA
IB no.(IB)-269(ND)/2017,New Delhi (Bench II),Creditor,Operational Creditor,Vendor,NA,Unsecured,Bharat Heavy Electricals Ltd.,Not Available,Not Available,Not Available,09.08.2017,Not Available,31.08.2017,Invoices,Dismissed,NA,Existing dispute,http://nclt.gov.in/Publication/New_Delhi_Bench/2017/Others/Teknow%20Consultants%20&%20engineers%20Pvt.%20Ltd..pdf,N,Y,Creditor, Rejected (withdrawn)
(IB)-199(ND)/2017,New Delhi (Bench III),Creditor,Operational Creditor,Vendor,NA,Unsecured,Fenace Auto Ltd.,Not Available,Not Available,Not Available,Not Available,10.07.2017,11.08.2017,"Purchase orders, invoices Form C",Dismissed,NA,Defective Petition,http://nclt.gov.in/Publication/New_Delhi_Bench_III/2017/Others/131.pdf,N,Y,Creditor,Allowed
No.IB-189(ND)/2017,New Delhi (Bench III),Creditor,Financial Creditor,NA,Bank,Secured,Namdhari Food International Pvt. Ltd.,Not Available,NA,NA,Not Available,Not Available,30.08.2017,"Statment of accounts, Bankers book",Admitted,Mr. Mukul Bansal,NA,http://nclt.gov.in/Publication/New_Delhi_Bench_III/2017/Others/146.pdf,N,N,NA,NA
1023/I&BP/NCLT/MAH/2017,Mumbai Bench ,Creditor,Operational Creditor,Employee,NA,Unsecured,Elektrans Shipping Pvt. Ltd.,Not Available,Not Available,Not Available,Not Available,Not Available,18.07.2017,Not Available,Dismissed,NA,Existing dispute,http://nclt.gov.in/Publication/Mumbai_Bench/2017/Others/740.pdf,N,N,NA,NA
1039/I&BP/2017,Mumbai Bench ,Creditor,Financial Creditor,NA,Bank,Secured,Monnet Ispat & Energy Ltd.,Refer the remarks column for stand alone dates,NA,NA,Not Available,Not Available,18.07.2017,"Loan and guarantee agreements, working capital consortium agreement, letters of credit",Admitted,Mr. Sumit Binani ,NA,http://nclt.gov.in/Publication/Mumbai_Bench/2017/Others/741.pdf,N,N,NA,NA
507/I&BP/2017,Mumbai Bench ,Creditor,Operational Creditor,Vendor,NA,Unsecured,Gammon India Ltd.,"29.11.2016-sub-contract work done, 28.10.2015- hire charges ",16.03.2017,Not Available,Not Available,Not Available,19.07.2017,"letter of intent, emails and  work orders",Dismissed,NA,Existing dispute,http://nclt.gov.in/Publication/Mumbai_Bench/2017/Others/738.pdf,N,Y,Creditor,Rejected
716/I&BP/2017,Mumbai Bench ,Creditor,Financial Creditor,NA,Corporate lender,Secured,Ellora Papers Mills Ltd.,11.03.2011,NA,NA,Not Available,Not Available,19.07.2017,"Loan Agreement, Corporate Debtor's Books of acoounts and Balance sheet for the years 2011-12,2012-13,2013-14 and 2014-15",Admitted,Mr. Mohan Ram Goenka,NA,http://nclt.gov.in/Publication/Mumbai_Bench/2017/Others/737.pdf,N,Y,Corporate Debtor,Rejected
1081/I&BP/2017,Mumbai Bench ,Creditor,Operational Creditor,Vendor,NA,Unsecured,Uttara Foods and Feed Pvt. Ltd.,09.08.2014,15.03.2017,Not Available,09.06.2017,13.06.2017,19.07.2017,Not Available,Admitted,Not Available,NA,http://nclt.gov.in/Publication/Mumbai_Bench/2017/Others/736.pdf,N,N,NA,NA
1201/I&BP/NCLT/MB/(MAH)/2017,Mumbai Bench ,Creditor,Financial Creditor,NA,Corporate lender,Unspecified,Kumar Motors Pvt. Ltd.,01.05.2013,NA,NA,Not Available,Not Available,19.07.2017,Not Available,Dismissed,NA,Other,http://nclt.gov.in/Publication/Mumbai_Bench/2017/Others/855.pdf,N,N,NA,NA
593/MAH/2017,Mumbai Bench ,Unspecified,Unspecified,Not Available,Unspecified,Not Available,Pancard Clubs Ltd.,Not Available,Not Available,Not Available,Not Available,Not Available,20.07.2017,Not Available,Dismissed,NA,Not Available,http://nclt.gov.in/Publication/Mumbai_Bench/2017/Others/983.pdf,N,N,NA,NA
1061/I&BP/2017,Mumbai Bench ,Creditor,Financial Creditor,NA,Bank,Secured,Guruashish Construction Pvt. Ltd.,30.09.2014,NA,NA,Not Available,Not Available,24.07.2017,"Term loan agreement, simple mortgage deed, supplementary mortgage deed, CRILC report, Letters of guarantee, Banker's Book",Admitted,Mr. C.A. Rajendra K Bhutta,NA,http://nclt.gov.in/Publication/Mumbai_Bench/2017/Others/750.pdf,N,N,NA,NA
1149/MAH/2017,Mumbai Bench ,Unspecified,Unspecified,Not Available,Unspecified,Not Available,Klowin Infrastructures Pvt. Ltd.,Not Available,Not Available,Not Available,Not Available,Not Available,24.07.2017,Not Available,Dismissed,NA,Withdrawn,http://nclt.gov.in/Publication/Mumbai_Bench/2017/Others/990.pdf,N,N,NA,NA
356/I&BP/NCLT/MB/MAH/2017,Mumbai Bench ,Creditor,Operational Creditor,Not Available,NA,Not Available,Richa India Infra Development Pvt. Ltd.,Not Available,Not Available,Not Available,Not Available,Not Available,24.07.2017,Not Available,Dismissed,NA,Withdrawn,http://nclt.gov.in/Publication/Mumbai_Bench/2017/Others/1297.pdf,N,N,NA,NA
1119/MAH/2017,Mumbai Bench ,Creditor,Unspecified,Not Available,Unspecified,Not Available,Nirmal Lifestyle Ltd.,Not Available,Not Available,Not Available,Not Available,Not Available,24.07.2017,Not Available,Dismissed,NA,Withdrawn,http://nclt.gov.in/Publication/Mumbai_Bench/2017/Others/1431.pdf,N,N,NA,NA
1147/(MAH)/2017,Mumbai Bench,Creditor,Operational Creditor,Not Available,NA,Not Available,Teracom Ltd.,Not Available,Not Available,Not Available,Not Available,Not Available,24.07.2017,Not Available,Dismissed,NA,Withdrawn,http://nclt.gov.in/Publication/Mumbai_Bench/2017/Others/1989.pdf,N,N,NA,NA
1143/MAH/2017,Mumbai Bench ,Creditor,Unspecified,Not Available,Unspecified,Not Available,Supreme Infrastructure (I) Ltd.,Not Available,Not Available,Not Available,Not Available,Not Available,25.07.2017,Not Available,Dismissed,NA,Withdrawn,http://nclt.gov.in/Publication/Mumbai_Bench/2017/Others/994.pdf,N,N,NA,NA
1219/(MAH)/2017,Mumbai Bench,Creditor,Operational Creditor,Not Available,NA,Not Available,Dolphin Offshore Enterprises (I) Ltd.,Not Available,Not Available,Not Available,Not Available,Not Available,25.07.2017,Not Available,Dismissed,NA,Withdrawn,http://nclt.gov.in/Publication/Mumbai_Bench/2017/Others/1884.pdf,N,N,NA,NA
230/I&BP/2017,Mumbai Bench ,Creditor,Operational Creditor,Not Available,NA,Not Available,Reify Artisans and Projects Pvt. Ltd.,Not Available,Not Available,Not Available,Not Available,Not Available,27.07.2017,Not Available,Dismissed,NA,Withdrawn,http://nclt.gov.in/Publication/Mumbai_Bench/2017/Others/1310.pdf,N,N,NA,NA
1174/I&BP/NCLT/MB/MAH/2017,Mumbai Bench ,Creditor,Operational Creditor,Not Available,NA,Not Available,Nouveau Global Ventures Ltd.,Not Available,Not Available,Not Available,Not Available,Not Available,27.07.2017,Not Available,Dismissed,NA ,Withdrawn,http://nclt.gov.in/Publication/Mumbai_Bench/2017/Others/1309.pdf,N,N,NA,NA
1215/MAH/2017,Mumbai Bench ,Creditor,Unspecified,Not Available,Unspecified,Not Available,SSV Developers and Builders Pvt. Ltd.,Not Available,Not Available,Not Available,Not Available,Not Available,28.07.2017,Not Available,Dismissed,NA,Defective Petition,http://nclt.gov.in/Publication/Mumbai_Bench/2017/Others/1044.pdf,N,N,NA,NA
1078/I&BP/2017,Mumbai Bench ,Creditor,Operational Creditor,Vendor,NA,Not Available,Ruparel Estates India Pvt. Ltd.,Not Available,Not Available,Not Available,Not Available,Not Available,28.07.2017,Not Available,Dismissed,NA,Withdrawn,http://nclt.gov.in/Publication/Mumbai_Bench/2017/Others/1311.pdf,N,N,NA,NA
1079/I&BP/2017,Mumbai Bench ,Creditor,Operational Creditor,Vendor,NA,Not Available,Sarvesh Builders (I) Pvt. Ltd.,Not Available,Not Available,Not Available,Not Available,Not Available,28.07.2017,Not Available,Dismissed,NA,Withdrawn,http://nclt.gov.in/Publication/Mumbai_Bench/2017/Others/1312.pdf,N,N,NA,NA
593/I&BP/NCLT/MAH/2017,Mumbai Bench ,Creditor,Operational Creditor,Vendor,NA,Unsecured,Pancards Club Ltd.,Not Available,25.01.2017,30.01.2017,Not Available,Not Available,29.07.2017,Invoices raised,Dismissed,NA,Other,http://nclt.gov.in/Publication/Mumbai_Bench/2017/Others/827.pdf,N,N,NA,NA
 1085/I&BP/NCLT/MAH/2017,Mumbai Bench ,Creditor,Operational Creditor,Vendor,NA,Unsecured,Pancards Club Ltd.,Not Available,Not Available,Not Available,Not Available,Not Available,29.07.2017,NA,Dismissed,NA,Other,http://nclt.gov.in/Publication/Mumbai_Bench/2017/Others/827.pdf,N,Y,Creditor,Rejected
1088/I&BP/2017,Mumbai Bench ,Creditor,Operational Creditor,Vendor,NA,Not Available,Nutri First Agro international Pvt. ltd.,Not Available,18.04.2017,21.04.2017,Not Available,Not Available,31.07.2017,"purchase orders, invoices raised and letters of intent, bank statements ",Admitted,Not Available,NA,http://nclt.gov.in/Publication/Mumbai_Bench/2017/Others/835.pdf,N,N,NA,NA
1168/I&BC/NCLT/MB/MAH/2017,Mumbai Bench ,Creditor,Operational Creditor,Vendor,NA,Unsecured,Pittie Polymers Pvt. Ltd.,Not Available,21.02.2017,23.02.2017,Not Available,Not Available,31.07.2017,Bills ,Dismissed,NA,Time barred,http://nclt.gov.in/Publication/Mumbai_Bench/2017/Others/838.pdf,N,N,NA,NA
CP No. 1101/I&BP/2017,Mumbai Bench ,Creditor,Operational Creditor,Vendor,NA,Unsecured,Jord Engineers India Ltd.,Not Available,26.04.2017,Not Available,Not Available,Not Available,31.07.2017,Invoices raised ,Admitted,Not Available,NA,http://nclt.gov.in/Publication/Mumbai_Bench/2017/Others/930.pdf,Y,Y,Corporate Debtor,Allowed
1169/MAH/2017,Mumbai Bench ,Creditor,Not Available,Not Available,Not Available,Not Available,DBM Geotechnics and Constructions Ltd.,Not Available,Not Available,Not Available,Not Available,Not Available,01.08.2017,Not Available,Dismissed,NA,Settlement,http://nclt.gov.in/Publication/Mumbai_Bench/2017/Others/1061.pdf,N,N,NA,NA
1202/I&BP/NCLT/MB/MAH/2017,Mumbai Bench,Corporate Debtor,NA,NA,NA,Not Available,KSS Petron Pvt. Ltd.,Not Available,NA,NA,11.07.2017,Not Available,01.08.2017,NPA Letters,Admitted,Mr. Vineet K Chaudhary,NA,http://nclt.gov.in/Publication/Mumbai_Bench/2017/Others/2049.pdf,N,N,NA,NA
1213/MAH/2017,Mumbai Bench ,Creditor,Not Available,Not Available,Not Available,Not Available,Mahavir Roads and Infrastructure Pvt. Ltd.,Not Available,Not Available,Not Available,Not Available,Not Available,01.08.2017,Not Available,Dismissed,NA,Settlement,http://nclt.gov.in/Publication/Mumbai_Bench/2017/Others/1062.pdf,N,N,NA,NA
1187/MAH//2017,Mumbai Bench ,Creditor,Not Available,Not Available,Not Available,Not Available,Satelite Gazebo Developers Pvt. Ltd.,Not Available,Not Available,Not Available,Not Available,Not Available,04.08.2017,Not Available,Dismissed,NA,Withdrawn,http://nclt.gov.in/Publication/Mumbai_Bench/2017/Others/917.pdf,N,N,NA,NA
1189/MAH//2017,Mumbai Bench ,Creditor,Not Available,Not Available,Not Available,Not Available,Satelite Gazebo Developers Pvt. Ltd.,Not Available,Not Available,Not Available,Not Available,Not Available,04.08.2017,Not Available,Dismissed,NA,Withdrawn,http://nclt.gov.in/Publication/Mumbai_Bench/2017/Others/939.pdf,N,N,NA,NA
1188/MAH//2017,Mumbai Bench ,Creditor,Not Available,Not Available,Not Available,Not Available,Satelite Gazebo Developers Pvt. Ltd.,Not Available,Not Available,Not Available,Not Available,Not Available,04.08.2017,Not Available,Dismissed,NA,Withdrawn,http://nclt.gov.in/Publication/Mumbai_Bench/2017/Others/1072.pdf,N,N,NA,NA
1191/MAH//2017,Mumbai Bench ,Creditor,Not Available,Not Available,Not Available,Not Available,Satelite Gazebo Developers Pvt. Ltd.,Not Available,Not Available,Not Available,Not Available,Not Available,04.08.2017,Not Available,Dismissed,NA,Withdrawn,http://nclt.gov.in/Publication/Mumbai_Bench/2017/Others/1069.pdf,N,N,NA,NA
1190/MAH//2017,Mumbai Bench ,Creditor,Not Available,Not Available,Not Available,Not Available,Satelite Gazebo Developers Pvt. Ltd.,Not Available,Not Available,Not Available,Not Available,Not Available,04.08.2017,Not Available,Dismissed,NA,Withdrawn,http://nclt.gov.in/Publication/Mumbai_Bench/2017/Others/1067.pdf,N,N,NA,NA
1159/(MAH)/2017,Mumbai Bench,Creditor,Not Available,Not Available,Not Available,Not Available,Cinnic Fashion (I) Pvt. Ltd.,Not Available,Not Available,Not Available,Not Available,Not Available,04.08.2017,Not Available,Dismissed,NA,Settlement,http://nclt.gov.in/Publication/Mumbai_Bench/2017/Others/2155.pdf,N,N,NA,NA
1140/I&BP/NCLT/MB/MAH/2017,Mumbai Bench ,Creditor,Financial Creditor,NA,NBFC,Unsecured,Maharashtra Vidyut Nigam Pvt. Ltd.,01.10.2015,NA,NA,Not Available,Not Available,04.08.2017,"Working Capital Demand Loan agreement, letter of intent , personal guarantor agreement",Admitted,Mr. Javadshah Vasa,NA,http://nclt.gov.in/Publication/Mumbai_Bench/2017/Others/1004.pdf,N,N,NA,NA
1051/I&BP/NCLT/MAH/2017,Mumbai Bench ,Corporate Debtor,NA,NA,NA,Secured and unsecured(operational Creditors),Brown Kraft Industries Ltd.,Not Available,NA,NA,Not Available,Not Available,07.08.2017,Financial Statements,Admitted,Mr. Adesh Kumar Mehta,NA,http://nclt.gov.in/Publication/Mumbai_Bench/2017/Others/877.pdf,N,N,NA,NA
1163/(MAH)/2017,Mumbai Bench,Creditor,Not Available,Not Available,Not Available,Not Available,Starwing Developers Pvt. Ltd.,Not Available,Not Available,Not Available,Not Available,Not Available,07.08.2017,Not Available,Dismissed,NA,Withdrawn,http://nclt.gov.in/Publication/Mumbai_Bench/2017/Others/2163.pdf,N,N,NA,NA
1233/(MAH)/2017,Mumbai Bench ,Creditor,Not Available,Not Available,Not Available,Not Available,Swarnsparsh Gems and Jewellery Ltd.,Not Available,Not Available,Not Available,Not Available,Not Available,08.08.2017,Not Available,Dismissed,NA,Withdrawn,http://nclt.gov.in/Publication/Mumbai_Bench/2017/Others/954.pdf,N,N,NA,NA
CP No. 1161/I&BP/2017,Mumbai Bench,Corporate Debtor,NA,NA,NA,Secured and unsecured,Parte Casters Pvt. Ltd.,Not Available,NA,NA,Not Available,Not Available,14.08.2017,"sanction letter, register of charges, SAFAESI Notice",Admitted,Mr. Jitendra Palande,NA,http://nclt.gov.in/Publication/Mumbai_Bench/2017/Others/921.pdf,N,N,NA,NA
CP NO.1066/2017,Mumbai Bench ,Creditor,Operational Creditor,Vendor,NA,Unsecured ,Goa Antibiotics And Pharmaceuticals Ltd.,25.11.1998(date of default),10.05.2017,13.05.2017,Not Available,Not Available,14.08.2017,"Delivery Challans, invoices ",Admitted,Not Available,NA,http://nclt.gov.in/Publication/Mumbai_Bench/2017/Others/928.pdf,Y,Y,Corporate Debtor,Allowed
1268/IBC/NCLT/MB/MAH/2017,Mumbai Bench ,Creditor,Operational Creditor,Vendor,NA,Unsecured,S.N. Plumbing Pvt. Ltd. and Others,Not Available,17.07.2017,Not Available,Not Available,Not Available,16.08.2017,Invoices ,Admitted,Mr. Sanjay Kumar Ruia,NA,http://nclt.gov.in/Publication/Mumbai_Bench/2017/Others/1252.pdf,N,N,NA,NA
1092/I&BC/NCLT/MB/MAH/2017,Mumbai Bench ,Creditor,Financial Creditor,NA,Bank,Secured,Kamla Real Estate Hub Pvt. Ltd.,26.11.2015,NA,NA,Not Available,Not Available,16.08.2017,"loan agreements, demand promissory note, letter of continuity, bank statement",Admitted,Mr. Rajeev Mannadiar,NA,http://nclt.gov.in/Publication/Mumbai_Bench/2017/Others/1251.pdf,N,N,NA,NA
1198/I&BP/NCLT/MB/MAH/2017,Mumbai Bench ,Corporate Debtor,NA,NA,NA,Secured,Indo-Krishna Greenfields Ltd.,Not Available,Not Available,Not Available,Not Available,Not Available,18.08.2017,"Demand promissory note,personal gaurantor, ledger accounts",Admitted,Mr. Charudutt Marathe,NA,http://nclt.gov.in/Publication/Mumbai_Bench/2017/Others/1265.pdf,N,N,NA,NA
654/I&BP/NCLT/MB/MAH/2017,Mumbai Bench ,Creditor,Financial Creditor,NA,Co-operative Bank,Secured,Raphel Engineering Pvt. Ltd.,Not Available,NA,NA,09.06.2017,Not Available,18.08.2017,"Loan agreement, sanction letter,Undertakings, promissory notes, ",Admitted,Mr. Rajendra Karanmal Bhuta,NA,http://nclt.gov.in/Publication/Mumbai_Bench/2017/Others/1138.pdf,N,N,NA,NA
82/I&BP/NCLT/MB/MAH/2017,Mumbai Bench ,Creditor,Operational Creditor,Others,NA,Not Available,Yog Industries Ltd.,Not Available,12.07.2017/26/7/2017,02.08.2017,Not Available,Not Available,22.08.2017,Invoices,Admitted,Not Available,NA,http://nclt.gov.in/Publication/Mumbai_Bench/2017/Others/1017.pdf,N,N,NA,NA
1211/I&BCP/NCLT/MB/MAH/2017,Mumbai Bench ,Creditor,Financial Creditor,NA,NBFC,Not Available,V-Tech Elastomers Pvt. Ltd.,Not Available,NA,NA,Not Available,Not Available,22.08.2017,"Loan agreement, demand promissory note, post dated cheques",Admitted,Mr. Devendra Padamchand Jain,NA,http://nclt.gov.in/Publication/Mumbai_Bench/2017/Others/1132.pdf,N,N,NA,NA
224/I&BC/NCLT/MB/2017,Mumbai Bench ,Creditor,Operational Creditor,Vendor,NA,Unsecured,Housing Development and Infrastructure Ltd.,09.10.2013,25.03.2017,Not Available,22.03.2017,Not Available,23.08.2017,Not Available,Dismissed,NA,Settlement,http://nclt.gov.in/Publication/Mumbai_Bench/2017/Others/1227.pdf,N,N,NA,NA
CP No. 1217/(MAH)/2017,Mumbai Bench,Creditor,Not Available,Not Available,Not Available,Not Available,Kumar Builders Mumbai Realty Pvt. Ltd.,Not Available,Not Available,Not Available,Not Available,Not Available,23.08.2017,Not Available,Dismissed,NA,Settlement,http://nclt.gov.in/Publication/Mumbai_Bench/2017/Others/1858.pdf,N,N,NA,NA
1214/I&BP/NCLT/MB/MAH/2017,Mumbai Bench ,Corporate Debtor,NA,NA,NA,Secured,Wig Associates Pvt. Ltd.,Not Available,NA,NA,Not Available,Not Available,24.08.2017,"Loan agreement, financial statements",Admitted,Mr. S.K. Golla,NA,http://nclt.gov.in/Publication/Mumbai_Bench/2017/Others/1134.pdf,N,N,NA,NA
1184/I&BC/NCLT/MB/MAH/2017,Mumbai Bench ,Corporate Debtor,NA,NA,NA,Secured,H.P. Ore Processors Pvt. Ltd.,Not Available,NA,NA,Not Available,Not Available,28.08.2017,"Personal guarantee, forms of charge with MCA",Admitted,Mr. Ranjit Dnyanchand Jain,NA,http://nclt.gov.in/Publication/Mumbai_Bench/2017/Others/1320.pdf,N,N,NA,NA
1148/I&BC/NCLT/MB/MAH/2017,Mumbai Bench ,Corporate Debtor,NA,NA,NA,Secured,Fortune Pharma Pvt. Ltd,Not Available,NA,NA,29.06.2017,Not Available,28.08.2017,"Loan agreement , mortgage dedds",Admitted,Mr. S.K. Golla,NA,http://nclt.gov.in/Publication/Mumbai_Bench/2017/Others/1092.pdf,N,N,NA,NA
1170/I&BC/NCLT/MB/MAH/2017,Mumbai Bench ,Creditor,Financial Creditor,NA,Bank,Secured,Vindhya Vasini Industries Ltd.,Not Available,13.02.2017,NA,04.07.2017,Not Available,29.08.2017,Working Capital & Term Consortium agreement ,Admitted,Mr. Sanjay Gupta,NA,http://nclt.gov.in/Publication/Mumbai_Bench/2017/Others/1334.pdf,N,N,NA,NA
CP(IB) No. 351/KB/2017,Kolkata Bench,Creditor,Operational Creditor,Not Available,NA,Not Available,Powermax (India) Pvt. Ltd.,Not Available,Not Available,Not Available,Not Available,Not Available,13.07.2017,Not Available,Dismissed,NA,Withdrawn,http://nclt.gov.in/Publication/Kolkata_Bench/2017/Others/63.pdf,N,N,NA,NA
CP(IB) No. 352/KB/2017,Kolkata Bench,Creditor,Operational Creditor,Not Available,NA,Not Available,Hindustan Motors Ltd.,Not Available,Not Available,Not Available,Not Available,Not Available,18.07.2017,Not Available,Dismissed,NA,Withdrawn,http://nclt.gov.in/Publication/Kolkata_Bench/2017/Others/65.pdf,N,N,NA,NA
303/KB/2017,Kolkata Bench,Corporate Debtor,NA,NA,NA,Not Available,Bihar State Construction Corporation Ltd.,Not Available,Not Available,Not Available,Not Available,Not Available,18.07.2017,Not Available,Dismissed,NA,Non-prosecution,http://nclt.gov.in/Publication/Kolkata_Bench/2017/Others/254.pdf,N,N,NA,NA
341/KB/2017,Kolkata Bench,Creditor,Operational Creditor,Not Available,NA,Not Available,Ganesh Sponge Pvt.Ltd.,Not Available,Not Available,Not Available,Not Available,Not Available,19.07.2017,Not Available,Not known,NA,NA,http://nclt.gov.in/Publication/Kolkata_Bench/2017/Others/239.pdf,N,Y,Corporate Debtor,Allowed
169/KB/2017,Kolkata Bench,Creditor,Operational Creditor,Not Available,NA,Not Available,StSalit Ltd.,Not Available,Not Available,Not Available,Not Available,Not Available,19.07.2017,Not Available,Dismissed,NA,Non-prosecution,http://nclt.gov.in/Publication/Kolkata_Bench/2017/Others/237.pdf,N,N,NA,NA
361/KB/2017,Kolkata Bench,Creditor,Financial Creditor,NA,Bank,Not Available,Electrosteel Steels Ltd.,Not Available,NA,NA,Not Available,Not Available,21.07.2017,Not Available,Not known,NA,NA,http://nclt.gov.in/Publication/Kolkata_Bench/2017/Others/81.pdf,N,N,NA,NA
CP (IB) No. 330/KB/2017,Kolkata Bench,Creditor,Operational Creditor,Not Available,NA,Not Available,Emta Coal Ltd.,Not Available,Not Available,Not Available,Not Available,Not Available,24.07.2017,Not Available,Dismissed,NA,Settlement,http://nclt.gov.in/Publication/Kolkata_Bench/2017/Others/244.pdf,N,N,NA,NA
CP(IB) No.227/KB/2017,Kolkata Bench,Creditor,Financial Creditor,NA,Bank,Not Available,Bengal Emta Coal Mines Ltd.,Not Available,NA,NA,Not Available,Not Available,24.07.2017,Not Available,Dismissed,NA,Settlement,http://nclt.gov.in/Publication/Kolkata_Bench/2017/Others/243.pdf,N,N,NA,NA
CP(IB) No.287/KB/2017,Kolkata Bench,Creditor,Operational Creditor,Not Available,NA,Not Available,Kyle Lifestyle Pvt. Ltd.,Not Available,Not Available,Not Available,Not Available,Not Available,24.07.2017,Not Available,Dismissed,NA,Withdrawn,http://nclt.gov.in/Publication/Kolkata_Bench/2017/Others/249.pdf,N,N,NA,NA
366/KB/2017,Kolkata Bench,Creditor,Unspecified,Not Available,Unspecified,Not Available,IAG Glass Company Ltd.,Not Available,Not Available,Not Available,Not Available,Not Available,25.07.2017,Not Available,Dismissed,NA,Withdrawn,http://nclt.gov.in/Publication/Kolkata_Bench/2017/Others/103.pdf,N,N,NA,NA
CP(IB) No.359/KB/2017,Kolkata Bench,Creditor,Financial Creditor,NA,Bank,Not Available,Binani Cements Ltd.,Not Available,NA,NA,Not Available,Not Available,25.07.2017,Not Available,Not known,NA,NA,http://nclt.gov.in/Publication/Kolkata_Bench/2017/Others/250.pdf,N,N,NA,NA
323/KB/2017,Kolkata Bench,Creditor,Operational Creditor,Not Available,NA,Not Available,Usha Martin Ltd.,Not Available,Not Available,Not Available,Not Available,Not Available,26.07.2017,Not Available,Dismissed,NA,Withdrawn,http://nclt.gov.in/Publication/Kolkata_Bench/2017/Others/88.pdf,N,N,NA,NA
299/KB/2017,Kolkata Bench,Creditor,Operational Creditor,Not Available,NA,Not Available,V. Mauriya Udyog Ltd.,Not Available,Not Available,Not Available,Not Available,Not Available,27.07.2017,Not Available,Dismissed,NA,Withdrawn,http://nclt.gov.in/Publication/Kolkata_Bench/2017/Others/90.pdf,N,N,NA,NA
346/KB/2017,Kolkata Bench,Corporate Debtor,NA,NA,NA,Not Available,New Central Jute Mills Co. ltd.,Not Available,NA,NA,Not Available,Not Available,27.07.2017,Not Available,Admitted,NA,NA,http://nclt.gov.in/Publication/Kolkata_Bench/2017/Others/110.pdf,N,N,NA,NA
CA(IB)234/KB/2017,Kolkata Bench,Corporate Debtor,NA,NA,NA,Not Available,Paschim Gujarat Vij Co. Ltd.,Not Available,Not Available,Not Available,Not Available,Not Available,02.08.2017,Not Available,Dismissed,NA,Withdrawn,http://nclt.gov.in/Publication/Kolkata_Bench/2017/Others/100.pdf,N,N,NA,NA
CP(IB)250/KB/2017,Kolkata Bench,Creditor,Operational Creditor,Vendor,NA,Unsecured,Gopalpur Ports Ltd.,Not Available,17.04.2017,Not Available,Not Available,Not Available,09.08.2017,Bills raised,Dismissed,NA,Existing dispute,http://nclt.gov.in/Publication/Kolkata_Bench/2017/Others/125.pdf,N,Y,Creditor, Rejected (withdrawn)
CP No.126/KB/2017,Kolkata Bench,Creditor,Operational Creditor,Not Available,NA,Not Available,P.K. Ores Pvt. Ltd.,Not Available,Not Available,Not Available,Not Available,Not Available,10.08.2017,Not Available,Dismissed,NA,Not Available,http://nclt.gov.in/Publication/Kolkata_Bench/2017/Others/143.pdf,N,Y,Corporate Debtor,Allowed
CP(IB) No.386/KB/2017,Kolkata Bench,Creditor,Operational Creditor,Not Available,NA,Not Available,Neelachal Ispat Nigam Ltd.,Not Available,Not Available,Not Available,Not Available,Not Available,10.08.2017,Not Available,Dismissed,NA,Withdrawn,http://nclt.gov.in/Publication/Kolkata_Bench/2017/Others/146.pdf,N,N,NA,NA
CP No.248/KB/2017,Kolkata Bench,Creditor,Operational Creditor,Not Available,NA,Not Available,Imeco Ltd.,Not Available,Not Available,Not Available,Not Available,Not Available,10.08.2017,Not Available,Dismissed,NA,Defective Petition,http://nclt.gov.in/Publication/Kolkata_Bench/2017/Others/147.pdf,N,N,NA,NA
CP No.247/KB/2017,Kolkata Bench,Creditor,Operational Creditor,Employee,NA,Unsecured,South Eastern Carriers Pvt. Ltd.,Not Available,25.03.2017,31.03.2017,Not Available,Not Available,11.08.2017,Not Available,Dismissed,NA,Existing dispute,http://nclt.gov.in/Publication/Kolkata_Bench/2017/Others/142.pdf,N,N,NA,NA
CP(IB) No.274/KB/2017,Kolkata Bench,Creditor,Operational Creditor,Not Available,NA,Not Available,Jai Balaji Jyoti Steels Ltd.,Not Available,Not Available,Not Available,Not Available,Not Available,11.08.2017,Not Available,Dismissed,NA,Settlement,http://nclt.gov.in/Publication/Kolkata_Bench/2017/Others/169.pdf,N,N,NA,NA
CP No.344/KB/2017,Kolkata Bench,Creditor,Operational Creditor,Employee,NA,Not Available,Duncan Industries ltd.,Not Available,Not Available,Not Available,Not Available,Not Available,17.08.2017,Not Available,Dismissed,NA,Other,http://nclt.gov.in/Publication/Kolkata_Bench/2017/Others/258.pdf,N,N,NA,NA
CP No.199/KB/2017,Kolkata Bench,Creditor,Operational Creditor,Not Available,NA,Not Available,Coastal Projects Limited,Not Available,Not Available,Not Available,Not Available,Not Available,18.08.2017,Not Available,Dismissed,NA,Settlement,http://nclt.gov.in/Publication/Kolkata_Bench/2017/Others/157.pdf,N,N,NA,NA
CP(IB) No.249/KB/2017,Kolkata Bench,Creditor,Operational Creditor,Vendor,NA,Not Available,Ankit Metal & Power Ltd.,Not Available,02.05.2017,Not Available,Not Available,Not Available,21.8.2017,Invoice,Dismissed,NA,Existing dispute,http://nclt.gov.in/Publication/Kolkata_Bench/2017/Others/153.pdf,N,Y,Creditor,Rejected
CP(IB) No.404/KB/2017,Kolkata Bench,Creditor,Operational Creditor,Not Available,NA,Not Available,KND Engineering and Technologies Pvt. Ltd.,Not Available,Not Available,Not Available,Not Available,Not Available,22.08.2017,Not Available,Dismissed,NA,Defective Petition,http://nclt.gov.in/Publication/Kolkata_Bench/2017/Others/192.pdf,N,N,NA,NA
CP(IB) No. 357/KB/2017,Kolkata Bench,Creditor,Operational Creditor,Not Available,NA,Not Available,Antarctica Ltd.,Not Available,Not Available,Not Available,Not Available,Not Available,24.08.2017,Not Available,Dismissed,NA,Non-prosecution,http://nclt.gov.in/Publication/Kolkata_Bench/2017/Others/170.pdf,N,N,NA,NA
CP(IB) No. 362/KB/2017,Kolkata Bench,Creditor,Operational Creditor,Not Available,NA,Not Available,Jonbro Construction Pvt. Ltd.,Not Available,Not Available,Not Available,Not Available,Not Available,29.08.2017,Not Available,Dismissed,NA,Withdrawn,http://nclt.gov.in/Publication/Kolkata_Bench/2017/Others/Final%20order%20Bench%20II%20CP(IB)NO.%20362_KB_2017%20(First%20Choice%20Readymix).pdf,N,N,NA,NA
CP No. 209/KB/2017,Kolkata Bench,Creditor,Operational Creditor,Not Available,NA,Not Available,Balaji Polytex Ltd.,Not Available,Not Available,Not Available,Not Available,Not Available,31.08.2017,Not Available,Dismissed,NA,Settlement,http://nclt.gov.in/Publication/Kolkata_Bench/2017/Others/255.pdf,N,N,NA,NA
CP/477(IB)/CB/2017,Chennai Bench,Creditor,Operational Creditor,Not Available,NA,Unsecured,Borg Energy India Pvt. Ltd.,Not Available,13.03.2017,Not Available,Not Available,Not Available,31.05.2017,Not Available,Admitted,Not appointed,NA,http://nclt.gov.in/interim_orders/chennai/31.05.2017/12.pdf,N,N,NA,NA
CP.500(IB)CB/2017,Chennai Bench,Creditor,Operational Creditor,Vendor,NA,Not Available,A&A International Trading Pvt. Ltd.,03.02.2016,05.04.2017,Not Available,Not Available,Not Available,16.06.2017,"Sale and purchase agreement, analyst agreement and bills raised ",Admitted,Not Available,NA,http://nclt.gov.in/Publication/Chennai_Bench/2017/Others/63.pdf,N,N,NA,NA
TCP/50/(IB)/CB/2017,Chennai Bench,Creditor,Operational Creditor,Vendor,NA,Not Available,Laxmi Ganesh textiles Pvt. Ltd.,Not Available,Not Available,Not Available,Not Available,Not Available,25.07.2017,Not Available,Dismissed,NA,Existing dispute,http://nclt.gov.in/Publication/Chennai_Bench/2017/Others/74.pdf,N,N,NA,NA
CP/482/(IB)/CB/2017,Chennai Bench,Creditor,Operational Creditor,Not Available,NA,Not Available,Merchem Ltd.,Not Available,Not Available,Not Available,Not Available,Not Available,26.07.2017,Not Available,Dismissed,NA,Settlement,http://nclt.gov.in/Publication/Chennai_Bench/2017/Others/109.pdf,N,N,NA,NA
CP/536/(IB)/CB/2017,Chennai Bench,Creditor,Operational Creditor,Vendor,NA,Not Available,Infonet Asia Pvt. Ltd.,Not Available,01.04.2017,Not Available,Not Available,Not Available,02.08.2017,Invoice,Admitted,Not Available,NA,http://nclt.gov.in/Publication/Chennai_Bench/2017/Others/317.pdf,N,N,NA,NA
CP/544/(IB)/2017,Chennai Bench,Creditor,Operational Creditor,Not Available,NA,Not Available,Nag Leathers Pvt. Ltd.,Not Available,Not Available,Not Available,Not Available,Not Available,04.08.2017,Not Available,Dismissed,NA,Non-prosecution,http://nclt.gov.in/Publication/Chennai_Bench/2017/Others/218.pdf,N,N,NA,NA
CP/546/(IB)CB/2017,Chennai Bench,Creditor,Operational Creditor,Vendor,NA,Not Available,Visuwam Auto Spare Parts Pvt. Ltd.,Not Available,19.04.2017,Not Available,Not Available,Not Available,07.08.2017,Invoice,Admitted,Not Available,NA,http://nclt.gov.in/Publication/Chennai_Bench/2017/Others/241.pdf,N,N,NA,NA
CP/532/(IB)/2017,Chennai Bench,Creditor,Operational Creditor,Not Available,NA,Not Available,Barath Builders Constructions Pvt. Ltd.,Not Available,Not Available,Not Available,Not Available,Not Available,10.08.2017,Not Available,Dismissed,NA,Settlement,http://nclt.gov.in/Publication/Chennai_Bench/2017/Others/266.pdf,N,N,NA,NA
CP/537/(IB)/2017,Chennai Bench,Creditor,Operational Creditor,Vendor,NA,Not Available,Shriram EPC Ltd.,Not Available,05.05.2017,Not Available,Not Available,Not Available,10.08.2017,Not Available,Admitted,C Ramasubramanian,NA,http://nclt.gov.in/Publication/Chennai_Bench/2017/Others/334.pdf,N,Y,Corporate Debtor,Allowed
CP/540/(IB)/CB/2017,Chennai Bench,Creditor,Operational Creditor,Others,NA,Not Available,Orchid Pharma Ltd.,Not Available,14.06.2017,Not Available,Not Available,Not Available,17.08.2017,Lease deed,Admitted,Mr. CMA CS Rajasekaran,NA,http://nclt.gov.in/Publication/Chennai_Bench/2017/Others/365.pdf,N,N,NA,NA
CP/542/IB/CB/2017,Chennai Bench,Creditor,Operational Creditor,Employee,NA,Not Available,Kutty Flush Doors & Furniture Co. Pvt. Ltd.,Not Available,08.06.2017,Not Available,Not Available,Not Available,23.08.2017,Not Available,Dismissed,NA,Settlement,http://nclt.gov.in/Publication/Chennai_Bench/2017/Others/376.pdf,N,N,NA,NA
CP/550/(IB)/2017,Chennai Bench,Creditor,Operational Creditor,Not Available,NA,Not Available,Effel Exports Pvt. Ltd.,Not Available,Not Available,Not Available,Not Available,Not Available,31.08.2017,Not Available,Dismissed,Not Available,Settlement,http://nclt.gov.in/Publication/Chennai_Bench/2017/Others/444.pdf,N,N,NA,NA
48/7/NCLT/AHM/2017,Ahmedabad Bench,Creditor,Financial Creditor,NA,Bank,Not Available,Alok Industries Ltd.,Not Available,NA,NA,29.06.2017,12.07.2017,18.07.2017,Not Available,Admitted,Mr. Ajay Joshi,NA,http://nclt.gov.in/Publication/Ahmedabad_Bench/2017/Others/133.pdf,N,N,NA,NA
43/9/NCLT/AHM/2017,Ahmedabad Bench,Creditor,Operational Creditor,Not Available,NA,Not Available,Jay Bhagwati Tex Prints Ltd.,Not Available,Not Available,Not Available,Not Available,Not Available,18.07.2017,Not Available,Dismissed,NA,Settlement,http://nclt.gov.in/Publication/Ahmedabad_Bench/2017/Others/134.pdf,N,N,NA,NA
35/9/NCLT/AHM/2017,Ahmedabad Bench,Creditor,Operational Creditor,Vendor,NA,Unsecured,GEI Industrial Systems Ltd.,Not Available,30.03.2017,03.04.2017,29.05.2017,05.07.2017,20.07.2017,"Invoices and purchase prders, letter from Respondent, legal notices, bank statement",Admitted,Not Available,NA,http://nclt.gov.in/Publication/Ahmedabad_Bench/2017/Others/144.pdf,N,N,NA,NA
42/7/NCLT/AHM/2017,Ahmedabad Bench,Creditor,Financial Creditor,NA,Not Available,Not Available,Anil Ltd.,Not Available,NA,NA,Not Available,Not Available,20.07.2017,Not Available,Dismissed,NA,Withdrawn,http://nclt.gov.in/Publication/Ahmedabad_Bench/2017/Others/145.pdf,N,N,NA,NA
32/7/NCLT/AHM/2017,Ahmedabad Bench,Creditor,Financial Creditor,NA,NBFC,Secured,K.S. Oils Ltd.,Not Available,NA,NA,Not Available,05.07.2017,21.07.2017,"Rupeeloan agreement, Supplementary Agreement, deed of hypothecation , guarantor",Admitted,Mr. Kuldip Verma,NA,http://nclt.gov.in/Publication/Ahmedabad_Bench/2017/Others/147.pdf,N,N,NA,NA
41/9/NCLT/AHM/2017,Ahmedabad Bench,Creditor,Operational Creditor,Not Available,NA,Not Available,Anil Ltd.,Not Available,Not Available,Not Available,Not Available,Not Available,25.07.2017,Not Available,Dismissed,NA,Settlement,http://nclt.gov.in/Publication/Ahmedabad_Bench/2017/Others/153.pdf,N,N,NA,NA
49/10/NCLT/AHM/2017,Ahmedabad Bench,Corporate Debtor,NA,NA,NA,Secured and unsecured,Somnath Textile Pvt. Ltd.,Not Available,NA,NA,Not Available,Not Available,28.07.2017,list of financial and operational Creditors and valuation reports,Admitted,Mr. Premraj Ram Ratan Laddha,NA,http://nclt.gov.in/Publication/Ahmedabad_Bench/2017/Others/168.pdf,N,N,NA,NA
30/9/NCLT/AHM/2017,Ahmedabad Bench,Creditor,Operational Creditor,Vendor,NA,Unsecured,Aerocon Buildwell Pvt. Ltd.,Not Available,03.04.2017,05.04.2017,25.05.2017,04.07.2017,31.07.2017,"Invoices, Bils, ledgers",Dismissed,NA,Existing dispute,http://nclt.gov.in/Publication/Ahmedabad_Bench/2017/Others/169.pdf,N,Y,Creditor,Allowed
33/9/NCLT/AHM/2017,Ahmedabad Bench,Creditor,Operational Creditor,Vendor,NA,Secured,Ardor Global Pvt. Ltd.,Not Available,Not Available,Not Available,31.05.2017,Not Available,31.07.2017,Deed of Gurantee and invoices,Admitted,Mr. Ravi Kapoor,NA,http://nclt.gov.in/Publication/Ahmedabad_Bench/2017/Others/170.pdf,N,N,NA,NA
55/7/NCLT/AHM/2017,Ahmedabad Bench,Creditor,Financial Creditor,NA,Not Available,Not Available,V S Texmiles Pvt. Ltd.,Not Available,NA,NA,Not Available,Not Available,31.07.2017,Not Available,Dismissed,NA,Settlement,http://nclt.gov.in/Publication/Ahmedabad_Bench/2017/Others/174.pdf,N,N,NA,NA
53/7/NCLT/AHM/2017,Ahmedabad Bench,Creditor,Financial Creditor,NA,Bank,Secured,ABG Shipyard Ltd.,Not Available,NA,NA,03.07.2017,20.07.2017,01.08.2017,Guarantees and letters of Comfort,Admitted,Mr. Sudaresh Bhatt,NA,http://nclt.gov.in/Publication/Ahmedabad_Bench/2017/Others/176.pdf,N,N,NA,NA
58/9/NCLT/AHM/2017,Ahmedabad Bench,Creditor,Operational Creditor,Not Available,NA,Not Available,Rajkamal Builders Pvt. Ltd.,Not Available,Not Available,Not Available,Not Available,Not Available,01.08.2017,Not Available,Dismissed,NA,Withdrawn,http://nclt.gov.in/Publication/Ahmedabad_Bench/2017/Others/177.pdf,N,N,NA,NA
47/9/NCLT/AHM/2017,Ahmedabad Bench,Creditor,Operational Creditor,Vendor,NA,Unsecured,Shri Ram Multi Tech Ltd.,Not Available,02.02.2017,03.02.2017,Not Available,12.07.2017,01.08.2017,"Invoice purchase orders, delivery challan",Dismissed,NA,Existing dispute,http://nclt.gov.in/Publication/Ahmedabad_Bench/2017/Others/178.pdf,N,N,NA,NA
59/9/NCLT/AHM/2017,Ahmedabad Bench,Creditor,Operational Creditor,Not Available,NA,Not Available,Khushbu Vinyl Pvt. Ltd.,Not Available,Not Available,Not Available,Not Available,Not Available,01.08.2017,Not Available,Dismissed,NA,Withdrawn,http://nclt.gov.in/Publication/Ahmedabad_Bench/2017/Others/179.pdf,N,N,NA,NA
50/9/NCLT/AHM/2017,Ahmedabad Bench,Creditor,Operational Creditor,Employee,NA,Unsecured,Acteon India Pvt. Ltd.,Not Available,25.05.2017,25.05.2017,21.06.2017,13.07.2017,01.08.2017,Remuneration agreement,Dismissed,NA,Existing dispute,http://nclt.gov.in/Publication/Ahmedabad_Bench/2017/Others/180.pdf,N,Y,Creditor, Rejected (withdrawn)
40/7/NCLT/AHM/2017 and 39/7/NCLT/AHM/2017,Ahmedabad Bench,Creditor,Financial Creditor,NA,Bank,Secured,Essar Steels Ltd.,Not Available,NA,NA,Not Available,Not Available,02.08.2017,"Term loan agreement, facility agreement, amendment agreement, annual reports, notices",Admitted,Mr. Satish Kumar Gupta,NA,http://nclt.gov.in/Publication/Ahmedabad_Bench/2017/Others/182.pdf,N,N,NA,NA
44/9/NCLT/AHM/2017,Ahmedabad Bench,Creditor,Operational Creditor,Vendor,NA,Unsecured,Syso Industries Ltd.,Not Available,02.03.2017,03.03.2017,15.06.2017,11.07.2017,02.08.2017,"Invoices, ledgers, orders, delivery challan",Admitted,Mr. Hemanshu Kapadia,NA,http://nclt.gov.in/Publication/Ahmedabad_Bench/2017/Others/185.pdf,N,Y,Corporate Debtor,Allowed
56/7/NCLT/AHM/2017,Ahmedabad Bench,Creditor,Financial Creditor,NA,Not Available,Not Available,Balaji Infrabuild Pvt. Ltd.,Not Available,NA,NA,Not Available,Not Available,02.08.2017,Not Available,Dismissed,NA,Withdrawn,http://nclt.gov.in/Publication/Ahmedabad_Bench/2017/Others/186.pdf,N,N,NA,NA
52/9/NCLT/AHM/2017,Ahmedabad Bench,Creditor,Operational Creditor,Employee,NA,Unsecured,International Frozen Foods Industries Ltd.,Not Available,01.06.2017,01.06.2017,29.06.2017,13.07.2017,02.08.2017,letter of appointment and other letters addressed to the respondent,Dismissed,NA,Defective Petition,http://nclt.gov.in/Publication/Ahmedabad_Bench/2017/Others/187.pdf,N,N,NA,NA
45/10/NCLT/AHM/2017,Ahmedabad Bench,Corporate Debtor,NA,NA,NA,Secured and unsecured,Ruby Cables Ltd.,Not Available,NA,NA,28.06.2017,12.07.2017,02.08.2017,Not Available,Admitted,Mr. Pinakin Shah,NA,Y,N,N,NA,NA
38/9/NCLT/AHM/2017,Ahmedabad Bench,Creditor,Operational Creditor,Vendor,NA,Unsecured,Entire Ceramics Ltd.,Not Available,02.05.2017,Not Available,31.05.2017,06.07.2017,03.08.2017,"Invoices, debit notes, bank account statements",Dismissed,NA,Existing dispute,http://nclt.gov.in/Publication/Ahmedabad_Bench/2017/Others/188.pdf,N,N,NA,NA
46/9/NCLT/AHM/2017,Ahmedabad Bench,Creditor,Operational Creditor,Vendor,NA,Unsecured,Mekastar Engineering Ltd.,Not Available,16.02.2017,Not Available,Not Available,Not Available,04.08.2017,"Invoices, email",Admitted,Not Available,NA,http://nclt.gov.in/Publication/Ahmedabad_Bench/2017/Others/192.pdf,N,N,NA,NA
51/7/NCLT/AHM/2017,Ahmedabad Bench,Creditor,Financial Creditor,NA,Bank,Secured,Radheshyam Fibres Pvt. Ltd.,28.06.2016,NA,NA,,13.07.2017,07.08.2017,"Term loan agreements, hypothecation deeds, guarantors, bank statements",Admitted,Mr. Ramchandra D. Choudhary,NA,http://nclt.gov.in/Publication/Ahmedabad_Bench/2017/Others/198.pdf,N,Y,Corporate Debtor, Rejected
60/9/NCLT/AHM/2017,Ahmedabad Bench,Creditor,Operational Creditor,Not Available,NA,Not Available,Wind World (India) Ltd.,Not Available,Not Available,Not Available,Not Available,Not Available,08.08.2017,Not Available,Dismissed,NA,Settlement,http://nclt.gov.in/Publication/Ahmedabad_Bench/2017/Others/204.pdf,N,N,NA,NA
61/9/NCLT/AHM/2017,Ahmedabad Bench,Creditor,Operational Creditor,Not Available,NA,Not Available,Wind World (India) Ltd.,Not Available,Not Available,Not Available,Not Available,Not Available,08.08.2017,Not Available,Dismissed,NA,Settlement,http://nclt.gov.in/Publication/Ahmedabad_Bench/2017/Others/205.pdf,N,N,NA,NA
62/10/NCLT/AHM/2017,Ahmedabad Bench,Corporate Debtor,NA,NA,NA,Not Available,Well Pack Papers and Containers Ltd.,Not Available,Not Available,Not Available,11.07.2017,1.08.2017,09.08.2017,Financial Statements,Admitted,Mr. Ramchandra D. Choudhary,NA,http://nclt.gov.in/Publication/Ahmedabad_Bench/2017/Others/207.pdf,N,N,NA,NA
64/9/NCLT/AHM/2017,Ahmedabad Bench,Creditor,Operational Creditor,Not Available,NA,Not Available,Sumangal Glass Pvt. Ltd.,Not Available,Not Available,Not Available,Not Available,Not Available,09.08.2017,Not Available,Dismissed,NA,Settlement,http://nclt.gov.in/Publication/Ahmedabad_Bench/2017/Others/208.pdf,N,N,NA,NA
57/9/NCLT/AHM/2017,Ahmedabad Bench,Creditor,Operational Creditor,Not Available,NA,Not Available,Delf Constructing Engineers (India) Pvt. Ltd.,Not Available,Not Available,Not Available,Not Available,Not Available,11.08.2017,Not Available,Dismissed,Not Available,Withdrawn,http://nclt.gov.in/Publication/Ahmedabad_Bench/2017/Others/215.pdf,N,N,NA,NA
54/7/NCLT/AHM/2017,Ahmedabad Bench,Creditor,Financial Creditor,NA,Bank,Secured,Keti Highway Developers Pvt. Ltd.,Not Available,NA,NA,Not Available,02.08.2017,17.08.2017,"Escrow Account agreement, term loan agreement, hypothecation deed,term loan agreement",Admitted,Mr. Udayraj Patwardhan,NA,http://nclt.gov.in/Publication/Ahmedabad_Bench/2017/Others/230.pdf,N,N,NA,NA
67/10/NCLT/AHM/2017,Ahmedabad Bench,Corporate Debtor,NA,NA,NA,Secured,Metal Links Alloys Ltd.,NA,NA,NA,NA,NA,17.08.2017,"Title Deeds, mortgage deed, term loan agreements",Admitted,Mr. Rakesh Chaturvedi,NA,http://nclt.gov.in/Publication/Ahmedabad_Bench/2017/Others/229.pdf,N,N,NA,NA
68/10/NCLT/AHM/2017,Ahmedabad Bench,Corporate Debtor,NA,NA,NA,Secured and Unsecured,Metal Holdings India Pvt. Ltd.,Not Available,Not Available,Not Available,Not Available,Not Available,17.08.2017,"Loan documents, mortgage deed, ledger accounts",Admitted,Mr. Rakesh Chaturvedi,NA,http://nclt.gov.in/Publication/Ahmedabad_Bench/2017/Others/228.pdf,N,N,NA,NA
86/7/NCLT/AHM/2017,Ahmedabad Bench,Creditor,Financial Creditor,NA,Bank,Not Available,Steel Konnect (India) Pvt. Ltd.,Not Available,NA,NA,Not Available,Not Available,18.08.2017,Not Available,Dismissed,NA,Withdrawn,http://nclt.gov.in/Publication/Ahmedabad_Bench/2017/Others/237.pdf,N,N,NA,NA
73/10/NCLT/AHM/2017,Ahmedabad Bench,Corporate Debtor,NA,NA,NA,Secured and Unsecured,Shiv Cotgin Pvt. Ltd.,NA,NA,NA,NA,NA,21.08.2017,"Hypothecation deed, bank statements",Admitted,Mr. Prem Laddha,NA,http://nclt.gov.in/Publication/Ahmedabad_Bench/2017/Others/248.pdf,N,N,NA,NA
63/10/NCLT/AHM/2017,Ahmedabad Bench,Corporate Debtor,NA,NA,NA,Secured and Unsecured,Dev Cotex Pvt. Ltd.,NA,NA,NA,NA,NA,21.08.2017,audited financial statements,Admitted,Mr. Prem Laddha,NA,http://nclt.gov.in/Publication/Ahmedabad_Bench/2017/Others/251.pdf,N,N,NA,NA
74/9/NCLT/AHM/2017,Ahmedabad Bench,Creditor,Operational Creditor,Not Available,NA,Not Available,Kanoovi Foods Pvt. Ltd.,Not Available,Not Available,Not Available,Not Available,Not Available,22.08.2017,Not Available,Dismissed,NA,Withdrawn,http://nclt.gov.in/Publication/Ahmedabad_Bench/2017/Others/254.pdf,N,N,NA,NA
60/9/NCLT/AHM/2017,Ahmedabad Bench,Creditor,Operational Creditor,Not Available,NA,Not Available,Ps Accounting Service Pvt. Ltd.,Not Available,Not Available,Not Available,Not Available,Not Available,22.08.2017,Not Available,Dismissed,NA,Withdrawn,http://nclt.gov.in/Publication/Ahmedabad_Bench/2017/Others/255.pdf,N,N,NA,NA
79/9/NCLT/AHM/2017,Ahmedabad Bench,Creditor,Operational Creditor,Not Available,NA,Not Available,Ps Accounting Service Pvt. Ltd.,Not Available,Not Available,Not Available,Not Available,Not Available,22.08.2017,Not Available,Dismissed,NA,Non-prosecution,http://nclt.gov.in/Publication/Ahmedabad_Bench/2017/Others/257.pdf,N,N,NA,NA
83/7/NCLT/AHM/2017,Ahmedabad Bench,Creditor,Financial Creditor,NA,Unspecified,Not Available,Bhatia Coke Washeries Ltd.,Not Available,NA,NA,Not Available,Not Available,23.08.2017,Not Available,Dismissed,NA,Withdrawn,http://nclt.gov.in/Publication/Ahmedabad_Bench/2017/Others/323.pdf,N,N,NA,NA
65/7/NCLT/AHM/2017 ,Ahmedabad Bench,Creditor,Financial Creditor,NA,NBFC,Secured,Anil Nutrients Ltd.,Not Available,NA,NA,Not Available,Not Available,23.08.2017,"Guarantor agreement, working capital facility agreement,Term Loan facility",Admitted,Mr. Subodh Kumar Bajranglal Kedia,NA,http://nclt.gov.in/Publication/Ahmedabad_Bench/2017/Others/320.pdf,N,N,NA,NA
"69/7/NCLT/AHM/2017,71/7/NCLT/AHM/2017,CP(IB) No.70/7/NCLT/AHM/2016, 66/7/NCLT/AHM/2017",Ahmedabad Bench,Creditor,Financial Creditor,NA,NBFC,Secured,Anil Ltd.,Not Available,NA,NA,Not Available,Not Available,23.08.2017,"Guarantor agreement, working capital facility agreement,Term Loan facility",Admitted,Mr. Pramod Bajranglal Kedia,NA,http://nclt.gov.in/Publication/Ahmedabad_Bench/2017/Others/319.pdf,N,N,NA,NA
82/7/NCLT/AHM/2017,Ahmedabad Bench,Creditor,Financial Creditor,NA,Bank,Not Available,Bhatia Coke Energy Ltd.,Not Available,NA,NA,Not Available,Not Available,23.08.2017,Not Available,Dismissed,NA,Withdrawn,http://nclt.gov.in/Publication/Ahmedabad_Bench/2017/Others/317.pdf,N,N,NA,NA
77/9/NCLT/AHM/2016,Ahmedabad Bench,Creditor,Operational Creditor,Not Available,NA,Not Available,Ashish Infracon  Pvt. Ltd.,Not Available,Not Available,Not Available,Not Available,Not Available,24.08.2017,Not Available,Dismissed,NA,Settlement,http://nclt.gov.in/Publication/Ahmedabad_Bench/2017/Others/328.pdf,N,N,NA,NA
CP No. 78/7/NCLT/AHM/2017,Ahmedabad Bench,Creditor,Financial Creditor,NA,Bank,Secured,Shakti Nutraceuticals PVt. Ltd.,Not Available,NA,NA,Not Available,11.08.2017,28.08.2017,Guarantors and demand promisspry note,Admitted,Mr. Pinakin Shah,NA,http://nclt.gov.in/Publication/Ahmedabad_Bench/2017/Others/347.pdf,N,N,NA,NA
CP(IB) No. 110/7/NCLT/AHM/2017,Ahmedabad Bench,Creditor,Financial Creditor,NA,Unspecified,Not Available,Anil Ltd.,Not Available,NA,NA,Not Available,Not Available,29.08.2017,Not Available,Dismissed,NA,Withdrawn,http://nclt.gov.in/Publication/Ahmedabad_Bench/2017/Others/368.pdf,N,N,NA,NA
CP(IB) No. 100/7/NCLT/AHM/2017,Ahmedabad Bench,Creditor,Financial Creditor,NA,Unspecified,Not Available,Anil Ltd.,Not Available,NA,NA,Not Available,Not Available,29.08.2017,Not Available,Dismissed,NA,Withdrawn,http://nclt.gov.in/Publication/Ahmedabad_Bench/2017/Others/367.pdf,N,N,NA,NA
CP(IB) No. 104/7/NCLT/AHM/2017,Ahmedabad Bench,Creditor,Operational Creditor,Not Available,NA,Not Available,Anil Ltd.,Not Available,Not Available,Not Available,Not Available,Not Available,29.08.2017,Not Available,Dismissed,NA,Existing IRP,http://nclt.gov.in/Publication/Ahmedabad_Bench/2017/Others/369.pdf,N,N,NA,NA
CP(IB) No. 105/7/NCLT/AHM/2017,Ahmedabad Bench,Creditor,Financial Creditor,NA,Unspecified,Not Available,Anil Ltd.,Not Available,NA,NA,Not Available,Not Available,29.08.2017,Not Available,Dismissed,NA,Withdrawn,http://nclt.gov.in/Publication/Ahmedabad_Bench/2017/Others/366.pdf,N,N,NA,NA
CP(IB) No. 99/9/NCLT/AHM/2017,Ahmedabad Bench,Creditor,Operational Creditor,Not Available,NA,Not Available,Anil Ltd.,Not Available,Not Available,Not Available,Not Available,Not Available,29.08.2017,Not Available,Dismissed,NA,Withdrawn,http://nclt.gov.in/Publication/Ahmedabad_Bench/2017/Others/365.pdf,N,N,NA,NA
CP(IB) No. 106/7/NCLT/AHM/2017,Ahmedabad Bench,Creditor,Financial Creditor,NA,Unspecified,Not Available,Anil Ltd.,Not Available,NA,NA,Not Available,Not Available,29.08.2017,Not Available,Dismissed,NA,Withdrawn,http://nclt.gov.in/Publication/Ahmedabad_Bench/2017/Others/364.pdf,N,N,NA,NA
CP(IB) No. 109/7/NCLT/AHM/2017,Ahmedabad Bench,Creditor,Financial Creditor,NA,Unspecified,Not Available,Anil Ltd.,Not Available,NA,NA,Not Available,Not Available,29.08.2017,Not Available,Dismissed,NA,Withdrawn,http://nclt.gov.in/Publication/Ahmedabad_Bench/2017/Others/363.pdf,N,N,NA,NA
CP(IB) No.103/7/NCLT/AHM/2017,Ahmedabad Bench,Creditor,Financial Creditor,NA,Unspecified,Not Available,Anil Ltd.,Not Available,NA,NA,Not Available,Not Available,29.08.2017,Not Available,Dismissed,NA,Withdrawn,http://nclt.gov.in/Publication/Ahmedabad_Bench/2017/Others/362.pdf,N,N,NA,NA
CP(IB) No. 108/7/NCLT/AHM/2017,Ahmedabad Bench,Creditor,Financial Creditor,NA,Unspecified,Not Available,Anil Ltd.,Not Available,NA,NA,Not Available,Not Available,29.08.2017,Not Available,Dismissed,NA,Withdrawn,http://nclt.gov.in/Publication/Ahmedabad_Bench/2017/Others/360.pdf,N,N,NA,NA
CP(IB) No. 101/7/NCLT/AHM/2017,Ahmedabad Bench,Creditor,Financial Creditor,NA,Unspecified,Not Available,Anil Ltd.,Not Available,NA,NA,Not Available,Not Available,29.08.2017,Not Available,Dismissed,NA,Withdrawn,http://nclt.gov.in/Publication/Ahmedabad_Bench/2017/Others/359.pdf,N,N,NA,NA
CP(IB) No. 76/9/NCLT/AHM/2017,Ahmedabad Bench,Creditor,Operational Creditor,Not Available,NA,Not Available,Shreenidhi Woodtech Pvt. Ltd.,Not Available,Not Available,Not Available,Not Available,Not Available,29.08.2017,Not Available,Dismissed,NA,Withdrawn,http://nclt.gov.in/Publication/Ahmedabad_Bench/2017/Others/358.pdf,N,N,NA,NA
CP(IB) No. 111/7/NCLT/AHM/2017,Ahmedabad Bench,Creditor,Financial Creditor,NA,Unspecified,Not Available,Anil Ltd.,Not Available,NA,NA,Not Available,Not Available,29.08.2017,Not Available,Dismissed,NA,Withdrawn,http://nclt.gov.in/Publication/Ahmedabad_Bench/2017/Others/356.pdf,N,N,NA,NA
CP(IB) No.107 /7/NCLT/AHM/2017,Ahmedabad Bench,Creditor,Financial Creditor,NA,Unspecified,Not Available,Anil Ltd.,Not Available,NA,NA,Not Available,Not Available,29.08.2017,Not Available,Dismissed,NA,Withdrawn,http://nclt.gov.in/Publication/Ahmedabad_Bench/2017/Others/353.pdf,N,N,NA,NA
CP(IB) No. 102/7/NCLT/AHM/2017,Ahmedabad Bench,Creditor,Financial Creditor,NA,Unspecified,Not Available,Anil Ltd.,Not Available,NA,NA,Not Available,Not Available,29.08.2017,Not Available,Dismissed,NA,Withdrawn,http://nclt.gov.in/Publication/Ahmedabad_Bench/2017/Others/352.pdf,N,N,NA,NA
CP(IB) No. 95/9/NCLT/AHM/2017,Ahmedabad Bench,Creditor,Operational Creditor,Not Available,NA,Not Available,Techno Forge Ltd.,Not Available,Not Available,Not Available,Not Available,Not Available,30.08.2017,Not Available,Dismissed,NA,Non-prosecution,http://nclt.gov.in/Publication/Ahmedabad_Bench/2017/Others/374.pdf,N,N,NA,NA
CP(IB) No. 85/10/NCLT/AHM/2017,Ahmedabad Bench,Corporate Debtor,NA,NA,NA,Unspecified,Sarthak Creation Pvt. Ltd.,NA,NA,NA,Not Available,18.08.2017,30.08.2017,NA,Admitted,Kailash T. shah,NA,http://nclt.gov.in/Publication/Ahmedabad_Bench/2017/Others/376.pdf,N,N,NA,NA
CP(IB) No. 98/7/NCLT/AHM/2017,Ahmedabad Bench,Creditor,Financial Creditor,NA,Unspecified,Not Available,Anil Ltd.,Not Available,NA,NA,Not Available,Not Available,31.08.2017,Not Available,Dismissed,NA,Settlement,http://nclt.gov.in/Publication/Ahmedabad_Bench/2017/Others/Final%20Ashtavinayak%20Ecometals%20Pvt.%20Ltd.%20v.%20Anil%20Ltd..pdf,N,N,NA,NA
CP(IB) No. 36/9/NCLT/AHM/2017,Ahmedabad Bench,Creditor,Operational Creditor,Vendor,NA,NA,GEI Industrial Systems Ltd.,Not Available,Not Available,Not Available,Not Available,Not Available,31.08.2017,Not Available,Dismissed,Not avaialable,Other,http://nclt.gov.in/Publication/Ahmedabad_Bench/2017/Others/Final%20Nagai%20Power%20Pvt.%20Ltd.%20v.%20GEI%20Industrial%20systems%20Ltd..pdf,N,N,NA,NA
CP(IB) No. 96/9/NCLT/AHM/2017,Ahmedabad Bench,Creditor,Operational Creditor,Not Available,NA,Not Available,Wind World(India)Pvt. Ltd.,Not Available,Not Available,Not Available,Not Available,Not Available,31.08.2017,Not Available,Dismissed,NA,Settlement,http://nclt.gov.in/Publication/Ahmedabad_Bench/2017/Others/Final%20Oasis%20Infrastructure%20Pvt.%20Ltd.%20v.%20Wind%20World(India)%20Ltd..pdf,N,N,NA,NA
94/9/HDB/2017,Hyderabad Bench ,Creditor,Operational Creditor,Vendor,NA,Unsecured,YTRRE Software Solutions Ltd.,Not Available,Not Available,Not Available,Not Available,20.07.2017,24.07.2017,Not Available,Dismissed,NA,Settlement,http://nclt.gov.in/Publication/Hyderabad_Bench/2017/Others/153.pdf,N,N,NA,NA
CP(IB) No. 53/9/HDB/2017,Hyderabad Bench ,Creditor,Operational Creditor,Vendor,NA,Unsecured,Gayatri Projects Ltd.,Not Available,10.02.2017,Not Available,Not Available,02.05.2017,31.07.2017,Purchase orders and invoices,Dismissed,NA,Settlement,http://nclt.gov.in/Publication/Hyderabad_Bench/2017/Others/107.pdf,N,N,NA,NA
CP(IB) No.01/IBC/HDB/2017,Hyderabad Bench ,Corporate Debtor,NA,NA,NA,Not Available,Synergies Dooray Automative Ltd.,Not Available,Not Available,Not Available,Not Available,Not Available,02.08.2017,NA,Dismissed,Mamta Binani ,Other,http://nclt.gov.in/Publication/Hyderabad_Bench/2017/Others/96.pdf,N,N,NA,NA
CP No.111/7/HDB/2017,Hyderabad Bench ,Creditor,Financial Creditor,NA,Bank,Secured,Lanco Infratech Ltd.,Not Available,NA,NA,Not Available,25.07.2017,07.08.2017,"loan agreements, demand promissory note, letter of continuity, bank statement",Admitted,Savan Godiawala,NA,http://nclt.gov.in/interim_orders/hyderabad/07.08.2017/1.pdf,N,N,NA,NA
CP No.114/9/HDB/2017,Hyderabad Bench ,Creditor,Operational Creditor,Not Available,NA,Unsecured,Lanco Infratech Ltd.,04.01.2016,Not Available,Not Available,Not Available,Not Available,07.08.2017,Not Available,Dismissed,NA,Other,http://nclt.gov.in/Publication/Hyderabad_Bench/2017/Others/123.pdf,N,N,NA,NA
CP(IB) 113/9/HDB/2017,Hyderabad Bench ,Creditor,Operational Creditor,Not Available,NA,Unsecured,Lanco Infratech Ltd.,06.07.2012,09.02.2017,Not Available,Not Available,Not Available,07.08.2017,Not Available,Dismissed,NA,Other,http://nclt.gov.in/Publication/Hyderabad_Bench/2017/Others/135.pdf,N,N,NA,NA
CP(IB) 112/9/HDB/2017,Hyderabad Bench ,Creditor,Operational Creditor,Not Available,NA,Unsecured,Lanco Infratech Ltd.,06.01.2011,02.03.2011,Not Available,Not Available,Not Available,07.08.2017,Not Available,Dismissed,NA,Other,http://nclt.gov.in/Publication/Hyderabad_Bench/2017/Others/134.pdf,N,N,NA,NA
CP(IB) 81/7/HDB/2017,Hyderabad Bench ,Creditor,Financial Creditor,NA,Individuals,Unsecured,Aayusiddhi Life Science Pvt. Ltd.,Not Available,NA,NA,16.05.2017,15.06.2017,08.08.2017,Letter of loan repayment,Dismissed,NA,Defective Petition,http://nclt.gov.in/Publication/Hyderabad_Bench/2017/Others/147.pdf,N,N,NA,NA
CP(IB) 136/9/HDB/2017,Hyderabad Bench,Creditor,Operational Creditor,Vendor,NA,Unsecured,Vishwa Infrastructure and Services Pvt. Ltd.,Not Available,02.02.2017,Not Available,Not Available,02.08.2017,10.08.2017,Bills ,Dismissed,NA,Settlement,http://nclt.gov.in/Publication/Hyderabad_Bench/2017/Others/302.pdf,N,N,NA,NA
CP(IB) No. 119/9/HDB/2017,Hyderabad Bench ,Creditor,Operational Creditor,Employee,NA,Unsecured,VBC Industries Ltd.,Not Available,29.04.2017,Not Available,Not Available,27.07.2017,11.08.2017,Not Available,Dismissed,NA,Defective Petition,http://nclt.gov.in/Publication/Hyderabad_Bench/2017/Others/97.pdf,N,N,NA,NA
CP(IB) No. 118/9/HDB/2017,Hyderabad Bench ,Creditor,Operational Creditor,Employee,NA,Unsecured,VBC Industries Ltd.,Not Available,26.03.2017,Not Available,Not Available,27.07.2017,11.08.2017,Not Available,Dismissed,NA,Withdrawn,http://nclt.gov.in/Publication/Hyderabad_Bench/2017/Others/100.pdf,N,N,NA,NA
CP(IB) 143/9/HDB/2017,Hyderabad Bench,Creditor,Operational Creditor,Not Available,NA,Not Available,Ramky Infrastructure Ltd.,Not Available,Not Available,Not Available,Not Available,09.08.2017,14.08.2017,Not Available,Dismissed,NA,Defective Petition,http://nclt.gov.in/Publication/Hyderabad_Bench/2017/Others/301.pdf,N,N,NA,NA
CP(IB) No. 144/9/HDB/2017,Hyderabad Bench ,Creditor,Operational Creditor,Vendor,NA,Unsecured,Vijay Home Appliance Litd.,Not Available,18.07.2017,Not Available,Not Available,09.08.2017,14.08.2017,Invoices and order,Dismissed,NA,Withdrawn,http://nclt.gov.in/Publication/Hyderabad_Bench/2017/Others/98.pdf,N,N,NA,NA
CP(IB) No. 130/9/HDB/2017,Hyderabad Bench ,Creditor,Operational Creditor,Not Available,NA,Unsecured,SuryaJyoti Spinning Mills Ltd.,Not Available,10.04.2017,Not Available,14.07.2017,31.07.2017,14.08.2017,Invoices,Dismissed,NA,Withdrawn,http://nclt.gov.in/Publication/Hyderabad_Bench/2017/Others/119.pdf,N,N,NA,NA
CP No. (IB)128/10/HDB/2017,Hyderabad Bench ,Corporate Debtor,NA,NA,NA,Secured,Neeta Chemicals (I) Pvt. Ltd.,NA,NA,NA,NA,NA,14.08.2017,Term loan agreement,Dismissed,NA,Non-prosecution,http://nclt.gov.in/Publication/Hyderabad_Bench/2017/Others/110.pdf,N,N,NA,NA
CP(IB) No.135/9/HDB/2017,Hyderabad Bench ,Creditor,Operational Creditor,Not Available,NA,Unsecured,GVK Bio Sciences Pvt. Ltd.,Not Available,23.03.2017,Not Available,Not Available,1.08.2017,14.08.2017,Invoices,Dismissed,NA,Withdrawn,http://nclt.gov.in/Publication/Hyderabad_Bench/2017/Others/122.pdf,N,N,NA,NA
CP(IB) No.120/9/HDB/2017,Hyderabad Bench ,Creditor,Operational Creditor,Not Available,NA,Unsecured,Legend Estate Pvt. Ltd.,Not Available,Not Available,Not Available,Not Available,28.07.2017,21.08.2017,Not Available,Dismissed,NA,Settlement,http://nclt.gov.in/Publication/Hyderabad_Bench/2017/Others/114.pdf,N,N,NA,NA
CP(IB) No. 50/10/HDB/2017,Hyderabad Bench ,Corporate Debtor,NA,NA,NA,Not Available,Ameya Laboratories Ltd.,NA,NA,NA,Not Available,Not Available,21.08.2017,Not Available,Dismissed,NA,Other,http://nclt.gov.in/Publication/Hyderabad_Bench/2017/Others/104.pdf,N,N,NA,NA
CP(IB) No.138/7/HDB/2017,Hyderabad Bench ,Creditor,Financial Creditor,NA,Unspecified,Not Available,Windstream Energy Technologies India Pvt. Ltd.,Not Available,NA,NA,Not Available,Not Available,21.08.2017,Not Available,Dismissed,NA,Defective Petition,http://nclt.gov.in/Publication/Hyderabad_Bench/2017/Others/112.pdf,N,N,NA,NA
CP(IB) No. 141/9/HDB/2017,Hyderabad Bench,Creditor,Operational Creditor,Vendor,NA,Unsecured,Ind-Barath Energy (Utkal) Ltd.,Not Available,25.04.2017,Not Available,Not Available,09.08.2017,21.08.2017,Invoices,Dismissed,NA,Settlement,http://nclt.gov.in/Publication/Hyderabad_Bench/2017/Others/338.pdf,N,N,NA,NA
CP(IB) No. 95/9/HDB/2017,Hyderabad Bench ,Creditor,Operational Creditor,Others,NA,Not Available,Alien Developers (P) Ltd.,02.04.2017,28.04.2017,Not Available,Not Available,10.07.2017,22.08.2017,Not Available,Dismissed,NA,Settlement,http://nclt.gov.in/Publication/Hyderabad_Bench/2017/Others/101.pdf,N,N,NA,NA
CP(IB) No. 104/9/HDB/2017,Hyderabad Bench ,Creditor,Operational Creditor,Others,NA,Not Available,Alien Developers (P) Ltd.,15.03.2016,12.05.2017,Not Available,Not Available,19.07.2017,22.08.2017,Not Available,Dismissed,NA,Settlement,http://nclt.gov.in/Publication/Hyderabad_Bench/2017/Others/102.pdf,N,N,NA,NA
CP(IB) No. 105/9/HDB/2017,Hyderabad Bench ,Creditor,Operational Creditor,Others,NA,Not Available,Alien Developers (P) Ltd.,02.04.2017,13.04.3017,Not Available,Not Available,19.07.2017,22.08.2017,Not Available,Dismissed,NA,Settlement,http://nclt.gov.in/Publication/Hyderabad_Bench/2017/Others/103.pdf,N,N,NA,NA
CP No. 127/10/HDB/2017,Hyderabad Bench ,Corporate Debtor,NA,NA,NA,Secured,Anrak Aluminium Ltd.,Not Available,Not Available,Not Available,07.07.2017,28.07.2017,31.08.2017,Financial statements,Dismissed,NA,Other,http://nclt.gov.in/Publication/Hyderabad_Bench/2017/Others/148.pdf,N,N,NA,NA
60/ALD/2017,Allahabad Bench,Creditor,Operational Creditor,Employee,NA,Unsecured,Wegilant Net Solutions Pvt. Ltd.,Not Available,Not Available,Not Available,Not Available,Not Available,28.07.2017,"Increment and promotion letter, employer agreement",Admitted,Not avaialable,NA,http://nclt.gov.in/Publication/Allahabad_Bench/2017/Others/18.pdf,N,N,NA,NA
(IB)18/ALD/2017,Allahabad Bench,Creditor,Operational Creditor,Vendor,NA,Unsecured,South East U.P. Power Transmission Co. Ltd.,Not Available,21.12.2016,Not Available,27.02.2017,Not Available,04.08.2017,Bank Statement,Dismissed,NA,Existing dispute,http://nclt.gov.in/Publication/Allahabad_Bench/2017/Others/31.pdf,N,N,NA,NA
CP.No(IB)77/ALD/2017,Allahabad Bench,Creditor,Financial Creditor,NA,Bank,Secured,Jaypee Infratech Ltd.,Not Available,NA,NA,Not Available,Not Available,09.08.2017,Audited financial statements,Admitted,Not avaialable,NA,http://nclt.gov.in/Publication/Allahabad_Bench/2017/Others/19.pdf,N,N,NA,NA
CP.No.(IB)68/ALD/2017,Allahabad Bench,Creditor,Operational Creditor,Not Available,NA,Not Available,Jaypee Infratech Ltd.,Not Available,Not Available,Not Available,Not Available,Not Available,28.08.2017,Not Available,Dismissed,NA,Other,http://nclt.gov.in/Publication/Allahabad_Bench/2017/Others/25.pdf,N,N,NA,NA
CP(IB).No.04/BB/2017,Bengaluru Bench,Unspecified,Unspecified,Not Available,Unclear,Not Available,G.K. Shelters Pvt. Ltd.,Not Available,Not Available,Not Available,Not Available,Not Available,21.07.2017,Not Available,Dismissed,NA,Settlement,http://nclt.gov.in/Publication/Bengaluru_Bench/2017/Others/125.pdf,N,N,NA,NA
CP(IB).No.27/BB/2017,Bengaluru Bench,Creditor,Operational Creditor,Not Available,NA,Not Available,Le Ecosystem Technology India Pvt. Ltd.,Not Available,Not Available,Not Available,Not Available,Not Available,16.08.2017,Not Available,Dismissed,NA,Settlement,http://nclt.gov.in/Publication/Bengaluru_Bench/2017/Others/188.pdf,N,N,NA,NA
CP(IB) NO.16/BB/2017,Bengaluru Bench,Creditor,Unspecified,Not Available,Unspecified,Not Available,R K Swamy BBDO PVt. Ltd.,Not Available,Not Available,Not Available,Not Available,Not Available,23.08.2017,Not Available,Dismissed,NA,Settlement,http://nclt.gov.in/Publication/Bengaluru_Bench/2017/Others/R%20K%20Swamy%20BBDO%20Pvt%20Ltd%20IB%2016%2017%20FO.pdf,N,N,NA,NA
CP(IB)No.39/BB/2017,Bengaluru Bench,Creditor,Unspecified,Not Available,Unspecified,Not Available,Siesta Hospital Services Ltd.,Not Available,Not Available,Not Available,Not Available,Not Available,31.08.2017,Not Available,Dismissed,NA,Settlement,http://nclt.gov.in/Publication/Bengaluru_Bench/2017/Others/205.pdf,,N,NA,NA
33/Chd/Hry/2017,Chandigarh Bench,Creditor,Operational Creditor,Vendor,NA,Unsecured,Isolux Corsan India Engineering and Construction Pvt. Ltd,Not Available,04.04.2017,Not Available,30.04.2017,03.07.2017,21.07.2017,Invoices and emails,Dismissed,NA,Other,http://nclt.gov.in/Publication/Chandigarh_Bench/2017/Others/76.pdf,,Y,Creditor,Rejected
133/Chd/Hry/2017,Chandigarh Bench,Creditor,Operational Creditor,Vendor,NA,Unsecured,A2Z Powercom Ltd.,21.09.2012,07.06.2017,Not Available,Not Available,Not Available,26.07.2017,Not Available,Dismissed,NA,Time barred,http://nclt.gov.in/Publication/Chandigarh_Bench/2017/Others/69.pdf,,N,NA,NA
53/Chd/Pb/2017,Chandigarh Bench,Creditor,Operational Creditor,Not Available,Unspecified,Not Available,Ceigall India Ltd.,Not Available,Not Available,Not Available,Not Available,Not Available,27.07.2017,Not Available,Dismissed,NA,Settlement,http://nclt.gov.in/Publication/Chandigarh_Bench/2017/Others/84.pdf,,N,NA,NA
48/Chd/Hry/2017,Chandigarh Bench,Creditor,Operational Creditor,Not Available,Unspecified,Not Available,Lakshmi Precision Screws Ltd.,Not Available,Not Available,Not Available,Not Available,Not Available,27.07.2017,Not Available,Dismissed,NA,Withdrawn,http://nclt.gov.in/Publication/Chandigarh_Bench/2017/Others/86.pdf,,N,NA,NA
39/Chd/Pb/2017,Chandigarh Bench,Creditor,Financial Creditor,NA,Unspecified,Unsecured,Muskaan Power Infrastructure Ltd.,Not Available,NA,NA,Not Available,07.07.2017,28.07.2017,Loan agreement and invoices,Admitted,Not Available,NA,http://nclt.gov.in/Publication/Chandigarh_Bench/2017/Others/91.pdf,,N,NA,NA
45/Chd/Pb/2017,Chandigarh Bench,Creditor,Financial Creditor,NA,Bank,Not Available,S.R. Green Housing Projects Ltd.,Not Available,NA,NA,Not Available,24.07.2017,04.08.2017,Not Available,Dismissed,NA,Defective Petition,http://nclt.gov.in/Publication/Chandigarh_Bench/2017/Others/107.pdf,,N,NA,NA
43/Chd/Pb/2017,Chandigarh Bench,Creditor,Financial Creditor,NA,Bank,Secured,Concord Hospitality Pvt. Ltd.,Not Available,NA,NA,Not Available,11.07.2017,04.08.2017,"Term loan agreement, mortgage deeds",Admitted,Mr. Navneet Gupta,NA,http://nclt.gov.in/Publication/Chandigarh_Bench/2017/Others/109.pdf,,N,NA,NA
CP(IB) No. 47/Chd/Hry/2017,Chandigarh Bench,Creditor,Financial Creditor,NA,NA,Unsecured,Leeway Logistics Ltd,Not Available,NA,NA,Not Available,Not Available,07.08.2017,"Loan document, letter from debtor",Dismissed,NA,Defective Petition,http://nclt.gov.in/Publication/Chandigarh_Bench/2017/Others/index.html,N,N,NA,NA
CP.No.57/Chd/Hry/2017,Chandigarh Bench,Creditor,Operational Creditor,Not Available,NA,Not Available,Jindal Steel and Power Ltd.,Not Available,Not Available,Not Available,Not Available,Not Available,17.08.2017,Not Available,Dismissed,NA,Withdrawn,http://nclt.gov.in/Publication/Chandigarh_Bench/2017/Others/121.pdf,,N,NA,NA
CP (IB) No.59/Chd/Hry/2017,Chandigarh Bench,Creditor,Financial Creditor,Not Available,Unspecified,Not Available,Tirupati Ceramics Ltd.,Not Available,Not Available,Not Available,Not Available,Not Available,30.08.2017,Not Available,Dismissed,NA,Withdrawn,http://nclt.gov.in/Publication/Chandigarh_Bench/2017/Others/133.pdf,,N,NA,NA
CP (IB) No.65/Chd/Pb/2017,Chandigarh Bench,Corporate Debtor,NA,NA,NA,Not Available,Julka Rice and Oils Ltd.,Not Available,Not Available,Not Available,Not Available,Not Available,31.08.2017,Not Available,Dismissed,NA,Withdrawn,http://nclt.gov.in/Publication/Chandigarh_Bench/2017/Others/136.pdf,,N,NA,NA
