"Case.No.","Bench","Who.filed..Corporate.Debtor...Creditor","Type.of.Creditor...Financial.or.operational","Type.of.Operational.Creditor","Type.of.Financial.Creditor","Amount.of.Debt","Name.of.Corporate.Debtor","Due.Date.for.payment","Date.of.demand.notice","Date.of.receipt.service.of.Demand.Notice","Date.of.filing.in.NCLT","First.date.of.case.listing","Date.of.final.disposal","Admitted.Dismissed","Name.of.Insolvency.Professional","Category.for.reason.for.dismissal","BIFR...Y.N","Appeal...Y.N","Who.appealed.","Outcome.of.appeal"
"13/9/NCLT/AHM/2017","Ahmedabad Bench","Creditor","Operational Creditor","Not Available",NA,"Not Available","Express Equipment Rental and Logistic Pvt Ltd",NA,NA,NA,NA,NA,"11.05.2017","Dismissed",NA,"Settlement","N","N",NA,NA
"11/7/NCLT/AHM/2017","Ahmedabad Bench","Creditor","Financial Creditor",NA,"Not Available","Not Available","Anil Ltd.",NA,NA,NA,NA,NA,"09.05.2017","Dismissed",NA,"Settlement","N","N",NA,NA
"12/9/NCLT/AHM/2017","Ahmedabad Bench","Creditor","Operational Creditor","Not Available",NA,"Not Available","DCW Ltd.","Not Available",NA,NA,NA,NA,"08.05.2017","Dismissed",NA,"Settlement","N","N",NA,NA
"10/9/NCLT/AHM/2017","Ahmedabad Bench","Creditor","Operational Creditor","Vendor",NA,"422500000","STI India Ltd.","Not Available","19.04.2017","Not Available","24.04.2017","28.04.2017","05.05.2017","Dismissed",NA,"Other","Y","N",NA,NA
"5/7/NCLT/AHM/2017","Ahmedabad Bench","Creditor","Financial Creditor",NA,"NBFC","66248691","Steel Konnect (India) Pvt. Ltd.",NA,NA,NA,"Not Available","Not Available","19.04.2017","Admitted","Mr. Ritu Rastogi",NA,"Y","Y","Creditor","Rejected"
"6/9/NCLT/AHM/2017","Ahmedabad Bench","Creditor","Operational Creditor","Not Available",NA,"Not Available","Alok Industries Ltd.","Not Available","Not Available","Not Available","Not Available","Not Available","17.04.2017","Dismissed",NA,"Settlement","N","N",NA,NA
"4/10/NCLT/AHM/2017","Ahmedabad Bench","Corporate Debtor",NA,NA,NA,"487963000","Gujarat Oleo Chem Ltd.","Not Available",NA,NA,"02.02.2017","05.04.2017","13.04.2017","Admitted","Shri Rakesh Chaturvedi",NA,"Y","N",NA,NA
"3/9/NCLT/AHM/2017","Ahmedabad Bench","Creditor","Operational Creditor","Vendor",NA,"2250038","Stratus Foods Pvt. Ltd.","Not Available","20.02.2017","21.02.2017","15.03.2017","03.04.2017","10.04.2017","Admitted","Referred to IBBI",NA,"N","N",NA,NA
"01/NCLT/AHM/2017","Ahmedabad Bench","Creditor","Operational Creditor","Vendor",NA,"1362000","Pooja Tex-Prints Pvt. Ltd.","Not Available","05.01.2017","09.01.2017","15.03.2017","28.03.2017","29.03.2017","Admitted","Referred to IBBI",NA,"N","N",NA,NA
"16/9/NCLT/AHM/2017","Ahmedabad Bench","Creditor","Operational Creditor","Vendor",NA,"52646239","Agroh Infrastructure Developer (P) Ltd.","31.08.2014","04.04.2017","8.04.2017","06.05.2017","11.05.2017","18.05.2017","Admitted","Delegated to IBBI",NA,"N","Y","Corporate Debtor","Allowed"
"15/9/NCLT/AHM/2017","Ahmedabad Bench","Creditor","Operational Creditor","Not Available",NA,"Not Available","GEI Power Ltd.","Not Available","Not Available","Not Available","Not Available","Not Available","19.05.2017","Dismissed",NA,"Settlement","N","N",NA,NA
"19/7/NCLT/AHM/2017","Ahmedabad Bench","Creditor","Financial Creditor",NA,"Bank","383106714(Principal)+820412819(corporate guarantor)","Asian Natural Resources India Ltd.","Not Available",NA,NA,"09.05.2017","12.05.2017","23.05.2017","Admitted","Niting Hasmukhlal Parikh",NA,"N","Y","Corporate Debtor","Rejected"
"19/7/NCLT/AHM/2017","Ahmedabad Bench","Corporate Debtor",NA,NA,NA,"50652000","New Tech Fittings Pvt. Ltd.","Not Available",NA,NA,"11.05.2017","Not Available","23.05.2017","Admitted","Devendra Padamchand Jain",NA,"Y","N",NA,NA
"18/7/NCLT/AHM/2017","Ahmedabad Bench","Creditor","Financial Creditor",NA,"Bank","820412819(Principal sum)+ 383106744(Guarantor)","Bhatia Global Trading Ltd.","Not Available",NA,NA,"09.05.2017","17.05.2017","23.05.2017","Admitted","Niting Hasmukhlal Parikh",NA,"N","Y","Corporate Debtor","Rejected"
"20/9/NCLT/AHM/2017","Ahmedabad Bench","Creditor","Operational Creditor","Vendor",NA,"4989907","Shyam Industries Ltd.","Not Available","18.02.2017","Not Available","11.05.2017","12.05.2017","24.05.2017","Admitted","Delegated to IBBI",NA,"N","Y","Corporate Debtor","Allowed"
"26/7/NCLT/AHM/2017","Ahmedabad Bench","Creditor","Financial Creditor",NA,"Not Available","Not Available","Anil Ltd.","Not Available",NA,NA,"Not Available","Not Available","25.05.2017","Dismissed",NA,"Settlement","N","N",NA,NA
"17/7/NCLT/AHM/2017","Ahmedabad Bench","Creditor","Financial Creditor",NA,"Bank","492702852","Western Refrigeration Pvt. Ltd.","Not Available",NA,NA,"08.05.2017","12.05.2017","26.05.2017","Dismissed",NA,"Other","N","N",NA,NA
"21/10/NCLT/AHM/2017","Ahmedabad Bench","Corporate Debtor",NA,NA,NA,"Not Available","New Tech Forge & Foundry Ltd. ","Not Available",NA,NA,"11.05.2017","15.05.2017","29.05.2017","Admitted","Arun Kumar Malani",NA,"Y","N",NA,NA
"22/10/NCLT/AHM/2017","Ahmedabad Bench","Corporate Debtor",NA,NA,NA,"Not Available","Micro Forge (India) Ltd","Not Available",NA,NA,"11.05.2017","15.05.2017","29.05.2017","Admitted","Arun Kumar Malani",NA,"Y","N",NA,NA
"27/7/NCLT/AHM/2017","Ahmedabad Bench","Creditor","Financial Creditor",NA,"Depositor","12570142","Oasis Textiles Ltd.","Not Available","07.06.2017",NA,"17.05.2017","19.05.2017","31.05.2017","Admitted","Umesh Harjivandas",NA,"N","N",NA,NA
"24/9/NCLT/AHM/2017","Ahmedabad Bench","Creditor","Operational Creditor","Vendor",NA,"22612026","Reliance Defence & Engineering Ltd.","29.06.2015","04.02.2017",NA,"12.05.2017","16.05.2017","02.06.2017","Dismissed",NA,"Time Barred","N","N",NA,NA
"25/9/NCLT/AHM/2017","Ahmedabad Bench","Creditor","Operational Creditor","Vendor",NA,"5105400","Reliance Defence & Engineering Ltd.","Not Available","06.04.2017",NA,"Not Available","Not Available","02.06.2017","Dismissed",NA,"Time Barred","N","N",NA,NA
"29/9/NCLT/AHM/2017","Ahmedabad Bench","Creditor","Operational Creditor","Vendor",NA,"4184270","Bhagwan Motors Pvt. Ltd.","19.05.2016","18.04.2017",NA,"24.05.2017","26.05.2017","06.06.2017","Admitted","Rajesh Lohia",NA,"N","Y","Corporate Debtor","Allowed"
"28//10/NCLT/AHM/2017","Ahmedabad Bench","Corporate Debtor",NA,NA,NA,"1138400000","Diamond Power Transformers Ltd. ",NA,NA,NA,"22.05.2017","25.05.2017","06.06.2017","Admitted","Arvind Gaudana",NA,"N","N",NA,NA
"C.P(I.B) No.34/9/NCLT/AHM/2017","Ahmedabad Bench","Creditor","Operational Creditor","Not Available",NA,"Not Available","Ardor Global Pvt. Ltd.","Not Available","Not Available","Not Available","Not Available","Not Available","11.07.2017","Dismissed",NA,"Defective Petition","N","Y","Corporate Debtor","Rejected"
"31/9/NCLT/AHM/2017","Ahmedabad Bench","Creditor","Operational Creditor","Not Available",NA,"Not Available","Jaibhagwati Textprint Pvt. Ltd.","Not Available","Not Available","Not Available","Not Available","Not Available","13.07.2017","Dismissed",NA,"Settlement","N","N",NA,NA
"CP(IB) No. 43/9/NCLT/AHM/2017","Ahmedabad Bench","Creditor","Operational Creditor","Not Available",NA,"Not Available","Jai Bhagwati Tex Prints Pvt. Ltd.","Not Available","Not Available","Not Available","Not Available","Not Available","18.07.2017","Dismissed",NA,"Withdrawn","N","N",NA,NA
"48/7/NCLT/AHM/2017","Ahmedabad Bench","Creditor","Financial Creditor",NA,"Bank","2518003520","Alok Industries Ltd.","Not Available",NA,NA,"29.06.2017","12.07.2017","18.07.2017","Admitted","Mr. Ajay Joshi",NA,"N","N",NA,NA
"43/9/NCLT/AHM/2017","Ahmedabad Bench","Creditor","Operational Creditor","Not Available",NA,"Not Available","Jay Bhagwati Tex Prints Ltd.","Not Available","Not Available","Not Available","Not Available","Not Available","18.07.2017","Dismissed",NA,"Settlement","N","N",NA,NA
"35/9/NCLT/AHM/2017","Ahmedabad Bench","Creditor","Operational Creditor","Vendor",NA,"438071(inclusive of interest on delayed payments@18% p.a.)","GEI Industrial Systems Ltd.","Not Available","30.03.2017","03.04.2017","29.05.2017","05.07.2017","20.07.2017","Admitted","Not Available",NA,"N","N",NA,NA
"42/7/NCLT/AHM/2017","Ahmedabad Bench","Creditor","Financial Creditor",NA,"Not Available","Not Available","Anil Ltd.","Not Available",NA,NA,"Not Available","Not Available","20.07.2017","Dismissed",NA,"Withdrawn","N","N",NA,NA
"32/7/NCLT/AHM/2017","Ahmedabad Bench","Creditor","Financial Creditor",NA,"NBFC","997300000","K.S. Oils Ltd.","Not Available",NA,NA,"Not Available","05.07.2017","21.07.2017","Admitted","Mr. Kuldip Verma",NA,"N","N",NA,NA
"41/9/NCLT/AHM/2017","Ahmedabad Bench","Creditor","Operational Creditor","Not Available",NA,"Not Available","Anil Ltd.","Not Available","Not Available","Not Available","Not Available","Not Available","25.07.2017","Dismissed",NA,"Settlement","N","N",NA,NA
"49/10/NCLT/AHM/2017","Ahmedabad Bench","Corporate Debtor",NA,NA,NA,"990286432.63(inclusive of interest) ONLY STATE BANK","Somnath Textile Pvt. Ltd.","Not Available",NA,NA,"Not Available","Not Available","28.07.2017","Admitted","Mr. Premraj Ram Ratan Laddha",NA,"N","N",NA,NA
"30/9/NCLT/AHM/2017","Ahmedabad Bench","Creditor","Operational Creditor","Vendor",NA,"34209590","Aerocon Buildwell Pvt. Ltd.","Not Available","03.04.2017","05.04.2017","25.05.2017","04.07.2017","31.07.2017","Dismissed",NA,"Existing Dispute","N","Y","Creditor","Allowed"
"33/9/NCLT/AHM/2017","Ahmedabad Bench","Creditor","Operational Creditor","Vendor",NA,"153540909.5","Ardor Global Pvt. Ltd.","Not Available","Not Available","Not Available","31.05.2017","Not Available","31.07.2017","Admitted","Mr. Ravi Kapoor",NA,"N","N",NA,NA
"55/7/NCLT/AHM/2017","Ahmedabad Bench","Creditor","Financial Creditor",NA,"Not Available","Not Available","V S Texmiles Pvt. Ltd.","Not Available",NA,NA,"Not Available","Not Available","31.07.2017","Dismissed",NA,"Settlement","N","N",NA,NA
"53/7/NCLT/AHM/2017","Ahmedabad Bench","Creditor","Financial Creditor",NA,"Bank","42919000000","ABG Shipyard Ltd.","Not Available",NA,NA,"03.07.2017","20.07.2017","01.08.2017","Admitted","Mr. Sudaresh Bhatt",NA,"N","N",NA,NA
"58/9/NCLT/AHM/2017","Ahmedabad Bench","Creditor","Operational Creditor","Not Available",NA,"Not Available","Rajkamal Builders Pvt. Ltd.","Not Available","Not Available","Not Available","Not Available","Not Available","01.08.2017","Dismissed",NA,"Withdrawn","N","N",NA,NA
"47/9/NCLT/AHM/2017","Ahmedabad Bench","Creditor","Operational Creditor","Vendor",NA,"2253133(inclusive of interest @18 % p.a.)","Shri Ram Multi Tech Ltd.","Not Available","02.02.2017","03.02.2017","Not Available","12.07.2017","01.08.2017","Dismissed",NA,"Existing Dispute","N","N",NA,NA
"59/9/NCLT/AHM/2017","Ahmedabad Bench","Creditor","Operational Creditor","Not Available",NA,"Not Available","Khushbu Vinyl Pvt. Ltd.","Not Available","Not Available","Not Available","Not Available","Not Available","01.08.2017","Dismissed",NA,"Withdrawn","N","N",NA,NA
"50/9/NCLT/AHM/2017","Ahmedabad Bench","Creditor","Operational Creditor","Employee",NA,"12109910+interest @18%p.a.","Acteon India Pvt. Ltd.","Not Available","25.05.2017","25.05.2017","21.06.2017","13.07.2017","01.08.2017","Dismissed",NA,"Existing Dispute","N","Y","Creditor","Withdrawn"
"40/7/NCLT/AHM/2017 and 39/7/NCLT/AHM/2017","Ahmedabad Bench","Creditor","Financial Creditor",NA,"Bank","450000000000+148608200000","Essar Steels Ltd.","Not Available",NA,NA,"Not Available","Not Available","02.08.2017","Admitted","Mr. Satish Kumar Gupta",NA,"N","N",NA,NA
"44/9/NCLT/AHM/2017","Ahmedabad Bench","Creditor","Operational Creditor","Vendor",NA,"4697185(winding up notice said 4271336)","Syso Industries Ltd.","Not Available","02.03.2017","03.03.2017","15.06.2017","11.07.2017","02.08.2017","Admitted","Mr. Hemanshu Kapadia",NA,"N","Y","Corporate Debtor","Allowed"
"56/7/NCLT/AHM/2017","Ahmedabad Bench","Creditor","Financial Creditor",NA,"Not Available","Not Available","Balaji Infrabuild Pvt. Ltd.","Not Available",NA,NA,"Not Available","Not Available","02.08.2017","Dismissed",NA,"Withdrawn","N","N",NA,NA
"52/9/NCLT/AHM/2017","Ahmedabad Bench","Creditor","Operational Creditor","Employee",NA,"126000","International Frozen Foods Industries Ltd.","Not Available","01.06.2017","01.06.2017","29.06.2017","13.07.2017","02.08.2017","Dismissed",NA,"Defective Petition","N","N",NA,NA
"45/10/NCLT/AHM/2017","Ahmedabad Bench","Corporate Debtor",NA,NA,NA,"193100000+22158046(operatonal debt)","Ruby Cables Ltd.","Not Available",NA,NA,"28.06.2017","12.07.2017","02.08.2017","Admitted","Mr. Pinakin Shah",NA,"N","N",NA,NA
"38/9/NCLT/AHM/2017","Ahmedabad Bench","Creditor","Operational Creditor","Vendor",NA,"7179878","Entire Ceramics Ltd.","Not Available","02.05.2017","Not Available","31.05.2017","06.07.2017","03.08.2017","Dismissed",NA,"Existing Dispute","N","N",NA,NA
"46/9/NCLT/AHM/2017","Ahmedabad Bench","Creditor","Operational Creditor","Vendor",NA,"520238.48 CHF+interest @6%p.a.","Mekastar Engineering Ltd.","Not Available","16.02.2017","Not Available","Not Available","Not Available","04.08.2017","Admitted","Not Available",NA,"N","N",NA,NA
"51/7/NCLT/AHM/2017","Ahmedabad Bench","Creditor","Financial Creditor",NA,"Bank","429958270.2","Radheshyam Fibres Pvt. Ltd.","28.06.2016",NA,NA,"Not Available","13.07.2017","07.08.2017","Admitted","Mr. Ramchandra D. Choudhary",NA,"N","Y","Corporate Debtor","Rejected"
"60/9/NCLT/AHM/2017","Ahmedabad Bench","Creditor","Operational Creditor","Not Available",NA,"Not Available","Wind World (India) Ltd.","Not Available","Not Available","Not Available","Not Available","Not Available","08.08.2017","Dismissed",NA,"Settlement","N","N",NA,NA
"61/9/NCLT/AHM/2017","Ahmedabad Bench","Creditor","Operational Creditor","Not Available",NA,"Not Available","Wind World (India) Ltd.","Not Available","Not Available","Not Available","Not Available","Not Available","08.08.2017","Dismissed",NA,"Settlement","N","N",NA,NA
"62/10/NCLT/AHM/2017","Ahmedabad Bench","Corporate Debtor",NA,NA,NA,"75343887","Well Pack Papers and Containers Ltd.","Not Available","Not Available","Not Available","11.07.2017","01.08.2017","09.08.2017","Admitted","Mr. Ramchandra D. Choudhary",NA,"N","N",NA,NA
"64/9/NCLT/AHM/2017","Ahmedabad Bench","Creditor","Operational Creditor","Not Available",NA,"Not Available","Sumangal Glass Pvt. Ltd.","Not Available","Not Available","Not Available","Not Available","Not Available","09.08.2017","Dismissed",NA,"Settlement","N","N",NA,NA
"57/9/NCLT/AHM/2017","Ahmedabad Bench","Creditor","Operational Creditor","Not Available",NA,"Not Available","Delf Constructing Engineers (India) Pvt. Ltd.","Not Available","Not Available","Not Available","Not Available","Not Available","11.08.2017","Dismissed","Not Available","Withdrawn","N","N",NA,NA
"54/7/NCLT/AHM/2017","Ahmedabad Bench","Creditor","Financial Creditor",NA,"Bank","680742449","Keti Highway Developers Pvt. Ltd.","Not Available",NA,NA,"Not Available","02.08.2017","17.08.2017","Admitted","Mr. Udayraj Patwardhan",NA,"N","N",NA,NA
"67/10/NCLT/AHM/2017","Ahmedabad Bench","Corporate Debtor",NA,NA,NA,"605354448.9","Metal Links Alloys Ltd.",NA,NA,NA,NA,NA,"17.08.2017","Admitted","Mr. Rakesh Chaturvedi",NA,"N","N",NA,NA
"68/10/NCLT/AHM/2017","Ahmedabad Bench","Corporate Debtor",NA,NA,NA,"683910014+interest","Metal Holdings India Pvt. Ltd.","Not Available","Not Available","Not Available","Not Available","Not Available","17.08.2017","Admitted","Mr. Rakesh Chaturvedi",NA,"N","N",NA,NA
"86/7/NCLT/AHM/2017","Ahmedabad Bench","Creditor","Financial Creditor",NA,"Bank","Not Available","Steel Konnect (India) Pvt. Ltd.","Not Available",NA,NA,"Not Available","Not Available","18.08.2017","Dismissed",NA,"Withdrawn","N","N",NA,NA
"73/10/NCLT/AHM/2017","Ahmedabad Bench","Corporate Debtor",NA,NA,NA,"370008700","Shiv Cotgin Pvt. Ltd.",NA,NA,NA,NA,NA,"21.08.2017","Admitted","Mr. Prem Laddha",NA,"N","N",NA,NA
"63/10/NCLT/AHM/2017","Ahmedabad Bench","Corporate Debtor",NA,NA,NA,"125718815","Dev Cotex Pvt. Ltd.",NA,NA,NA,NA,NA,"21.08.2017","Admitted","Mr. Prem Laddha",NA,"N","N",NA,NA
"74/9/NCLT/AHM/2017","Ahmedabad Bench","Creditor","Operational Creditor","Not Available",NA,"Not Available","Kanoovi Foods Pvt. Ltd.","Not Available","Not Available","Not Available","Not Available","Not Available","22.08.2017","Dismissed",NA,"Withdrawn","N","N",NA,NA
"60/9/NCLT/AHM/2017","Ahmedabad Bench","Creditor","Operational Creditor","Not Available",NA,"Not Available","Ps Accounting Service Pvt. Ltd.","Not Available","Not Available","Not Available","Not Available","Not Available","22.08.2017","Dismissed",NA,"Withdrawn","N","N",NA,NA
"79/9/NCLT/AHM/2017","Ahmedabad Bench","Creditor","Operational Creditor","Not Available",NA,"Not Available","Ps Accounting Service Pvt. Ltd.","Not Available","Not Available","Not Available","Not Available","Not Available","22.08.2017","Dismissed",NA,"Non-prosecution","N","N",NA,NA
"83/7/NCLT/AHM/2017","Ahmedabad Bench","Creditor","Financial Creditor",NA,"Not Available","Not Available","Bhatia Coke Washeries Ltd.","Not Available",NA,NA,"Not Available","Not Available","23.08.2017","Dismissed",NA,"Withdrawn","N","N",NA,NA
"65/7/NCLT/AHM/2017 ","Ahmedabad Bench","Creditor","Financial Creditor",NA,"NBFC","88794014","Anil Nutrients Ltd.","Not Available",NA,NA,"Not Available","Not Available","23.08.2017","Admitted","Mr. Subodh Kumar Bajranglal Kedia",NA,"N","N",NA,NA
"69/7/NCLT/AHM/2017,71/7/NCLT/AHM/2017,CP(IB) No.70/7/NCLT/AHM/2016, 66/7/NCLT/AHM/2017","Ahmedabad Bench","Creditor","Financial Creditor",NA,"NBFC","88794014","Anil Ltd.","Not Available",NA,NA,"Not Available","Not Available","23.08.2017","Admitted","Mr. Pramod Bajranglal Kedia",NA,"N","N",NA,NA
"82/7/NCLT/AHM/2017","Ahmedabad Bench","Creditor","Financial Creditor",NA,"Bank","Not Available","Bhatia Coke Energy Ltd.","Not Available",NA,NA,"Not Available","Not Available","23.08.2017","Dismissed",NA,"Withdrawn","N","N",NA,NA
"77/9/NCLT/AHM/2016","Ahmedabad Bench","Creditor","Operational Creditor","Not Available",NA,"Not Available","Ashish Infracon  Pvt. Ltd.","Not Available","Not Available","Not Available","Not Available","Not Available","24.08.2017","Dismissed",NA,"Settlement","N","N",NA,NA
"CP No. 78/7/NCLT/AHM/2017","Ahmedabad Bench","Creditor","Financial Creditor",NA,"Bank","11009041","Shakti Nutraceuticals PVt. Ltd.","Not Available",NA,NA,"Not Available","11.08.2017","28.08.2017","Admitted","Mr. Pinakin Shah",NA,"N","N",NA,NA
"CP(IB) No. 110/7/NCLT/AHM/2017","Ahmedabad Bench","Creditor","Financial Creditor",NA,"Not Available","Not Available","Anil Ltd.","Not Available",NA,NA,"Not Available","Not Available","29.08.2017","Dismissed",NA,"Withdrawn","N","N",NA,NA
"CP(IB) No. 100/7/NCLT/AHM/2017","Ahmedabad Bench","Creditor","Financial Creditor",NA,"Not Available","Not Available","Anil Ltd.","Not Available",NA,NA,"Not Available","Not Available","29.08.2017","Dismissed",NA,"Withdrawn","N","N",NA,NA
"CP(IB) No. 104/7/NCLT/AHM/2017","Ahmedabad Bench","Creditor","Operational Creditor","Not Available",NA,"19972507.51","Anil Ltd.","Not Available","Not Available","Not Available","Not Available","Not Available","29.08.2017","Dismissed",NA,"Existing IRP","N","N",NA,NA
"CP(IB) No. 105/7/NCLT/AHM/2017","Ahmedabad Bench","Creditor","Financial Creditor",NA,"Not Available","Not Available","Anil Ltd.","Not Available",NA,NA,"Not Available","Not Available","29.08.2017","Dismissed",NA,"Withdrawn","N","N",NA,NA
"CP(IB) No. 99/9/NCLT/AHM/2017","Ahmedabad Bench","Creditor","Operational Creditor","Not Available",NA,"Not Available","Anil Ltd.","Not Available","Not Available","Not Available","Not Available","Not Available","29.08.2017","Dismissed",NA,"Withdrawn","N","N",NA,NA
"CP(IB) No. 106/7/NCLT/AHM/2017","Ahmedabad Bench","Creditor","Financial Creditor",NA,"Not Available","Not Available","Anil Ltd.","Not Available",NA,NA,"Not Available","Not Available","29.08.2017","Dismissed",NA,"Withdrawn","N","N",NA,NA
"CP(IB) No. 109/7/NCLT/AHM/2017","Ahmedabad Bench","Creditor","Financial Creditor",NA,"Not Available","Not Available","Anil Ltd.","Not Available",NA,NA,"Not Available","Not Available","29.08.2017","Dismissed",NA,"Withdrawn","N","N",NA,NA
"CP(IB) No.103/7/NCLT/AHM/2017","Ahmedabad Bench","Creditor","Financial Creditor",NA,"Not Available","Not Available","Anil Ltd.","Not Available",NA,NA,"Not Available","Not Available","29.08.2017","Dismissed",NA,"Withdrawn","N","N",NA,NA
"CP(IB) No. 108/7/NCLT/AHM/2017","Ahmedabad Bench","Creditor","Financial Creditor",NA,"Not Available","Not Available","Anil Ltd.","Not Available",NA,NA,"Not Available","Not Available","29.08.2017","Dismissed",NA,"Withdrawn","N","N",NA,NA
"CP(IB) No. 101/7/NCLT/AHM/2017","Ahmedabad Bench","Creditor","Financial Creditor",NA,"Not Available","Not Available","Anil Ltd.","Not Available",NA,NA,"Not Available","Not Available","29.08.2017","Dismissed",NA,"Withdrawn","N","N",NA,NA
"CP(IB) No. 76/9/NCLT/AHM/2017","Ahmedabad Bench","Creditor","Operational Creditor","Not Available",NA,"Not Available","Shreenidhi Woodtech Pvt. Ltd.","Not Available","Not Available","Not Available","Not Available","Not Available","29.08.2017","Dismissed",NA,"Withdrawn","N","N",NA,NA
"CP(IB) No. 111/7/NCLT/AHM/2017","Ahmedabad Bench","Creditor","Financial Creditor",NA,"Not Available","Not Available","Anil Ltd.","Not Available",NA,NA,"Not Available","Not Available","29.08.2017","Dismissed",NA,"Withdrawn","N","N",NA,NA
"CP(IB) No.107 /7/NCLT/AHM/2017","Ahmedabad Bench","Creditor","Financial Creditor",NA,"Not Available","Not Available","Anil Ltd.","Not Available",NA,NA,"Not Available","Not Available","29.08.2017","Dismissed",NA,"Withdrawn","N","N",NA,NA
"CP(IB) No. 102/7/NCLT/AHM/2017","Ahmedabad Bench","Creditor","Financial Creditor",NA,"Not Available","Not Available","Anil Ltd.","Not Available",NA,NA,"Not Available","Not Available","29.08.2017","Dismissed",NA,"Withdrawn","N","N",NA,NA
"CP(IB) No. 95/9/NCLT/AHM/2017","Ahmedabad Bench","Creditor","Operational Creditor","Not Available",NA,"Not Available","Techno Forge Ltd.","Not Available","Not Available","Not Available","Not Available","Not Available","30.08.2017","Dismissed",NA,"Non-prosecution","N","N",NA,NA
"CP(IB) No. 85/10/NCLT/AHM/2017","Ahmedabad Bench","Corporate Debtor",NA,NA,NA,"628523199","Sarthak Creation Pvt. Ltd.",NA,NA,NA,"Not Available","18.08.2017","30.08.2017","Admitted","Kailash T. shah",NA,"N","N",NA,NA
"CP(IB) No. 98/7/NCLT/AHM/2017","Ahmedabad Bench","Creditor","Financial Creditor",NA,"Not Available","Not Available","Anil Ltd.","Not Available",NA,NA,"Not Available","Not Available","31.08.2017","Dismissed",NA,"Settlement","N","N",NA,NA
"CP(IB) No. 36/9/NCLT/AHM/2017","Ahmedabad Bench","Creditor","Operational Creditor","Vendor",NA,NA,"GEI Industrial Systems Ltd.","Not Available","Not Available","Not Available","Not Available","Not Available","31.08.2017","Dismissed","Not Available","Other","N","N",NA,NA
"CP(IB) No. 96/9/NCLT/AHM/2017","Ahmedabad Bench","Creditor","Operational Creditor","Not Available",NA,"Not Available","Wind World(India)Pvt. Ltd.","Not Available","Not Available","Not Available","Not Available","Not Available","31.08.2017","Dismissed",NA,"Settlement","N","N",NA,NA
"(IB)-93/9/NCLT/AHM/2017","Ahmedabad Bench","Creditor","Operational Creditor","Not Available",NA,"Not Available","Gumandev Processors Private Limited ","Not Available","Not Available","Not Available","Not Available","Not Available","01.09.2017","Dismissed",NA,"Incomplete Application","N","N",NA,NA
"(IB)-87/7/NCLT/AHM/2017","Ahmedabad Bench","Creditor","Financial Creditor",NA,"Corporate Lender","10248606","Prime Cars Private Limited ","Multiple",NA,NA,"Not Available","18.08.2017","04.09.2017","Admitted","Mr. Subodhkumar Bajranglal Kedia ",NA,"N","Y","Corporate Debtor","Allowed"
"(IB)-75/9/NCLT/AHM/2017","Ahmedabad Bench","Creditor","Operational Creditor","Vendor",NA,"4942952.49","Shrinidhi Laminates Limited ","Not Available","26.04.2017","Not Available","Not Available","09.08.2017","04.09.2017","Admitted","Mr. Nimai Shah",NA,"N","N",NA,NA
"(IB)-90/9/NCLT/AHM/2017","Ahmedabad Bench","Creditor","Operational Creditor","Not Available",NA,"Not Available","Fairmate Chemicals Private Limited ","Not Available","Not Available","Not Available","Not Available","Not Available","05.09.2017","Dismissed",NA,"Other","N","N",NA,NA
"(IB)-84/7/NCLT/AHM/2017","Ahmedabad Bench","Creditor","Financial Creditor",NA,"ARC","467580181","Kalpataru Alloys Private Limited ","Not Available",NA,NA,"Not Available","17.08.2017","05.09.2017","Admitted","Mr. Anil Kohli",NA,"N","N",NA,NA
"(IB)-94/9/NCLT/AHM/2017","Ahmedabad Bench","Creditor","Operational Creditor","Vendor",NA,"384760","SAL Steel Limited ","Not Available","17.07.2017","18.07.2017","11.08.2017","24.08.2017","06.09.2017","Admitted","Mr. Parag Sheth",NA,"N","N",NA,NA
"(IB)-81/7/NCLT/AHM/2017","Ahmedabad Bench","Creditor","Financial Creditor",NA,"Bank","820412819.4","BCC Estate Private Limited ","Not Available",NA,NA,"12.07.2017","17.08.2017","06.09.2017","Admitted","Mr. Ravi Kapoor ",NA,"N","N",NA,NA
"(IB)-80/7/NCLT/AHM/2017","Ahmedabad Bench","Creditor","Financial Creditor",NA,"Bank","383106744.4","BCC Estate Private Limited ","Not Available",NA,NA,"12.07.2017","17.08.2017","06.09.2017","Admitted","Mr. Ravi Kapoor ",NA,"N","N",NA,NA
"(IB)-88/9/NCLT/AHM/2017","Ahmedabad Bench","Creditor","Operational Creditor","Vendor",NA,"12626479","Rainbow Papers Limited ","Not Available","03.03.2017","Not Available","Not Available","21.08.2017","12.09.2017","Admitted","Referred to IBBI",NA,"Y","N",NA,NA
"(IB)-89/7/NCLT/AHM/2017","Ahmedabad Bench","Creditor","Financial Creditor",NA,"Bank","1068668106","Siddhi Vinayak Logistics Limited ","Not Available",NA,NA,"Not Available","21.08.2017","12.09.2017","Admitted","Mr. Dushyant C. Dave ",NA,"N","N",NA,NA
"(IB)-113/7/NCLT/AHM/2017","Ahmedabad Bench","Creditor","Financial Creditor",NA,"ARC","1326611279","Sandhya Prakash Limited ","Not Available",NA,NA,"Not Available","30.08.2017","14.09.2017","Admitted","Mr. Devendra Padamchand Jain",NA,"Y","N",NA,NA
"(IB)-115/7/NCLT/AHM/2017","Ahmedabad Bench","Creditor","Financial Creditor",NA,"Corporate Lender","45796141","Sadbhav Enterprise Private Limited ","Not Available",NA,NA,"29.08.2017","31.08.2017","19.09.2017","Admitted","Mr. Umesh Ved ",NA,"N","N",NA,NA
"(IB)-114/7/NCLT/AHM/2017","Ahmedabad Bench","Creditor","Financial Creditor",NA,"Bank","108258373.7","ABXL Retails (I) Private Limited ","Not Available",NA,NA,"24.08.2017","31.08.2017","19.09.2017","Admitted","Mr. Vikas Gautamchand Jain",NA,"N","N",NA,NA
"(IB)-92/7/NCLT/AHM/2017","Ahmedabad Bench","Creditor","Financial Creditor",NA,"Corporate Lender","7894887","Onex Natura Private Limited ","Not Available",NA,NA,"09.08.2017","23.08.2017","20.09.2017","Dismissed",NA,"Other","N","N",NA,NA
"(IB)-170/10/NCLT/AHM/2017","Ahmedabad Bench","Corporate Debtor",NA,NA,NA,"235019758","Aarohi Motors Private Limited ","Not Available",NA,NA,"05.09.2017","Not Available","21.09.2017","Admitted","Mr. Dipak Jamanbhai Rachcha",NA,"N","N",NA,NA
"(IB)122/9/NCLT/AHM/2017","Ahmedabad Bench","Creditor","Operational Creditor","Not Available",NA,"Not Available","Patel Heat Exchangers Pvt. Ltd.","Not Available","Not Available","Not Available","Not Available","Not Available","04.10.2017","Dismissed",NA,"Settlement","N","N",NA,NA
"(IB)112/9/NCLT/AHM/2017","Ahmedabad Bench","Creditor","Operational Creditor","Vendor",NA,"Not Available","Today's Writing Instruments Ltd.","Not Available","29.05.2017","Not Available","28.07.2017","30.08.2017","05.10.2017","Admitted","Mr. Navnitlal Bhatia",NA,"N","N",NA,NA
"C.P. (I.B) No. 146/9/NCLT/AHM/2017","Ahmedabad Bench","Creditor","Operational Creditor","Not Available",NA,"Not Available","Komoline Aerospace Ltd.","Not Available","Not Available","Not Available","Not Available","Not Available","02.11.2017","Dismissed",NA,"Withdrawn","N","N",NA,NA
"C.P. (I.B) No. 118/9/NCLT/AHM/2017","Ahmedabad Bench","Creditor","Operational Creditor","Not Available",NA,"Not Available","Dhoraji Engineering Co. Pvt. Ltd.","Not Available","Not Available","Not Available","Not Available","Not Available","02.11.2017","Dismissed",NA,"Withdrawn","N","N",NA,NA
"C.P. (I.B) No. 121/9/NCLT/AHM/2017","Ahmedabad Bench","Creditor","Operational Creditor","Not Available",NA,"Not Available","Silicon Jewel Industries Pvt. Ltd.","Not Available","Not Available","Not Available","Not Available","Not Available","02.11.2017","Dismissed",NA,"Settlement","N","N",NA,NA
"C.P. (I.B) No. 123A/9/NCLT/AHM/2017","Ahmedabad Bench","Creditor","Operational Creditor","Not Available",NA,"Not Available","Alpha Particle Board Pvt. Ltd.","Not Available","Not Available","Not Available","Not Available","Not Available","03.11.2017","Dismissed",NA,"Withdrawn","N","N",NA,NA
"C.P. (I.B) No. 132/9/NCLT/AHM/2017","Ahmedabad Bench","Creditor","Operational Creditor","Not Available",NA,"Not Available","Wind World (India) Ltd.","Not Available","Not Available","Not Available","Not Available","Not Available","07.11.2017","Dismissed",NA,"Settlement","N","N",NA,NA
"C.P. (I.B) No. 126/9/NCLT/AHM/2017","Ahmedabad Bench","Creditor","Operational Creditor","Not Available",NA,"Not Available","Narbada Forest Industries Pvt. Ltd.","Not Available","Not Available","Not Available","Not Available","Not Available","08.11.2017","Dismissed",NA,"Settlement","N","N",NA,NA
"C.P. (I.B) No. 119/10/NCLT/AHM/2017","Ahmedabad Bench","Corporate Debtor",NA,NA,NA,"615480329.7","Jalaram Cottons and Proteins Ltd.","Not Available",NA,NA,"Not Available","Not Available","15.11.2017","Admitted","CA Prem Ladhdha",NA,"N","N",NA,NA
"CP(IB)No. 155/9/NCLT/AHM/2","Ahmedabad Bench","Creditor","Operational Creditor","Not Available",NA,"Not Available","IPEX India Pvt. Ltd.","Not Available","Not Available","Not Available","Not Available","Not Available","16.11.2017","Dismissed",NA,"Non-prosecution","N","N",NA,NA
"CP(IB)No. 133/9/NCLT/AHM/2017","Ahmedabad Bench","Creditor","Operational Creditor","Not Available",NA,"Not Available","Wind World (India) Ltd.","Not Available","Not Available","Not Available","Not Available","Not Available","17.11.2017","Dismissed",NA,"Settlement","N","N",NA,NA
"CP(IB)No. 128/7/NCLT/AHM/2017","Ahmedabad Bench","Creditor","Financial Creditor",NA,"Bank","1437957715","Varia Aluminium Pvt. Ltd.","Not Available",NA,NA,"Not Available","Not Available","20.11.2017","Admitted","Sanjay Gupta",NA,"N","N",NA,NA
"CP(IB)No. 131/9/NCLT/AHM/2017","Ahmedabad Bench","Creditor","Operational Creditor","Vendor",NA,"4159903","Cryogas Equipment Pvt. Ltd.","31.01.2017","28.06.2017","Not Available","Not Available","Not Available","21.11.2017","Dismissed",NA,"Defective Petition","N","N",NA,NA
"CP(IB)No. 156/9/NCLT/AHM/2017","Ahmedabad Bench","Creditor","Operational Creditor","Not Available",NA,"Not Available","Agroh Infrastructure Developer Pvt Ltd","Not Available","Not Available","Not Available","Not Available","Not Available","27.11.2017","Dismissed",NA,"Withdrawn","N","N",NA,NA
"CP(IB)No. 163/09/NCLT/AHM/2017","Ahmedabad Bench","Creditor","Operational Creditor","Not Available",NA,"Not Available","JBF Petrochemicals","Not Available","Not Available","Not Available","Not Available","Not Available","28.11.2017","Dismissed",NA,"Settlement","N","N",NA,NA
"CP(IB)No. 116/7/NCLT/AHM/2017","Ahmedabad Bench","Creditor","Financial Creditor",NA,"Bank","616737712","Gujarat Foils Ltd.","Not Available",NA,NA,"Not Available","Not Available","30.11.2017","Admitted","Alok Kailash Saksena",NA,"N","N",NA,NA
"CP(IB)No. 164/7/NCLT/AHM/2017","Ahmedabad Bench","Creditor","Financial Creditor",NA,"Bank","832873387","Sai Infosystem (India) Ltd.","Not Available",NA,NA,"Not Available","Not Available","30.11.2017","Admitted","Parag Sheth",NA,"N","N",NA,NA
"CP(IB)No. 138/7/NCLT/AHM/2017","Ahmedabad Bench","Creditor","Financial Creditor",NA,"NBFC","8265349.21","Logix Express Pvt Ltd","Not Available",NA,NA,"Not Available","25.10.2017","30.11.2017","Admitted","Dhiren Shantilal Shah",NA,"N","N",NA,NA
"CP(IB)No. 176/9/NCLT/AHM/2017","Ahmedabad Bench","Creditor","Operational Creditor","Not Available",NA,"Not Available","Apple Weightinfra Ltd.","Not Available","Not Available","Not Available","Not Available","Not Available","30.11.2017","Dismissed",NA,"Withdrawn","N","N",NA,NA
"CP(IB)/10/ALD/2017","Allahabad Bench","Creditor","Operational Creditor","Not Available",NA,"1706766","Juggilal Kamlpat Jute Mills Company Limited","Not Available","Not Available","Not Available","Not Available","Not Available","03.05.2017","Dismissed",NA,"Other","N","Y","Corporate Debtor","Allowed"
"CP(IB)/36/ALD/2017","Allahabad Bench","Creditor","Operational Creditor","Employee",NA,"1319000000","Juggilal Kamlpat Jute Mills Company Limited","Not Available","14.03.2017","Not Available","28.03.2017","Not Available","28.04.2017","Dismissed",NA,"Existing Dispute","N","N",NA,NA
"CP(IB)/23/ALD/2017","Allahabad Bench","Corporate Debtor",NA,NA,NA,"94800000","Raman Ispat Private Limited","Not Available",NA,NA,"Not Available","Not Available","11.04.2017","Admitted","Mr.Praveen Bansal",NA,"Y","N",NA,NA
"CP(IB)/25/ALD/2017","Allahabad Bench","Corporate Debtor",NA,NA,NA,"13320000000","JODPL Private Limited","Not Available",NA,NA,"Not Available","Not Available","17.03.2017","Admitted","Mr.Dinkar T Subramanium",NA,"N","N",NA,NA
"CP(IB)/24/ALD/2017","Allahabad Bench","Corporate Debtor",NA,NA,NA,"Not Available","JEKPL Private Limited","Not Available",NA,NA,"Not Available","Not Available","17.03.2017","Admitted","Mr.Dinkar T Subramanium",NA,"N","N",NA,NA
"CP (IB) No. 55/CB/Ald/2017","Allahabad Bench","Corporate Debtor",NA,NA,NA,"3512191000","LML Ltd.","Not Available",NA,NA,"Not Available","Not Available","30.05.2017","Admitted","Anil Goel",NA,"N","N",NA,NA
"CP (IB) No. 12/Ald/2017","Allahabad Bench","Creditor","Operational Creditor","Not Available",NA,"Not Available","H.L. Tech Fabrics Ltd.","Not Available","Not Available","Not Available","Not Available","Not Available","31.05.2017","Dismissed",NA,"Other","N","N",NA,NA
"CP (IB) No. 13/Ald/2017","Allahabad Bench","Creditor","Operational Creditor","Vendor",NA,"50843252","Swadisht Oils Pvt. Ltd.","Not Available","18.01.2017","Not Available","Not Available","Not Available","01.06.2017","Admitted","Delegated to IBBI",NA,"N","Y","Creditor","Allowed"
"CP (IB) No. 14/Ald/2017","Allahabad Bench","Creditor","Operational Creditor","Vendor",NA,"2859514","Swadisht Oils Pvt. Ltd.","Not Available","Not Available","Not Available","Not Available","Not Available","01.06.2017","Admitted","Delegated to IBBI",NA,"N","Y","Creditor","Allowed"
"CP (IB) No. 16/Ald/2017","Allahabad Bench","Creditor","Operational Creditor","Vendor",NA,"2475178","Swadisht Oils Pvt. Ltd.","Not Available","Not Available","Not Available","Not Available","Not Available","01.06.2017","Admitted","Delegated to IBBI",NA,"N","Y","Creditor","Allowed"
"CP (IB) No. 15/Ald/2017","Allahabad Bench","Creditor","Operational Creditor","Vendor",NA,"2466392","Swadisht Oils Pvt. Ltd.","Not Available","Not Available","Not Available","Not Available","Not Available","01.06.2017","Admitted","Delegated to IBBI",NA,"N","Y","Creditor","Allowed"
"CP (IB) No. 17/Ald/2017","Allahabad Bench","Creditor","Operational Creditor","Vendor",NA,"1497879","Swadisht Oils Pvt. Ltd.","Not Available","Not Available","Not Available","Not Available","Not Available","01.06.2017","Admitted","Delegated to IBBI",NA,"N","Y","Creditor","Allowed"
"CP (IB) No. 36/BB/2017","Allahabad Bench","Creditor","Not Available","Not Available","Not Available","Not Available","Kotak Mahindra Bank and Ors.","Not Available","Not Available","Not Available","Not Available","Not Available","04.07.2017","Dismissed",NA,"Settlement","N","N",NA,NA
"60/ALD/2017","Allahabad Bench","Creditor","Operational Creditor","Employee",NA,"940000","Wegilant Net Solutions Pvt. Ltd.","Not Available","Not Available","Not Available","Not Available","Not Available","28.07.2017","Admitted","Not Available",NA,"N","N",NA,NA
"(IB)18/ALD/2017","Allahabad Bench","Creditor","Operational Creditor","Vendor",NA,"592049559","South East U.P. Power Transmission Co. Ltd.","Not Available","21.12.2016","Not Available","27.02.2017","Not Available","04.08.2017","Dismissed",NA,"Existing Dispute","N","N",NA,NA
"CP.No(IB)77/ALD/2017","Allahabad Bench","Creditor","Financial Creditor",NA,"Bank","5261140827","Jaypee Infratech Ltd.","Not Available",NA,NA,"Not Available","Not Available","09.08.2017","Admitted","Not Available",NA,"N","N",NA,NA
"CP.No.(IB)68/ALD/2017","Allahabad Bench","Creditor","Operational Creditor","Not Available",NA,"Not Available","Jaypee Infratech Ltd.","Not Available","Not Available","Not Available","Not Available","Not Available","28.08.2017","Dismissed",NA,"Other","N","N",NA,NA
"(IB)-70/ALD/2017 & (IB)-71/ALD/2017","Allahabad Bench","Creditor","Financial Creditor",NA,"Bank","5537821955","Rotomac Global Private Limited & Rotomac Exports Private Limited ","Not Available",NA,NA,"Not Available","Not Available","20.09.2017","Admitted","Mr. Anil Goel",NA,"N","N",NA,NA
"(IB)-19/BB/2017 ","Allahabad Bench","Creditor","Operational Creditor","Not Available",NA,"Not Available","Ken Consulting Private Limited ","Not Available","Not Available","Not Available","Not Available","28.04.2017","20.09.2017","Dismissed",NA,"Non-prosecution","N","N",NA,NA
"CP (IB) No. 127/Ald/2017","Allahabad Bench","Creditor","Operational Creditor","Not Available","Not Available","18886429","YMS Mobitech Private Limited","Not Available","Not Available","Not Available","Not Available","Not Available","23.10.2017","Admitted","Mr. Prabhatjit Singh Soni",NA,"N","N",NA,NA
"CP(IB).No.113/ALD/2017","Allahabad Bench","Creditor","Financial Creditor",NA,"Bank","1184192137","Parerhat Gas Industries Ltd.","Not Available",NA,NA,"Not Available","Not Available","30.11.2017","Admitted","Anupam Tiwari",NA,"N","N",NA,NA
"CP(IB) No 1/BB/17","Bengaluru Bench","Creditor","Operational Creditor","Vendor",NA,"11834618","Falcon Tyres Limited","Not Available","24.01.2017","Not Available","10.03.2017","Not Available","28.04.2017","Admitted","Anand Ramchandra Bhat",NA,"N","N",NA,NA
"CP(IB) No 13/BB/17","Bengaluru Bench","Corporate Debtor",NA,NA,NA,"101521050","24*7 Learning Private Limited","Not Available",NA,NA,"Not Available","Not Available","28.04.2017","Admitted","Ramesh Kumar Bhat",NA,"N","N",NA,NA
"CP(IB) No 17/2017","Bengaluru Bench","Creditor","Operational Creditor","Vendor",NA,"Not Available","Avni Energy Solutions Private Limited","Not Available","Not Available","Not Available","Not Available","Not Available","17.04.2017","Dismissed",NA,"Other","N","N",NA,NA
"CP(IB) No 6/BB/17","Bengaluru Bench","Creditor","Operational Creditor","Vendor",NA,"450778","Jackonblock Facility Services Private Limited","Not Available","01.03.2017","Not Available","Not Available","Not Available","17.04.2017","Admitted","Mr.Thirupal Gorige",NA,"N","N",NA,NA
"CP(IB).No.04/BB/2017","Bengaluru Bench","Not Available","Not Available","Not Available","Not Available","Not Available","G.K. Shelters Pvt. Ltd.","Not Available","Not Available","Not Available","Not Available","Not Available","21.07.2017","Dismissed",NA,"Settlement","N","N",NA,NA
"CP(IB).No.27/BB/2017","Bengaluru Bench","Creditor","Operational Creditor","Not Available",NA,"Not Available","Le Ecosystem Technology India Pvt. Ltd.","Not Available","Not Available","Not Available","Not Available","Not Available","16.08.2017","Dismissed",NA,"Settlement","N","N",NA,NA
"CP(IB) NO.16/BB/2017","Bengaluru Bench","Creditor","Not Available","Not Available","Not Available","Not Available","R K Swamy BBDO PVt. Ltd.","Not Available","Not Available","Not Available","Not Available","Not Available","23.08.2017","Dismissed",NA,"Settlement","N","N",NA,NA
"CP(IB)No.39/BB/2017","Bengaluru Bench","Creditor","Not Available","Not Available","Not Available","Not Available","Siesta Hospital Services Ltd.","Not Available","Not Available","Not Available","Not Available","Not Available","31.08.2017","Dismissed",NA,"Settlement","Not Available","N",NA,NA
"(IB)-44/Chd/Pb/2017 ","Bengaluru Bench","Creditor","Operational Creditor","Not Available",NA,"Not Available","Mahajan Engineering Works Private Limited ","Not Available","Not Available","Not Available","Not Available","Not Available","06.09.2017","Dismissed",NA,"Other","N","N",NA,NA
"CP(IB) No. 96/BB/17","Bengaluru Bench","Creditor","Operational Creditor","Not Available",NA,"Not Available","Adarsh Realty and Hotels Pvt Ltd","Not Available","Not Available","Not Available","Not Available","Not Available","28.11.2017","Dismissed",NA,"Settlement","N","N",NA,NA
"CP(IB) No. 16/Chd/PB/2017 ","Chandigarh Bench","Corporate Debtor",NA,NA,NA,"956200000","Dunn Foods Private Limited","Not Available",NA,NA,"Not Available","25.04.2017","02.05.2017","Admitted","Mr. Krishnan Vind Jain",NA,"N","N",NA,NA
"CP(IB) No. 15/Chd/CHD/2017 ","Chandigarh Bench","Creditor","Financial Creditor",NA,"Bank","525719407","James Hotels Ltd.","Not Available",NA,NA,"Not Available","07.04.2017","27.04.2017","Admitted","Navneet Gupta",NA,"N","Y","Corporate Debtor","Withdrawn"
"CP(IB) No. 9/Chd/PB/2017 ","Chandigarh Bench","Creditor","Operational Creditor","Not Available",NA,"3485549","Panacea Biotech Limited","Not Available","Not Available","Not Available","Not Available","03.04.2017","18.04.2017","Dismissed",NA,"Other","N","N",NA,NA
"CP(IB) No. 10/Chd/Hry/2017 ","Chandigarh Bench","Corporate Debtor",NA,NA,NA,"1411600000","SRS Modern Sales Limited","Not Available",NA,NA,"Not Available","Not Available","17.04.2017","Admitted","Sameer Rastogi",NA,"N","N",NA,NA
"CP(IB) No. 8/Chd/CHD/2017 ","Chandigarh Bench","Corporate Debtor",NA,NA,NA,"23000000","Super MultiColor Printers Private Limited","Not Available",NA,NA,"Not Available","Not Available","07.04.2017","Admitted","Prakash Dev Sharma",NA,"Y","N",NA,NA
"CP(IB) No. 13/Chd/Hry/2017   CP(IB) No. 14/Chd/Hry/2017  ","Chandigarh Bench","Creditor","Operational Creditor","Vendor",NA,"1249307","Meyer Apparel Limited","Not Available","15.02.2017","Not Available","Not Available","Not Available","07.04.2017","Admitted","Arun Jain",NA,"N","Y","Corporate Debtor","Allowed"
"CP(IB) No. 9/Chd/CHD/2017 ","Chandigarh Bench","Corporate Debtor",NA,NA,NA,"182900000","Sky Blue Papers Private Limited","Not Available",NA,NA,"Not Available","30.03.2017","07.04.2017","Admitted","Jalesh Kumar Grover",NA,"N","N",NA,NA
"CP(IB) No. 7/Chd/HR/2017 ","Chandigarh Bench","Corporate Debtor",NA,NA,NA,"846100000","Recorders and Medicare System Private Limited","Not Available",NA,NA,"Not Available","15.03.2017","16.03.2017","Admitted","Purushottam Ram Singhania",NA,"Y","N",NA,NA
"CP(IB) No. 1(Chd)/2017 ","Chandigarh Bench","Corporate Debtor",NA,NA,NA,"62850631","Hind Motors Limited","Not Available",NA,NA,"Not Available","03.02.2017","14.02.2017","Admitted","Manik Goyal",NA,"N","Y","Corporate Debtor","Allowed"
"CP(IB) No. 19/Chd/Hry/2017 ","Chandigarh Bench","Creditor","Financial Creditor",NA,"Corporate Lender","20000000","Y.K. Developers Private Limited","09.06.2016",NA,NA,"Not Available","01.05.2017","09.05.2017","Dismissed",NA,"Other","N","N",NA,NA
"CP(IB) No. 11/PB/2017 ","Chandigarh Bench","Creditor","Operational Creditor","Vendor",NA,"960000000","Isolux Corsan India Engineering","Not Available","03.01.2017","Not Available","Not Available","25.04.2017","08.05.2017","Dismissed",NA,"Other","N","Y","Creditor","Rejected"
"CP(IB)No.36/Chd/CHD/2017","Chandigarh Bench","Corporate Debtor",NA,NA,NA,"1195000000","Shivek Labs Ltd","Not Available",NA,NA,"Not Available","Not Available","06.07.2017","Admitted","Mr. Vivek Kumar Arora",NA,"Y","N",NA,NA
"CP(IB)No.38/Chd/Pb/2017","Chandigarh Bench","Corporate Debtor",NA,NA,NA,"Not Available","Oasis Agro Infra Ltd.","Not Available",NA,NA,"Not Available","Not Available","07.07.2017","Dismissed",NA,"Withdrawn","N","N",NA,NA
"34/Chd/J&K/2017","Chandigarh Bench","Creditor","Operational Creditor","Vendor",NA,"4741942","M/S. Jammu Paper Ltd.","30.08.2014","20.03.2017","24.03.2017","15.05.2017","30.06.2017","10.07.2017","Admitted","Referred to IBBI",NA,"N","Y","Corporate Debtor","Allowed"
"CP(IB) No.24/Chd/Hry/2017","Chandigarh Bench","Creditor","Not Available","Not Available","Not Available","6060900","Amtek Auto Ltd.","Not Available","Not Available","Not Available","Not Available","Not Available","18.05.2017","Dismissed",NA,"Settlement","N","N",NA,NA
"CP(IB) No.23/Chd/Hry/2017","Chandigarh Bench","Creditor","Operational Creditor","Vendor",NA,"10681554","Foremost International Pvt. Ltd.","Not Available","07.04.2017","13.04.2017","Not Available","08.05.2017","22.05.2017","Dismissed",NA,"Existing Dispute","N","N",NA,NA
"CP(IB) No.21/Chd/Hry/2017","Chandigarh Bench","Creditor","Operational Creditor","Vendor",NA,"314113436","Arcotech Ltd.","18.12.2015","07.02.2017","13.02.2017","Not Available","08.05.2017","25.05.2017","Dismissed",NA,"Existing Dispute","N","Y","Creditor","Rejected"
"CP(IB) No.22/Chd/Hry/2017","Chandigarh Bench","Creditor","Operational Creditor","Others",NA,"431115190","Uttam Galwa Metallics Ltd.","Not Available","14.02.2017","Not Available","Not Available","08.05.2017","01.06.2017","Dismissed",NA,"Existing Dispute","N","Y","Creditor","Rejected"
"33/Chd/Hry/2017","Chandigarh Bench","Creditor","Operational Creditor","Vendor",NA,"4144311","Isolux Corsan India Engineering and Construction Pvt. Ltd","Not Available","04.04.2017","Not Available","30.04.2017","03.07.2017","21.07.2017","Dismissed",NA,"Other","N","Y","Creditor","Rejected"
"133/Chd/Hry/2017","Chandigarh Bench","Creditor","Operational Creditor","Vendor",NA,"4931452","A2Z Powercom Ltd.","21.09.2012","07.06.2017","Not Available","Not Available","Not Available","26.07.2017","Dismissed",NA,"Time Barred","N","N",NA,NA
"53/Chd/Pb/2017","Chandigarh Bench","Creditor","Operational Creditor","Not Available","Not Available","Not Available","Ceigall India Ltd.","Not Available","Not Available","Not Available","Not Available","Not Available","27.07.2017","Dismissed",NA,"Settlement","Not Available","N",NA,NA
"48/Chd/Hry/2017","Chandigarh Bench","Creditor","Operational Creditor","Not Available","Not Available","Not Available","Lakshmi Precision Screws Ltd.","Not Available","Not Available","Not Available","Not Available","Not Available","27.07.2017","Dismissed",NA,"Withdrawn","Not Available","N",NA,NA
"39/Chd/Pb/2017","Chandigarh Bench","Creditor","Financial Creditor",NA,"Not Available","190210 USD(inclusive of interest)","Muskaan Power Infrastructure Ltd.","Not Available",NA,NA,"Not Available","07.07.2017","28.07.2017","Admitted","Not Available",NA,"N","N",NA,NA
"45/Chd/Pb/2017","Chandigarh Bench","Creditor","Financial Creditor",NA,"Bank","Not Available","S.R. Green Housing Projects Ltd.","Not Available",NA,NA,"Not Available","24.07.2017","04.08.2017","Dismissed",NA,"Defective Petition","N","N",NA,NA
"43/Chd/Pb/2017","Chandigarh Bench","Creditor","Financial Creditor",NA,"Bank","147636740.3","Concord Hospitality Pvt. Ltd.","Not Available",NA,NA,"Not Available","11.07.2017","04.08.2017","Admitted","Mr. Navneet Gupta",NA,"Y","N",NA,NA
"CP(IB) No. 47/Chd/Hry/2017","Chandigarh Bench","Creditor","Financial Creditor",NA,NA,"Not Available","Leeway Logistics Ltd","Not Available",NA,NA,"Not Available","Not Available","07.08.2017","Dismissed",NA,"Defective Petition","N","N",NA,NA
"CP.No.57/Chd/Hry/2017","Chandigarh Bench","Creditor","Operational Creditor","Not Available",NA,"Not Available","Jindal Steel and Power Ltd.","Not Available","Not Available","Not Available","Not Available","Not Available","17.08.2017","Dismissed",NA,"Withdrawn","Not Available","N",NA,NA
"CP (IB) No.59/Chd/Hry/2017","Chandigarh Bench","Creditor","Financial Creditor","Not Available","Not Available","Not Available","Tirupati Ceramics Ltd.","Not Available","Not Available","Not Available","Not Available","Not Available","30.08.2017","Dismissed",NA,"Withdrawn","Not Available","N",NA,NA
"CP (IB) No.65/Chd/Pb/2017","Chandigarh Bench","Corporate Debtor",NA,NA,NA,"Not Available","Julka Rice and Oils Ltd.","Not Available","Not Available","Not Available","Not Available","Not Available","31.08.2017","Dismissed",NA,"Withdrawn","Not Available","N",NA,NA
"(IB)-40/Chd/Hry/2017 ","Chandigarh Bench","Corporate Debtor",NA,NA,NA,"119711512","Horseshoe Entertainment and Hospitality Private Limited ","Not Available",NA,NA,"Not Available","Not Available","08.09.2017","Dismissed",NA,"Other","N","N",NA,NA
"(IB)-68/Chd/Pb/2017 ","Chandigarh Bench","Creditor","Operational Creditor","Vendor",NA,"4391983","Aseem Ispat Private Limited ","Not Available","20.07.2017","24.07.2017","Not Available","Not Available","20.09.2017","Admitted","Deferred for next hearing ",NA,"N","N",NA,NA
"(IB)-60/Chd/Pb/2017 ","Chandigarh Bench","Corporate Debtor",NA,NA,NA,"242440235.3","Oasis Agroinfra Limited ","Not Available",NA,NA,"Not Available","Not Available","22.09.2017","Admitted","Deferred for next hearing ",NA,"N","N",NA,NA
"(IB)-61/Chd/Hry/2017 ","Chandigarh Bench","Creditor","Operational Creditor","Vendor",NA,"2968672","Preet Tractors Private Limited ","Not Available","04.07.2017","07.07.2017","Not Available","Not Available","25.09.2017","Admitted","Referred to IBBI",NA,"N","N",NA,NA
"(IB)No.62/Chd/Hry/2017","Chandigarh Bench","Creditor","Operational Creditor","Vendor",NA,"21812493","ZTE Telecom India Private Limited","31.03.2011","27.05.2017","Not Available","Not Available","Not Available","11.10.2017","Dismissed",NA,"Existing Dispute","N","N",NA,NA
"(IB)No.52/Chd/Pb/2017","Chandigarh Bench","Creditor","Operational Creditor","Vendor",NA,"5994624 plus 24% interest","M/s. Deepak Fasteners Limited","Not Available","06.06.2017","09.06.2017","14.07.2017","Not Available","11.10.2017","Dismissed",NA,"Existing Dispute","N","N",NA,NA
"(IB)No.63/Chd/Pb/2017","Chandigarh Bench","Creditor","Operational Creditor","Vendor",NA,"81597672","Jindal Cotex Ltd.","Not Available","29.06.2017","01.07.2017","21.07.2017","Not Available","25.10.2017","Dismissed",NA,"Existing Dispute","N","Y","Creditor","Rejected"
"(IB)No.76/Chd/CHD/2017","Chandigarh Bench","Creditor","Operational Creditor","Not Available","Not Available","Not Available","M/s. Best Foods Limited","Not Available","Not Available","Not Available","Not Available","Not Available","25.10.2017","Dismissed",NA,"Withdrawn","N","N",NA,NA
"(IB)No.77/Chd/CHD/2017","Chandigarh Bench","Creditor","Operational Creditor","Not Available","Not Available","Not Available","M/s. Best Foods Limited","Not Available","Not Available","Not Available","Not Available","Not Available","25.10.2017","Dismissed",NA,"Withdrawn","N","N",NA,NA
"(IB)No.88/Chd/CHD/2017","Chandigarh Bench","Creditor","Operational Creditor","Not Available","Not Available","Not Available","M/s. Best Foods Limited","Not Available","Not Available","Not Available","Not Available","Not Available","25.10.2017","Dismissed",NA,"Withdrawn","N","N",NA,NA
"(IB)No.78/Chd/CHD/2017","Chandigarh Bench","Creditor","Operational Creditor","Not Available","Not Available","Not Available","M/s. Best Foods Limited","Not Available","Not Available","Not Available","Not Available","Not Available","25.10.2017","Dismissed",NA,"Withdrawn","N","N",NA,NA
"(IB)No.79/Chd/CHD/2017","Chandigarh Bench","Creditor","Operational Creditor","Not Available","Not Available","Not Available","M/s. Best Foods Limited","Not Available","Not Available","Not Available","Not Available","Not Available","25.10.2017","Dismissed",NA,"Withdrawn","N","N",NA,NA
"(IB)No.80/Chd/CHD/2017","Chandigarh Bench","Creditor","Operational Creditor","Not Available","Not Available","Not Available","M/s. Best Foods Limited","Not Available","Not Available","Not Available","Not Available","Not Available","25.10.2017","Dismissed",NA,"Withdrawn","N","N",NA,NA
"(IB)No.81/Chd/CHD/2017","Chandigarh Bench","Creditor","Operational Creditor","Not Available","Not Available","Not Available","M/s. Best Foods Limited","Not Available","Not Available","Not Available","Not Available","Not Available","25.10.2017","Dismissed",NA,"Withdrawn","N","N",NA,NA
"(IB)No.82/Chd/CHD/2017","Chandigarh Bench","Creditor","Operational Creditor","Not Available","Not Available","Not Available","M/s. Best Foods Limited","Not Available","Not Available","Not Available","Not Available","Not Available","25.10.2017","Dismissed",NA,"Withdrawn","N","N",NA,NA
"(IB)No.84/Chd/CHD/2017","Chandigarh Bench","Creditor","Operational Creditor","Not Available","Not Available","Not Available","M/s. Best Foods Limited","Not Available","Not Available","Not Available","Not Available","Not Available","25.10.2017","Dismissed",NA,"Withdrawn","N","N",NA,NA
"(IB)No.85/Chd/CHD/2017","Chandigarh Bench","Creditor","Operational Creditor","Not Available","Not Available","Not Available","M/s. Best Foods Limited","Not Available","Not Available","Not Available","Not Available","Not Available","25.10.2017","Dismissed",NA,"Withdrawn","N","N",NA,NA
"(IB)No.86/Chd/CHD/2017","Chandigarh Bench","Creditor","Operational Creditor","Not Available","Not Available","Not Available","M/s. Best Foods Limited","Not Available","Not Available","Not Available","Not Available","Not Available","25.10.2017","Dismissed",NA,"Withdrawn","N","N",NA,NA
"(IB)No.87/Chd/CHD/2017","Chandigarh Bench","Creditor","Operational Creditor","Not Available","Not Available","Not Available","M/s. Best Foods Limited","Not Available","Not Available","Not Available","Not Available","Not Available","25.10.2017","Dismissed",NA,"Withdrawn","N","N",NA,NA
"(IB)No.91/Chd/Pb/2017","Chandigarh Bench","Corporate Debtor",NA,NA,NA,"1288435699","SECL Industries Pvt. Ltd.","Not Available",NA,NA,"Not Available","Not Available","25.10.2017","Admitted","Not Available",NA,"N","N",NA,NA
"CP (IB) No. 75/Chd/HP/2017","Chandigarh Bench","Creditor","Financial Creditor",NA,"Bank","207390189+interest","A. Power Himalayas Ltd.","Not Available",NA,NA,"Not Available","Not Available","03.11.2017","Admitted","Mr. Rajeev Khurana",NA,"N","N",NA,NA
"CP (IB) No. 69/Chd/Hry/2017","Chandigarh Bench","Creditor","Operational Creditor","Not Available",NA,"Not Available","Isoluc Corsan India Engineering and Construction Pvt. Ltd.","Not Available","Not Available","Not Available","Not Available","Not Available","07.11.2017","Dismissed",NA,"Withdrawn","N","N",NA,NA
"CP (IB) No. 109/Chd/Hry/2017","Chandigarh Bench","Creditor","Operational Creditor","Not Available",NA,"Not Available","SRS Meditech Ltd.","Not Available","Not Available","Not Available","Not Available","Not Available","09.11.2017","Dismissed",NA,"Withdrawn","N","N",NA,NA
"CP (IB) No. 106/Chd/CHD/2017","Chandigarh Bench","Creditor","Operational Creditor","Not Available",NA,"Not Available","Best Foods Ltd.","Not Available","Not Available","Not Available","Not Available","Not Available","10.11.2017","Dismissed",NA,"Withdrawn","N","N",NA,NA
"CP (IB) No. 103/Chd/Pb/2017","Chandigarh Bench","Creditor","Operational Creditor","Not Available",NA,"Not Available","Kapsons Industries Pvt. Ltd.","Not Available","Not Available","Not Available","Not Available","Not Available","10.11.2017","Dismissed",NA,"Withdrawn","N","N",NA,NA
"CP (IB) No.113/Chd/HP/2017","Chandigarh Bench","Creditor","Operational Creditor","Not Available",NA,"Not Available","GPI Textiles Ltd.","Not Available","Not Available","Not Available","Not Available","Not Available","17.11.2017","Dismissed",NA,"Defective Petition","N","N",NA,NA
"CP (IB) No.73/Chd/Pb/2017","Chandigarh Bench","Creditor","Operational Creditor","Vendor",NA,"1289995.85","Sham Udyog Ltd.","Not Available","Not Available","Not Available","30.08.2017","26.10.2017","21.11.2017","Admitted","Narender Kumar Sharma",NA,"N","N",NA,NA
"CP (IB) No.72/Chd/Hry/2017","Chandigarh Bench","Creditor","Financial Creditor",NA,"Bank","202887067.1","Vegan Colloids Ltd.","Not Available",NA,NA,"Not Available","13.09.2017","24.11.2017","Admitted","Listed for later date",NA,"N","N",NA,NA
"CP (1B) No.108/Chd/Pb/2017.","Chandigarh Bench","Corporate Debtor",NA,NA,NA,"Not Available","Kochar Overseas Pvt. Ltd.","Not Available",NA,NA,"Not Available","Not Available","16.11.2017","Admitted","Yogender Pal Singhal",NA,"N","N",NA,NA
"CP (IB) No. 98/Chd/CHD/2017","Chandigarh Bench","Corporate Debtor",NA,NA,NA,"686000000","BCL Homes Ltd.","Not Available",NA,NA,"Not Available","Not Available","28.11.2017","Dismissed",NA,"Other","N","N",NA,NA
"CP (IB) No.95/Chd/Hry/2017","Chandigarh Bench","Creditor","Operational Creditor","Not Available",NA,"Not Available","Sravanthi Infratech Pvt.Ltd.","Not Available","Not Available","Not Available","Not Available","Not Available","29.11.2017","Dismissed",NA,"Withdrawn","N","N",NA,NA
"CP/472/(IB)/CB/2017","Chennai Bench","Creditor","Financial Creditor",NA,"Bank","Not Available","BKR Hotels and Resorts Pvt. Ltd.","Not Available",NA,NA,"Not Available","Not Available","30.05.2017","Admitted","Mr. R. Venkatakrishnan",NA,"N","Y","Corporate Debtor","Rejected"
"CP/474/(IB)/CB/2017","Chennai Bench","Creditor","Operational Creditor","Not Available",NA,"6451618","Southern Polypet Pvt. Ltd.","Not Available","17.02.2017","Not Available","Not Available","Not Available","30.05.2017","Admitted","Delegaed to IBBI",NA,"N","N",NA,NA
"CP/491/(IB)/CB/2017","Chennai Bench","Creditor","Financial Creditor",NA,"Not Available","2650000","Abhayam Trading Ltd","Not Available","01.04.2017",NA,"Not Available","Not Available","31.05.2017","Admitted","Mr. J. Rakesh Tulsidas Trivedi",NA,"N","N",NA,NA
"CP/506/(IB)/CB/2017","Chennai Bench","Creditor","Operational Creditor","Not Available",NA,"Not Available","Bhash Software Labs Pvt Ltd","Not Available","27.02.2017","Not Available","Not Available","Not Available","01.06.2017","Admitted","Mr. V. Mahesh",NA,"N","Y","Corporate Debtor","Allowed"
"CP/504/(IB)/CB/2017","Chennai Bench","Creditor","Operational Creditor","Vendor",NA,"1978873","Bonton Softwares Pvt. Ltd.","Not Available","Not Available","Not Available","Not Available","Not Available","01.06.2017","Admitted","Delegated to IBBI",NA,"N","N",NA,NA
"CP/507(IB)/CB/2017","Chennai Bench","Creditor","Operational Creditor","Not Available",NA,"248033430","Diamond Engineering (Chennai) Pvt Ltd","Not Available","Not Available","Not Available","Not Available","Not Available","06.06.2017","Admitted","Mr. V. Mahesh",NA,"N","Y","Corporate Debtor","Rejected"
"CP No. 515/2017","Chennai Bench","Creditor","Financial Creditor",NA,"Bank","1050000000","Summer India Textile Mills Pvt Ltd","Not Available",NA,NA,"Not Available","Not Available","13.06.2017","Admitted","Mr. Madhusudhanan",NA,"N","N",NA,NA
"CP No. 478,479 and 480 of 2017","Chennai Bench","Creditor","Operational Creditor","Employee",NA,"52134448(for 478)","Aruna Hotels Ltd","Not Available","24.03.2017","Not Available","Not Available","Not Available","13.06.2017","Admitted","Mr. P. Sriram",NA,"N","Y","Corporate Debtor","Allowed"
"CP/468(IB)/CB/2017","Chennai Bench","Corporate Debtor",NA,NA,NA,"Not Available","Thirupur Surya Hitech Apparel Pvt Ltd","Not Available",NA,NA,"Not Available","Not Available","14.06.2017","Admitted","Mr. Mutharaju",NA,"N","N",NA,NA
"CP/467(IB)/CB/2017","Chennai Bench","Corporate Debtor",NA,NA,NA,"Not Available","Thirupur Surya Textiles Pvt Ltd","Not Available",NA,NA,"Not Available","Not Available","14.06.2017","Admitted","Mr.Mutharaju",NA,"N","N",NA,NA
"CP/508(IB)/CB/2017","Chennai Bench","Corporate Debtor",NA,NA,NA,"Not Available","Ennore Coke Ltd.","Not Available",NA,NA,"Not Available","Not Available","20.06.2017","Admitted","Anil Kumar Birla",NA,"N","N",NA,NA
"CP/505(IB)/CB/2017","Chennai Bench","Creditor","Financial Creditor",NA,"Individual Lender","448040","Orien Kuries and Loans Pvt Ltd","Not Available","22.04.2017","26.04.2017","Not Available","Not Available","10.07.2017","Admitted","Mr. Sankar Panicker",NA,"N","N",NA,NA
"CP/477(IB)/CB/2017","Chennai Bench","Creditor","Operational Creditor","Not Available",NA,"1443246","Borg Energy India Pvt. Ltd.","Not Available","13.03.2017","Not Available","Not Available","Not Available","31.05.2017","Admitted","Referred to IBBI",NA,"N","N",NA,NA
"CP.500(IB)CB/2017","Chennai Bench","Creditor","Operational Creditor","Vendor",NA,"USD 445416","A&A International Trading Pvt. Ltd.","03.02.2016","05.04.2017","Not Available","Not Available","Not Available","16.06.2017","Admitted","Not Available",NA,"N","N",NA,NA
"TCP/50/(IB)/CB/2017","Chennai Bench","Creditor","Operational Creditor","Vendor",NA,"16000421","Laxmi Ganesh textiles Pvt. Ltd.","Not Available","Not Available","Not Available","Not Available","Not Available","25.07.2017","Dismissed",NA,"Existing Dispute","N","N",NA,NA
"CP/482/(IB)/CB/2017","Chennai Bench","Creditor","Operational Creditor","Not Available",NA,"Not Available","Merchem Ltd.","Not Available","Not Available","Not Available","Not Available","Not Available","26.07.2017","Dismissed",NA,"Settlement","N","N",NA,NA
"CP/536/(IB)/CB/2017","Chennai Bench","Creditor","Operational Creditor","Vendor",NA,"3099237","Infonet Asia Pvt. Ltd.","Not Available","01.04.2017","Not Available","Not Available","Not Available","02.08.2017","Admitted","Not Available",NA,"N","N",NA,NA
"CP/544/(IB)/2017","Chennai Bench","Creditor","Operational Creditor","Not Available",NA,"Not Available","Nag Leathers Pvt. Ltd.","Not Available","Not Available","Not Available","Not Available","Not Available","04.08.2017","Dismissed",NA,"Non-prosecution","N","N",NA,NA
"CP/546/(IB)CB/2017","Chennai Bench","Creditor","Operational Creditor","Vendor",NA,"2768937+18@interest p.a.","Visuwam Auto Spare Parts Pvt. Ltd.","Not Available","19.04.2017","Not Available","Not Available","Not Available","07.08.2017","Admitted","Not Available",NA,"N","N",NA,NA
"CP/532/(IB)/2017","Chennai Bench","Creditor","Operational Creditor","Not Available",NA,"Not Available","Barath Builders Constructions Pvt. Ltd.","Not Available","Not Available","Not Available","Not Available","Not Available","10.08.2017","Dismissed",NA,"Settlement","N","N",NA,NA
"CP/537/(IB)/2017","Chennai Bench","Creditor","Operational Creditor","Vendor",NA,"4151570.52+251028.18(euro)+arbitral award 87000 USD+ simple interest @3.5% p.a.","Shriram EPC Ltd.","Not Available","05.05.2017","Not Available","Not Available","Not Available","10.08.2017","Admitted","C Ramasubramanian",NA,"N","Y","Corporate Debtor","Allowed"
"CP/540/(IB)/CB/2017","Chennai Bench","Creditor","Operational Creditor","Others",NA,"206201053.8","Orchid Pharma Ltd.","Not Available","14.06.2017","Not Available","Not Available","Not Available","17.08.2017","Admitted","Mr. CMA CS Rajasekaran",NA,"N","N",NA,NA
"CP/542/IB/CB/2017","Chennai Bench","Creditor","Operational Creditor","Employee",NA,"8277025 +interest @12% p.a.","Kutty Flush Doors & Furniture Co. Pvt. Ltd.","Not Available","08.06.2017","Not Available","Not Available","Not Available","23.08.2017","Dismissed",NA,"Settlement","N","N",NA,NA
"CP/550/(IB)/2017","Chennai Bench","Creditor","Operational Creditor","Not Available",NA,"Not Available","Effel Exports Pvt. Ltd.","Not Available","Not Available","Not Available","Not Available","Not Available","31.08.2017","Dismissed","Not Available","Settlement","N","N",NA,NA
"CP/551/(IB)/2017","Chennai Bench","Creditor","Financial Creditor",NA,"Bank","129657829.2","Ashok Magnetics ","30.112016",NA,NA,"Not Available","Not Available","04.09.2017","Admitted","Mr. Venkataramanarao Nagarajan",NA,"Y","N",NA,NA
"CP/548/(IB)/2017","Chennai Bench","Creditor","Operational Creditor","Not Available",NA,"Not Available","Naachair Paper Boards Private Limited ","Not Available","Not Available","Not Available","Not Available","Not Available","04.09.2017","Dismissed",NA,"Settlement","N","N",NA,NA
"CP/563/(IB)/CB/2017","Chennai Bench","Creditor","Financial Creditor",NA,"Bank","392141910","Oceanic Edibles International Limited ","10.08.2013",NA,NA,"Not Available","Not Available","12.09.2017","Admitted","Mr.C. Ramasubramamaniam",NA,"N","N",NA,NA
"CP/564/(IB)/CB/2017","Chennai Bench","Creditor","Financial Creditor",NA,"Bank","1009430499","Oceanic Tropical Fruits Private Limited ","31.12.2014",NA,NA,"Not Available","Not Available","13.09.2017","Admitted","Mr.C. Ramasubramamaniam",NA,"N","N",NA,NA
"CP/554/(IB)/CB/2017","Chennai Bench","Creditor","Operational Creditor","Vendor",NA,"2512931781","Tamil Nadu Generation and Distribution Company Limited ","Not Available","04.07.2017","05.07.2017","Not Available","Not Available","13.09.2017","Dismissed",NA,"Existing Dispute","N","N",NA,NA
"CP/555/(IB)/CB/2017","Chennai Bench","Creditor","Operational Creditor","Vendor",NA,"1578571585","Tamil Nadu Generation and Distribution Company Limited ","Not Available","04.07.2017","05.07.2017","Not Available","Not Available","13.09.2017","Dismissed",NA,"Existing Dispute","N","N",NA,NA
"CP/556/(IB)/CB/2017","Chennai Bench","Creditor","Operational Creditor","Vendor",NA,"2218880597","Tamil Nadu Generation and Distribution Company Limited ","Not Available","04.07.2017","05.07.2017","Not Available","Not Available","13.09.2017","Dismissed",NA,"Existing Dispute","N","N",NA,NA
"CP/559/(IB)/CB/2017","Chennai Bench","Creditor","Operational Creditor","Vendor",NA,"16936735+18% interest p.a.","Inasra Technologies Private Limited ","12.09.2016","08.05.2017","Not Available","03.07.2017","Not Available","15.09.2017","Admitted","Mr. Karthigeyan Srinivasan ",NA,"N","N",NA,NA
"CP/553/(IB)/CB/2017","Chennai Bench","Creditor","Financial Creditor",NA,"Assignee","1760066070","Paragon Steel Private Limited ","31.01.2017",NA,NA,"Not Available","Not Available","15.09.2017","Admitted","Mr. R. Venkatakrishnan",NA,"N","N",NA,NA
"CP/552/(IB)/CB/2017","Chennai Bench","Creditor","Financial Creditor",NA,"Assignee","400541313","SMM Steel Re-Rolling Mills Private Limited ","31.01.2017",NA,NA,"Not Available","Not Available","15.09.2017","Admitted","Mr. R. Venkatakrishnan",NA,"N","N",NA,NA
"CP/560/(IB)/2017","Chennai Bench","Creditor","Operational Creditor","Not Available",NA,"Not Available","Pink City Express Way Private Limited ","Not Available","Not Available","Not Available","Not Available","Not Available","15.09.2017","Dismissed",NA,"Settlement","N","N",NA,NA
"CP/558/(IB)/CB/2017","Chennai Bench","Creditor","Financial Creditor",NA,"Bank","414746380","Infinitas Energy Solutions Private Limited ","Not Available",NA,NA,"Not Available","Not Available","18.09.2017","Admitted","Mr. R. Venkatakrishnan",NA,"N","Y","Corporate Debtor","Rejected"
"CP/547/(IB)/2017","Chennai Bench","Creditor","Operational Creditor","Not Available",NA,"Not Available","Consolidated Constructions Consortium Limited ","Not Available","Not Available","Not Available","Not Available","Not Available","19.09.2017","Dismissed",NA,"Settlement","N","N",NA,NA
"CP/562/(IB)/2017","Chennai Bench","Creditor","Operational Creditor","Not Available",NA,"Not Available","Barath Building Construction Private Limited ","Not Available","Not Available","Not Available","Not Available","Not Available","20.09.2017","Dismissed",NA,"Settlement","N","N",NA,NA
"CP/573/(IB)/2017","Chennai Bench","Creditor","Operational Creditor","Not Available",NA,"Not Available","Siddarth Merchantile Private Limited","Not Available","Not Available","Not Available","Not Available","Not Available","25.09.2017","Dismissed",NA,"Settlement","N","N",NA,NA
"CP/577/(IB)/2017","Chennai Bench","Creditor","Operational Creditor","Vendor",NA,"231552800","Hallmark Living Space Private Limited","Not Available","Not Available","Not Available","Not Available","Not Available","26.09.2017","Admitted","Mr. S. Dhanapal",NA,"N","N",NA,NA
"CP/580/(IB)/2017","Chennai Bench","Creditor","Operational Creditor","Not Available",NA,"Not Available","Tech Sharp Engineers Private Limited ","Not Available","Not Available","Not Available","Not Available","Not Available","27.09.2017","Dismissed",NA,"Settlement","N","N",NA,NA
"CP/568/(IB)CB/2017","Chennai Bench","Creditor","Financial Creditor",NA,"Corporate Lender","6338457","Vasavi Housing Infrastructure Private Limited ","Not Available",NA,NA,"Not Available","Not Available","27.09.2017","Admitted","Mr. S. Sridhar",NA,"N","N",NA,NA
"CP/570/IB/2017","Chennai Bench","Creditor","Operational Creditor","Not Available",NA,"Not Available","Sumangala Steel Private Limited ","Not Available","Not Available","Not Available","Not Available","Not Available","28.09.2017","Dismissed",NA,"Settlement","Y","N",NA,NA
"CA/582/(IB)CB/2017","Chennai Bench","Corporate Debtor",NA,NA,NA,"204933362","Brilliant Alloys Private Limited ","Not Available",NA,NA,"Not Available","Not Available","28.09.2017","Admitted","Mr. Martin S.K. Golla",NA,"N","N",NA,NA
"CP/571/(IB)CB/2017","Chennai Bench","Creditor","Operational Creditor","Vendor",NA,"13596377","RV Steels and Power Pvt Ltd","Not Available","27.03.2017","Not Available","Not Available","Not Available","28.09.2017","Admitted","Referred to IBBI",NA,"N","N",NA,NA
"CP/574/(IB)CB/2017","Chennai Bench","Creditor","Operational Creditor","Vendor",NA,"247052","Pavai Alloys and Steels Private Limited ","14.07.2014","27.03.2017","Not Available","Not Available","Not Available","28.09.2017","Dismissed",NA,"Time Barred","N","N",NA,NA
"CP/525/(IB)/2017","Chennai Bench","Creditor","Operational Creditor","Not Available",NA,"Not Available","Prasanth Properties Pvt. Ltd.","Not Available","Not Available","Not Available","Not Available","Not Available","03.10.2017","Dismissed",NA,"Other","N","N",NA,NA
"CP/575/(IB)/CB/2017","Chennai Bench","Creditor","Operational Creditor","Vendor",NA,"1411565","Al-Ameen Green Energy Pvt. Ltd.","Not Available","10.03.2017","Not Available","Not Available","Not Available","23.10.2017","Dismissed",NA,"Existing Dispute","N","Y","Creditor","Allowed"
"CP/575/(IB)/CB/2017","Chennai Bench","Creditor","Operational Creditor","Vendor",NA,"8456464","Surya Balaji Steels Private Limited","Not Available","27.03.2017","Not Available","Not Available","Not Available","05.10.2017","Admitted","Delegated to IBBI",NA,"N","N",NA,NA
"CP/595(IB)/CB/2017","Chennai Bench","Creditor","Financial Creditor",NA,"Bank","Not Available","M/s. Deivaanai Sinter Metals Pvt. Ltd.","Not Available",NA,NA,"Not Available","Not Available","11.10.2017","Admitted","Mr. C. Ramasubramaniam",NA,"N","N",NA,NA
"CP/602/(IB)/2017","Chennai Bench","Creditor","Operational Creditor","Not Available",NA,"Not Available","Ashok Magnetics Ltd","Not Available","Not Available","Not Available","Not Available","Not Available","11.10.2017","Dismissed",NA,"Other","N","N",NA,NA
"CP/578/(IB)/2017","Chennai Bench","Creditor","Operational Creditor","Not Available",NA,"Not Available","Sri Ramajayam Spin Tex Pvt Ltd","Not Available","Not Available","Not Available","Not Available","Not Available","16.10.2017","Dismissed",NA,"Settlement","N","N",NA,NA
"CP/589/(IB)/2017","Chennai Bench","Creditor","Operational Creditor","Not Available",NA,"Not Available","VGN Property Developers Pvt Ltd","Not Available","Not Available","Not Available","Not Available","Not Available","17.10.2017","Dismissed",NA,"Settlement","N","N",NA,NA
"CP/561/(IB)/2017","Chennai Bench","Creditor","Operational Creditor","Not Available",NA,"Not Available","Consolidated Construction Consortium Ltd","Not Available","Not Available","Not Available","Not Available","Not Available","17.10.2017","Dismissed",NA,"Settlement","N","N",NA,NA
"CP/605/(IB)/2017","Chennai Bench","Creditor","Financial Creditor",NA,"Bank","Not Available","Balu Spinning Mills Pvt. Ltd.","Not Available",NA,NA,"Not Available","Not Available","26.10.2017","Dismissed",NA,"Withdrawn","N","N",NA,NA
"CP/485/(IB)/CB/2017","Chennai Bench","Creditor","Financial Creditor",NA,"Not Available","Not Available","Landmark Housing Projects India Pvt. Ltd.","Not Available",NA,NA,"Not Available","Not Available","27.10.2017","Dismissed",NA,"Settlement","N","N",NA,NA
"CP/588/(IB)/CB/2017","Chennai Bench","Creditor","Financial Creditor",NA,"Bank","323551748","Summer India Weaving and Processing Mills Private Limited","Not Available",NA,NA,"22.08.2017","Not Available","27.10.2017","Admitted","Shri C. V. Madhusudhanan",NA,"N","N",NA,NA
"CP/543/(IB)/2017","Chennai Bench","Creditor","Operational Creditor","Not Available",NA,"Not Available","Bennco Enterprises Pvt. Ltd.","Not Available","Not Available","Not Available","Not Available","Not Available","02.11.2017","Dismissed",NA,"Other","N","N",NA,NA
"CP/543/(IB)/CB/2017","Chennai Bench","Creditor","Operational Creditor","Employee",NA,"4841818 + interest","Air Carnival Pvt. Ltd.","Not Available","21.04.2017","Not Available","Not Available","Not Available","02.11.2017","Admitted","Ms. Kavitha Surana",NA,"N","N",NA,NA
"CP/606/(IB)/CB/2017","Chennai Bench","Creditor","Financial Creditor",NA,"ARC","610926925","Frontline Printers Pvt. Ltd.","30.10.2012",NA,NA,"Not Available","Not Available","02.11.2017","Admitted","Mr. Balasubramanium T. V.",NA,"N","N",NA,NA
"CP/604/(IB)/CB/2017","Chennai Bench","Creditor","Financial Creditor",NA,"Bank","134000355.9","NSR Elkemet Pvt. Ltd.","Not Available",NA,NA,"Not Available","Not Available","02.11.2017","Admitted","Mr. V. Mahesh",NA,"N","N",NA,NA
"CP/600/(IB)/CB/2017","Chennai Bench","Creditor","Operational Creditor","Vendor",NA,"2248227","Shri Krishnakanth Textiles Pvt. Ltd.","Not Available","02.08.2017","Not Available","Not Available","Not Available","02.11.2017","Admitted","Mr. S. Muthu Raju",NA,"N","N",NA,NA
"CP/598/(IB)/CB/2017","Chennai Bench","Creditor","Operational Creditor","Vendor",NA,"3030223.2","Golden Prosperous Property Pvt. Ltd.","Not Available","Not Available","Not Available","26.09.2017","Not Available","03.11.2017","Admitted","Delegated to IBBI",NA,"N","N",NA,NA
"CP/608/(IB)/CB/2017","Chennai Bench","Creditor","Financial Creditor",NA,"Bank","30797285.58","Rathna Stores Pvt. Ltd.","Not Available",NA,NA,"Not Available","Not Available","03.11.2017","Admitted","Mr. V. Nagarajan",NA,"N","N",NA,NA
"CP/591/(IB)/CB/2017","Chennai Bench","Creditor","Operational Creditor","Vendor",NA,"656903","V. G. Textiles Pvt. Ltd.","11.05.2015","02.09.2017","07.09.2017","Not Available","Not Available","07.11.2017","Admitted","Delegated to IBBI",NA,"N","N",NA,NA
"CP/593/(IB)/CB/2017","Chennai Bench","Creditor","Operational Creditor","Vendor",NA,"845575","Vijay Mahalaxmi Spinning Mills India Pvt. Ltd.","05.08.2014","02.09.2017","07.09.2017","Not Available","Not Available","07.11.2017","Admitted","Delegated to IBBI",NA,"N","N",NA,NA
"CP/613/(IB)/CB/2017","Chennai Bench","Creditor","Operational Creditor","Not Available",NA,"Not Available","Shivsu Canadian Clear Waters Ltd.","Not Available","Not Available","Not Available","Not Available","Not Available","09.11.2017","Dismissed",NA,"Settlement","N","N",NA,NA
"CP/615/(IB)/CB/2017","Chennai Bench","Creditor","Operational Creditor","Not Available",NA,"Not Available","Transtroy India Ltd.","Not Available","Not Available","Not Available","Not Available","Not Available","10.11.2017","Dismissed",NA,"Withdrawn","N","N",NA,NA
"CP/617/(IB)/CB/2017","Chennai Bench","Creditor","Operational Creditor","Not Available",NA,"Not Available","Cognizant Technology Solutions (I) Pvt. Ltd.","Not Available","Not Available","Not Available","Not Available","Not Available","13.11.2017","Dismissed",NA,"Settlement","N","N",NA,NA
"CP/612/(IB)/CB/2017","Chennai Bench","Creditor","Financial Creditor","Not Available","Bank","701024423","Senthil Papers and Boards Pvt. Ltd.","04.10.2017",NA,NA,"Not Available","Not Available","14.11.2017","Admitted","Mr. N. Sivachalam",NA,"N","N",NA,NA
"CP/594/(IB)/CB/2017","Chennai Bench","Creditor","Operational Creditor","Not Available",NA,"Not Available","Dharanii Cotton Mills Pvt. Ltd.","Not Available","Not Available","Not Available","Not Available","Not Available","14.11.2017","Dismissed",NA,"Withdrawn","N","N",NA,NA
"CP/616/(IB)/CB/2017","Chennai Bench","Creditor","Operational Creditor","Vendor",NA,"23933935","Sun Paper Mill Ltd.","Not Available","Not Available","Not Available","Not Available","Not Available","15.11.2017","Admitted","Delegated to IBBI",NA,"N","N",NA,NA
"CP/616/IB/CB/2017","Chennai Bench","Creditor","Operational Creditor","Vendor",NA,"25933935","Sun Paper Mill Ltd.","Not Available","24.05.2017","Not Available","Not Available","Not Available","15.11.2017","Admitted","Delegated to IBBI",NA,"N","Y","Corporate Debtor","Rejected"
"CP/610(IB)/2017","Chennai Bench","Creditor","Operational Creditor","Vendor",NA,"3045815+Interest","Antony Projects India Pvt. Ltd.","12.04.2014","11.08.2017","Not Available","Not Available","Not Available","15.11.2017","Admitted","Delegated to IBBI",NA,"N","N",NA,NA
"CP/597(IB)/CB/2017","Chennai Bench","Creditor","Operational Creditor","Employee",NA,"18775631","Aruna Hotels Ltd.","Not Available","29.06.2017","06.07.2017","Not Available","Not Available","17.11.2017","Admitted","Venkataramanarao Nagarajan",NA,"N","N",NA,NA
"CP/14(IB)/2017","Chennai Bench","Creditor","Operational Creditor","Not Available",NA,"Not Available","Sree Shivamukumdhaa Mills Pvt Ltd","Not Available","Not Available","Not Available","Not Available","Not Available","21.11.2017","Dismissed",NA,"Other","N","N",NA,NA
"TCP/233(IB)/CB/2017","Chennai Bench","Creditor","Financial Creditor",NA,"NBFC","30392383","C.T. Ramanathan Infrastructure Pvt Ld","Not Available",NA,NA,"Not Available","Not Available","21.11.2017","Admitted","Dhiren Shantilal Shah",NA,"N","N",NA,NA
"CP/634/IB/CB/2017","Chennai Bench","Creditor","Financial Creditor",NA,"Bank","159500000","Vangal Amman Health Services Ltd.","Not Available",NA,NA,"Not Available","Not Available","22.11.2017","Admitted","Venkatraman Ravikumar",NA,"N","N",NA,NA
"CP/618/IB/CB/2017","Chennai Bench","Creditor","Operational Creditor","Vendor",NA,"716651.25","Jain Granites & Projects India Ltd.","Not Available","25.04.2017","Not Available","Not Available","Not Available","23.11.2017","Admitted","Delegated to IBBI",NA,"N","N",NA,NA
"CP/586/IB/CB/2017","Chennai Bench","Creditor","Financial Creditor",NA,"Government entity","206996293","Everonn Skill Development Ltd.","23.01.2017",NA,NA,"Not Available","Not Available","23.11.2017","Admitted","C. Ramasubramaiam",NA,"N","N",NA,NA
"CP/637/IB/2017","Chennai Bench","Creditor","Operational Creditor","Vendor",NA,"774313.05","Trivitron Healthcare Pvt. Ltd.","Not Available","18.02.2017","Not Available","Not Available","Not Available","24.11.2017","Admitted","Delegated to IBBI",NA,"N","N",NA,NA
"CP/623/IB/2017","Chennai Bench","Creditor","Financial Creditor",NA,"Bank","364781328","NSR Steels Pvt Ltd.","Not Available",NA,NA,"Not Available","Not Available","24.11.2017","Admitted","Venkataramanarao Nagarajan",NA,"N","N",NA,NA
"CP/601/IB/2017","Chennai Bench","Creditor","Operational Creditor","Not Available",NA,"Not Available","Infra Housing Pvt Ltd.","Not Available","Not Available","Not Available","Not Available","Not Available","28.11.2017","Dismissed",NA,"Settlement","N","N",NA,NA
"CP/620/IB/2017","Chennai Bench","Creditor","Operational Creditor","Vendor",NA,"5510108","Kavya Advertising & Marketing Pvt Ltd","Not Available","02.08.2017","Not Available","Not Available","Not Available","29.11.2017","Admitted","Radhakrishnan Dharmarajan",NA,"N","N",NA,NA
"CP/611/IB/2017","Chennai Bench","Creditor","Operational Creditor","Vendor",NA,"11886658","Sri Nagananthana Mills Ltd","Not Available","Not Available","Not Available","Not Available","Not Available","29.11.2017","Admitted","S. Muthuraju",NA,"N","N",NA,NA
"CP(IB)/19/7/HDB/2017","Hyderabad Bench","Creditor","Financial Creditor",NA,"Individual Lender","9147864","Geometrix Laser Solutions Private Limited","Not Available",NA,NA,"Not Available","22.02.2017","13.03.2017","Dismissed",NA,"Other","N","N",NA,NA
"CP(IB)/9/9/HDB/2017","Hyderabad Bench","Creditor","Operational Creditor","Employee",NA,"12222969","Lanco Infratech Ltd.","Not Available","02.01.2017","Not Available","Not Available","Not Available","21.02.2017","Dismissed",NA,"Existing Dispute","N","Y","Creditor","Rejected"
"CP(IB)/16/07/HDB/2017","Hyderabad Bench","Creditor","Financial Creditor",NA,"Bank","3353210602","Kamineni Steel and Power India Private Limited","Not Available","Not Available","Not Available","Not Available","Not Available","20.02.2017","Dismissed",NA,"Other","N","N",NA,NA
"76/09/HDB/2017","Hyderabad Bench","Creditor","Operational Creditor","Vendor",NA,"$50,797","M/s. Sulakshana Circuits Ltd.","Not Available","23.02.2017","Not Available","Not Available","Not Available","02.06.2017","Dismissed",NA,"Settlement","N","N",NA,NA
"55/9/HDB/2017","Hyderabad Bench","Creditor","Operational Creditor","Not Available",NA,"11463761","Hyderabad Integrated MSW limited","31.01.2017","Not Available","Not Available","Not Available","04.05.2017","22.06.2017","Dismissed",NA,"Settlement","N","N",NA,NA
"58/9/HDB/2017","Hyderabad Bench","Creditor","Operational Creditor","Not Available",NA,"3446317","Delhi MSW Solutions Ltd.","31.01.2017","Not Available","Not Available","Not Available","04.05.2017","22.06.2017","Dismissed",NA,"Settlement","N","N",NA,NA
"58/9/HDB/2017","Hyderabad Bench","Creditor","Operational Creditor","Not Available",NA,"753599","Ramky Energy & Environment Ltd.","31.01.2017","Not Available","Not Available","Not Available","04.05.2017","22.06.2017","Dismissed",NA,"Settlement","N","N",NA,NA
"58/9/HDB/2017","Hyderabad Bench","Creditor","Operational Creditor","Not Available",NA,"1751906","Ramky Enviro Engineering Ltd.","31.01.2017","Not Available","Not Available","Not Available","04.05.2017","22.06.2017","Dismissed",NA,"Settlement","N","N",NA,NA
"94/9/HDB/2017","Hyderabad Bench","Creditor","Operational Creditor","Vendor",NA,"217000","YTRRE Software Solutions Ltd.","Not Available","Not Available","Not Available","Not Available","20.07.2017","24.07.2017","Dismissed",NA,"Settlement","N","N",NA,NA
"CP(IB) No. 53/9/HDB/2017","Hyderabad Bench","Creditor","Operational Creditor","Vendor",NA,"137727444","Gayatri Projects Ltd.","Not Available","10.02.2017","Not Available","Not Available","02.05.2017","31.07.2017","Dismissed",NA,"Settlement","N","N",NA,NA
"CP(IB) No.01/IBC/HDB/2017","Hyderabad Bench","Corporate Debtor",NA,NA,NA,"Not Available","Synergies Dooray Automative Ltd.","Not Available","Not Available","Not Available","Not Available","Not Available","02.08.2017","Dismissed","Mamta Binani ","Other","N","N",NA,NA
"CP No.111/7/HDB/2017","Hyderabad Bench","Creditor","Financial Creditor",NA,"Bank","2349612889","Lanco Infratech Ltd.","Not Available",NA,NA,"Not Available","25.07.2017","07.08.2017","Admitted","Savan Godiawala",NA,"N","N",NA,NA
"CP No.114/9/HDB/2017","Hyderabad Bench","Creditor","Operational Creditor","Not Available",NA,"18163324","Lanco Infratech Ltd.","04.01.2016","Not Available","Not Available","Not Available","Not Available","07.08.2017","Dismissed",NA,"Other","N","N",NA,NA
"CP(IB) 113/9/HDB/2017","Hyderabad Bench","Creditor","Operational Creditor","Not Available",NA,"3037468","Lanco Infratech Ltd.","06.07.2012","09.02.2017","Not Available","Not Available","Not Available","07.08.2017","Dismissed",NA,"Other","N","N",NA,NA
"CP(IB) 112/9/HDB/2017","Hyderabad Bench","Creditor","Operational Creditor","Not Available",NA,"51447556","Lanco Infratech Ltd.","06.01.2011","02.03.2011","Not Available","Not Available","Not Available","07.08.2017","Dismissed",NA,"Other","N","N",NA,NA
"CP(IB) 81/7/HDB/2017","Hyderabad Bench","Creditor","Financial Creditor",NA,"Individual Lenders","23958045","Aayusiddhi Life Science Pvt. Ltd.","Not Available",NA,NA,"16.05.2017","15.06.2017","08.08.2017","Dismissed",NA,"Defective Petition","N","N",NA,NA
"CP(IB) 136/9/HDB/2017","Hyderabad Bench","Creditor","Operational Creditor","Vendor",NA,"3370800","Vishwa Infrastructure and Services Pvt. Ltd.","Not Available","02.02.2017","Not Available","Not Available","02.08.2017","10.08.2017","Dismissed",NA,"Settlement","N","N",NA,NA
"CP(IB) No. 119/9/HDB/2017","Hyderabad Bench","Creditor","Operational Creditor","Employee",NA,"374850","VBC Industries Ltd.","Not Available","29.04.2017","Not Available","Not Available","27.07.2017","11.08.2017","Dismissed",NA,"Defective Petition","N","N",NA,NA
"CP(IB) No. 118/9/HDB/2017","Hyderabad Bench","Creditor","Operational Creditor","Employee",NA,"1000000","VBC Industries Ltd.","Not Available","26.03.2017","Not Available","Not Available","27.07.2017","11.08.2017","Dismissed",NA,"Withdrawn","N","N",NA,NA
"CP(IB) 143/9/HDB/2017","Hyderabad Bench","Creditor","Operational Creditor","Not Available",NA,"Not Available","Ramky Infrastructure Ltd.","Not Available","Not Available","Not Available","Not Available","09.08.2017","14.08.2017","Dismissed",NA,"Defective Petition","N","N",NA,NA
"CP(IB) No. 144/9/HDB/2017","Hyderabad Bench","Creditor","Operational Creditor","Vendor",NA,"3316292","Vijay Home Appliance Litd.","Not Available","18.07.2017","Not Available","Not Available","09.08.2017","14.08.2017","Dismissed",NA,"Withdrawn","N","N",NA,NA
"CP(IB) No. 130/9/HDB/2017","Hyderabad Bench","Creditor","Operational Creditor","Not Available",NA,"43996775.78","SuryaJyoti Spinning Mills Ltd.","Not Available","10.04.2017","Not Available","14.07.2017","31.07.2017","14.08.2017","Dismissed",NA,"Withdrawn","N","N",NA,NA
"CP No. (IB)128/10/HDB/2017","Hyderabad Bench","Corporate Debtor",NA,NA,NA,"3749750710","Neeta Chemicals (I) Pvt. Ltd.",NA,NA,NA,NA,NA,"14.08.2017","Dismissed",NA,"Non-prosecution","N","N",NA,NA
"CP(IB) No.135/9/HDB/2017","Hyderabad Bench","Creditor","Operational Creditor","Not Available",NA,"10873530","GVK Bio Sciences Pvt. Ltd.","Not Available","23.03.2017","Not Available","Not Available","01.08.2017","14.08.2017","Dismissed",NA,"Withdrawn","N","N",NA,NA
"CP(IB) No.120/9/HDB/2017","Hyderabad Bench","Creditor","Operational Creditor","Not Available",NA,"Not Available","Legend Estate Pvt. Ltd.","Not Available","Not Available","Not Available","Not Available","28.07.2017","21.08.2017","Dismissed",NA,"Settlement","N","N",NA,NA
"CP(IB) No. 50/10/HDB/2017","Hyderabad Bench","Corporate Debtor",NA,NA,NA,"Not Available","Ameya Laboratories Ltd.",NA,NA,NA,"Not Available","Not Available","21.08.2017","Dismissed",NA,"Other","N","N",NA,NA
"CP(IB) No.138/7/HDB/2017","Hyderabad Bench","Creditor","Financial Creditor",NA,"Not Available","Not Available","Windstream Energy Technologies India Pvt. Ltd.","Not Available",NA,NA,"Not Available","Not Available","21.08.2017","Dismissed",NA,"Defective Petition","N","N",NA,NA
"CP(IB) No. 141/9/HDB/2017","Hyderabad Bench","Creditor","Operational Creditor","Vendor",NA,"6065468","Ind-Barath Energy (Utkal) Ltd.","Not Available","25.04.2017","Not Available","Not Available","09.08.2017","21.08.2017","Dismissed",NA,"Settlement","N","N",NA,NA
"CP(IB) No. 95/9/HDB/2017","Hyderabad Bench","Creditor","Operational Creditor","Others",NA,"4043000","Alien Developers (P) Ltd.","02.04.2017","28.04.2017","Not Available","Not Available","10.07.2017","22.08.2017","Dismissed",NA,"Settlement","N","N",NA,NA
"CP(IB) No. 104/9/HDB/2017","Hyderabad Bench","Creditor","Operational Creditor","Others",NA,"4481000","Alien Developers (P) Ltd.","15.03.2016","12.05.2017","Not Available","Not Available","19.07.2017","22.08.2017","Dismissed",NA,"Settlement","N","N",NA,NA
"CP(IB) No. 105/9/HDB/2017","Hyderabad Bench","Creditor","Operational Creditor","Others",NA,"3553474","Alien Developers (P) Ltd.","02.04.2017","13.04.3017","Not Available","Not Available","19.07.2017","22.08.2017","Dismissed",NA,"Settlement","N","N",NA,NA
"CP No. 127/10/HDB/2017","Hyderabad Bench","Corporate Debtor",NA,NA,NA,"2900000000","Anrak Aluminium Ltd.","Not Available","Not Available","Not Available","07.07.2017","28.07.2017","31.08.2017","Dismissed",NA,"Other","N","N",NA,NA
"(IB)-116/9/HDB/2017","Hyderabad Bench","Creditor","Operational Creditor","Vendor",NA,"158767390","Ksheeraabd Constructions Private Limited ","Not Available","27.05.2017","Not Available","Not Available","Not Available","06.09.2017","Dismissed",NA,"Existing Dispute","N","N",NA,NA
"(IB)-124/9/HDB/2017","Hyderabad Bench","Creditor","Operational Creditor","Vendor",NA,"6257938","Janapriya Engineers Syndicate Private Limited ","01.03.2015","15.03.2017","Not Available","Not Available","28.07.2017","05.09.2017","Dismissed",NA,"Other","N","N",NA,NA
"(IB)-96/7/HDB/2017","Hyderabad Bench","Creditor","Financial Creditor",NA,"Corporate Lender","29500000","VSS Projects Private Limited ","30.06.2016",NA,NA,"Not Available","Not Available","08.09.2017","Dismissed",NA,"Other","N","N",NA,NA
"(IB)-137/HDB/2017","Hyderabad Bench","Creditor","Operational Creditor","Employee",NA,"27418587","East Coast Energy Private Limited ","Not Available","Not Available","Not Available","Not Available","02.08.2017","08.09.2017","Dismissed",NA,"Settlement","N","N",NA,NA
"(IB)-180/HDB/2017","Hyderabad Bench","Creditor","Operational Creditor","Vendor",NA,"463581260","BGR Energy Systems Limited ","Not Available","Not Available","Not Available","Not Available","Not Available","08.09.2017","Dismissed",NA,"Other","N","N",NA,NA
"CP(IB) No.149/9/HDB/2017","Hyderabad Bench","Creditor","Operational Creditor","Employee",NA,"21285058","Kiranmaye Insitute of Medical Sciences Pvt Ltd","Not Available","26.04.2017","Not Available","Not Available","14.08.2017","11.09.2017","Dismissed",NA,"Settlement","N","N",NA,NA
"(IB)-122/9/HDB/2017","Hyderabad Bench","Creditor","Operational Creditor","Vendor",NA,"927229","Aster Building Solutions Limited ","Not Available","Not Available","Not Available","Not Available","28.07.2017","13.09.2017","Dismissed",NA,"Settlement","N","N",NA,NA
"(IB)-181/9/HDB/2017","Hyderabad Bench","Creditor","Operational Creditor","Vendor",NA,"64199702","Lakshmi Srinvasa Jute Mills Private Limited ","30.04.2016","05.05.2017","Not Available","Not Available","04.09.2017","15.09.2017","Dismissed",NA,"Other","N","N",NA,NA
"(IB)-103/9/HDB/2017","Hyderabad Bench","Creditor","Operational Creditor","Vendor",NA,"30853429+27% interest","Sirpur Paper Mills Limited ","01.09.2014","12.05.2017","Not Available","Not Available","18.07.2017","18.09.2017","Dismissed",NA,"Existing IRP","N","N",NA,NA
"CP(IB) No. 142/9/HDB/2017","Hyderabad Bench","Creditor","Operational Creditor","Vendor",NA,"515460881","Marigold Apparel Industries Private Limited","Not Available","22.06.2017","Not Available","Not Available","14.08.2017","06.09.2017","Dismissed",NA,"Withdrawn","N","N",NA,NA
"CP(IB) No. 129/9/HDB/2017","Hyderabad Bench","Creditor","Operational Creditor","Vendor",NA,"1867839","Ramky Infrastructure Limited","Not Available","10.04.2017","18.04.2017","Not Available","01.08.2017","01.10.2017","Dismissed",NA,"Settlement","N","N",NA,NA
"CP(IB) No. 170/9/HDB/2017","Hyderabad Bench","Creditor","Operational Creditor","Not Available","Not Available","Not Available","M/s. Biomax Fuels Limited","Not Available","Not Available","Not Available","Not Available","30.08.2017","10.10.2017","Dismissed",NA,"Settlement","N","N",NA,NA
"CP(IB) No. 195/10/HDB/2017","Hyderabad Bench","Corporate Debtor",NA,NA,NA,"Not Available","Empee Sugars and Chemicals Limited","Not Available",NA,NA,"24.08.2017","20.09.2017","16.10.2017","Dismissed",NA,"Withdrawn","Y","N",NA,NA
"CP(IB) No. 214/9/HDB/2017","Hyderabad Bench","Creditor","Operational Creditor","Vendor",NA,"352683","Neerus Ensembles Private Limited","Not Available","14.06.2017","16.06.2017","Not Available","26.09.2017","16.10.2017","Dismissed",NA,"Settlement","N","N",NA,NA
"CP(IB) No. 244/9/HDB/2017","Hyderabad Bench","Creditor","Operational Creditor","Not Available",NA,"Not Available","Metkore Alloys & Industries Ltd.","Not Available","Not Available","Not Available","Not Available","03.10.2017","16.10.2017","Dismissed",NA,"Withdrawn","N","N",NA,NA
"CP(IB) No. 216/9/HDB/2017","Hyderabad Bench","Creditor","Operational Creditor","Vendor",NA,"756400","UI Pipe Fittings Private Limited","Not Available","24.04.2017","Not Available","Not Available","04.10.2017","16.10.2017","Dismissed",NA,"Non-prosecution","N","N",NA,NA
"CP(IB) No. 208/9/HDB/2017","Hyderabad Bench","Creditor","Operational Creditor","Others",NA,"3890000","M/s. Aliens Developers (P) Ltd.","Not Available","18.06.2017","Not Available","Not Available","06.09.2017","23.10.2017","Dismissed",NA,"Settlement","N","N",NA,NA
"CP(IB) No. 209/9/HDb/2017","Hyderabad Bench","Creditor","Operational Creditor","Others",NA,"2976000","M/s. Aliens Developers (P) Ltd.","Not Available","22.04.2017","Not Available","Not Available","06.09.2017","23.10.2017","Dismissed",NA,"Settlement","N","N",NA,NA
"CP(IB) No. 210/9/HDB/2017","Hyderabad Bench","Creditor","Operational Creditor","Others",NA,"11726865","M/s. Aliens Developers (P) Ltd.","Not Available","11.05.2017","Not Available","Not Available","06.09.2017","23.10.2017","Dismissed",NA,"Settlement","N","N",NA,NA
"CP(IB) No. 234/09/HBD/2017","Hyderabad Bench","Creditor","Operational Creditor","Vendor",NA,"Not Available","Inchem Laboratories Pvt. Ltd.","14.04.2015","14.07.2017","Not Available","Not Available","10.10.2017","27.10.2017","Dismissed",NA,"Settlement","N","N",NA,NA
"CP(IB)/165/09/HDB/2017","Hyderabad Bench","Creditor","Operational Creditor","Not Available",NA,"Not Available","LEPL Projects Limited","Not Available","Not Available","Not Available","Not Available","29.08.2017","27.10.2017","Dismissed",NA,"Withdrawn","N","N",NA,NA
"CP (IB) No.169/09/HDB/2017","Hyderabad Bench","Creditor","Operational Creditor","Vendor",NA,"3330691","Alaknanda Hydro Power Company Ltd.","Not Available","Not Available","Not Available","Not Available","30.08.2017","06.11.2017","Dismissed",NA,"Non-prosecution","N","N",NA,NA
"CP (IB) No.220/07/HDB/2017","Hyderabad Bench","Creditor","Financial Creditor",NA,"Individual lenders","2622330","Syberplace E Solutions Pvt. Ltd.","Not Available",NA,NA,"Not Available","04.10.2017","10.11.2017","Dismissed",NA,"Withdrawn","N","N",NA,NA
"CP (IB) No.115/09/HDB/2017","Hyderabad Bench","Creditor","Operational Creditor","Vendor",NA,"16194296","Suryodaya Infra Projects (I) Pvt. Ltd.","Not Available","04.04.2017","06.04.2017","Not Available","Not Available","14.11.2017","Dismissed",NA,"Settlement","N","N",NA,NA
"CP (IB) No.117/09/HDB/2017","Hyderabad Bench","Creditor","Operational Creditor","Vendor",NA,"3442005.57","KPR Industries (India) Ltd.","Not Available","25.04.2017","Not Available","Not Available","01.09.2017","15.11.2017","Dismissed",NA,"Defective Petition","N","N",NA,NA
"CP (IB) No.207/7/HDB/2017","Hyderabad Bench","Creditor","Financial Creditor",NA,"Bank","69703593.66","Rajvir Industries Ltd.","Not Available",NA,NA,"Not Available","22.09.2017","15.11.2017","Dismissed",NA,"Settlement","N","N",NA,NA
"CP (IB) No.119/7/HDB/2017","Hyderabad Bench","Creditor","Financial Creditor",NA,"Bank","1724882315","ASR Engineering and Projects Ltd.","Not Available",NA,NA,"Not Available","25.09.2017","15.11.2017","Dismissed",NA,"Settlement","N","N",NA,NA
"CP(IB) No. 176/09/HDB/2017","Hyderabad Bench","Creditor","Operational Creditor","Vendor",NA,"10545119","Hanuman Chromocoates Ltd.","31.07.2016","Not Available","Not Available","Not Available","Not Available","30.11.2017","Dismissed",NA,"Withdrawn","N","N",NA,NA
"CP(IB) No. 176/09/HDB/2017","Hyderabad Bench","Creditor","Operational Creditor","Vendor",NA,"14800319"," Air Costa Aviation Pvt Ltd","Not Available","05.04.2017","Not Available","Not Available","31.08.2017","16.11.2017","Dismissed",NA,"Withdrawn","N","N",NA,NA
"CP(IB) No. 117/9/HDB/2017","Hyderabad Bench","Creditor","Operational Creditor","Not Available",NA,"Not Available","IVCRL Ltd.","Not Available","Not Available","Not Available","Not Available","Not Available","27.11.2017","Dismissed",NA,"Withdrawn","N","N",NA,NA
"C.P. No 73/2017","Kolkata Bench","Creditor","Operational Creditor","Employee",NA,"1020437","Rei Agro Limited","31.08.2016","25.01.2017","Not Available","Not Available","Not Available","27.02.2017","Admitted","Mr.Anil Agarwal",NA,"Y","Y","Third Party","Rejected"
"C.P. No 16/2017","Kolkata Bench","Creditor","Financial Creditor",NA,"NBFC","Not Available","Shree Metalinks","Not Available","Not Available","Not Available","Not Available","Not Available","24.02.2017","Admitted","S.M. Gupta",NA,"N","Y","Corporate Debtor","Allowed"
"C.P. No 83/2017","Kolkata Bench","Corporate Debtor",NA,NA,NA,"Not Available","Hindustan Motors Ltd","Not Available",NA,NA,"Not Available","Not Available","24.02.2017","Dismissed",NA,"Other","Y","Y","Corporate Debtor","Rejected"
"CA/1/IB/2017","Kolkata Bench","Creditor","Operational Creditor","Vendor",NA,"947446921","Vasan Healthcare Pvt. Limited","07.12.2015","Not Available","06.01.2017","Not Available","10.04.2017","21.04.2017","Admitted","V Mahesh",NA,"N","Y","Corporate Debtor","Withdrawn"
"CP (IB) No. 242/KB/2017","Kolkata Bench","Creditor","Operational Creditor","Not Available",NA,"Not Available","Adhunik Metaliks Ltd.","Not Available","Not Available","Not Available","Not Available","Not Available","19.05.2017","Dismissed",NA,"Withdrawn","N","N",NA,NA
"CP(IB) No. 358/KB/2017","Kolkata Bench","Creditor","Operational Creditor","Not Available",NA,"Not Available","Shivam Dhatu Udyog Pvt. Ltd.","Not Available","Not Available","Not Available","Not Available","Not Available","11.07.2017","Dismissed",NA,"Other","N","N",NA,NA
"CP(IB) No. 351/KB/2017","Kolkata Bench","Creditor","Operational Creditor","Not Available",NA,"Not Available","Powermax (India) Pvt. Ltd.","Not Available","Not Available","Not Available","Not Available","Not Available","13.07.2017","Dismissed",NA,"Withdrawn","N","N",NA,NA
"CP(IB) No. 352/KB/2017","Kolkata Bench","Creditor","Operational Creditor","Not Available",NA,"Not Available","Hindustan Motors Ltd.","Not Available","Not Available","Not Available","Not Available","Not Available","18.07.2017","Dismissed",NA,"Withdrawn","N","N",NA,NA
"303/KB/2017","Kolkata Bench","Corporate Debtor",NA,NA,NA,"Not Available","Bihar State Construction Corporation Ltd.","Not Available","Not Available","Not Available","Not Available","Not Available","18.07.2017","Dismissed",NA,"Non-prosecution","N","N",NA,NA
"341/KB/2017","Kolkata Bench","Creditor","Operational Creditor","Not Available",NA,"Not Available","Ganesh Sponge Pvt.Ltd.","Not Available","Not Available","Not Available","Not Available","Not Available","19.07.2017","Not Available",NA,NA,"N","Y","Corporate Debtor","Allowed"
"169/KB/2017","Kolkata Bench","Creditor","Operational Creditor","Not Available",NA,"Not Available","StSalit Ltd.","Not Available","Not Available","Not Available","Not Available","Not Available","19.07.2017","Dismissed",NA,"Non-prosecution","N","N",NA,NA
"361/KB/2017","Kolkata Bench","Creditor","Financial Creditor",NA,"Bank","Not Available","Electrosteel Steels Ltd.","Not Available",NA,NA,"Not Available","Not Available","21.07.2017","Not Available",NA,NA,"N","N",NA,NA
"CP (IB) No. 330/KB/2017","Kolkata Bench","Creditor","Operational Creditor","Not Available",NA,"Not Available","Emta Coal Ltd.","Not Available","Not Available","Not Available","Not Available","Not Available","24.07.2017","Dismissed",NA,"Settlement","N","N",NA,NA
"CP(IB) No.227/KB/2017","Kolkata Bench","Creditor","Financial Creditor",NA,"Bank","Not Available","Bengal Emta Coal Mines Ltd.","Not Available",NA,NA,"Not Available","Not Available","24.07.2017","Dismissed",NA,"Settlement","N","N",NA,NA
"CP(IB) No.287/KB/2017","Kolkata Bench","Creditor","Operational Creditor","Not Available",NA,"Not Available","Kyle Lifestyle Pvt. Ltd.","Not Available","Not Available","Not Available","Not Available","Not Available","24.07.2017","Dismissed",NA,"Withdrawn","N","N",NA,NA
"366/KB/2017","Kolkata Bench","Creditor","Not Available","Not Available","Not Available","Not Available","IAG Glass Company Ltd.","Not Available","Not Available","Not Available","Not Available","Not Available","25.07.2017","Dismissed",NA,"Withdrawn","N","N",NA,NA
"CP(IB) No.359/KB/2017","Kolkata Bench","Creditor","Financial Creditor",NA,"Bank","Not Available","Binani Cements Ltd.","Not Available",NA,NA,"Not Available","Not Available","25.07.2017","Not Available",NA,NA,"N","N",NA,NA
"323/KB/2017","Kolkata Bench","Creditor","Operational Creditor","Not Available",NA,"Not Available","Usha Martin Ltd.","Not Available","Not Available","Not Available","Not Available","Not Available","26.07.2017","Dismissed",NA,"Withdrawn","N","N",NA,NA
"299/KB/2017","Kolkata Bench","Creditor","Operational Creditor","Not Available",NA,"Not Available","V. Mauriya Udyog Ltd.","Not Available","Not Available","Not Available","Not Available","Not Available","27.07.2017","Dismissed",NA,"Withdrawn","N","N",NA,NA
"346/KB/2017","Kolkata Bench","Corporate Debtor",NA,NA,NA,"Not Available","New Central Jute Mills Co. ltd.","Not Available",NA,NA,"Not Available","Not Available","27.07.2017","Admitted",NA,NA,"N","N",NA,NA
"CA(IB)234/KB/2017","Kolkata Bench","Corporate Debtor",NA,NA,NA,"Not Available","Paschim Gujarat Vij Co. Ltd.","Not Available","Not Available","Not Available","Not Available","Not Available","02.08.2017","Dismissed",NA,"Withdrawn","N","N",NA,NA
"CP(IB)250/KB/2017","Kolkata Bench","Creditor","Operational Creditor","Vendor",NA,"779640215","Gopalpur Ports Ltd.","Not Available","17.04.2017","Not Available","Not Available","Not Available","09.08.2017","Dismissed",NA,"Existing Dispute","N","Y","Creditor","Withdrawn"
"CP No.126/KB/2017","Kolkata Bench","Creditor","Operational Creditor","Not Available",NA,"Not Available","P.K. Ores Pvt. Ltd.","Not Available","Not Available","Not Available","Not Available","Not Available","10.08.2017","Dismissed",NA,"Not Available","N","Y","Corporate Debtor","Allowed"
"CP(IB) No.386/KB/2017","Kolkata Bench","Creditor","Operational Creditor","Not Available",NA,"Not Available","Neelachal Ispat Nigam Ltd.","Not Available","Not Available","Not Available","Not Available","Not Available","10.08.2017","Dismissed",NA,"Withdrawn","N","N",NA,NA
"CP No.248/KB/2017","Kolkata Bench","Creditor","Operational Creditor","Not Available",NA,"Not Available","Imeco Ltd.","Not Available","Not Available","Not Available","Not Available","Not Available","10.08.2017","Dismissed",NA,"Defective Petition","N","N",NA,NA
"CP No.247/KB/2017","Kolkata Bench","Creditor","Operational Creditor","Employee",NA,"35,00,000","South Eastern Carriers Pvt. Ltd.","Not Available","25.03.2017","31.03.2017","Not Available","Not Available","11.08.2017","Dismissed",NA,"Existing Dispute","N","N",NA,NA
"CP(IB) No.274/KB/2017","Kolkata Bench","Creditor","Operational Creditor","Not Available",NA,"Not Available","Jai Balaji Jyoti Steels Ltd.","Not Available","Not Available","Not Available","Not Available","Not Available","11.08.2017","Dismissed",NA,"Settlement","N","N",NA,NA
"CP No.344/KB/2017","Kolkata Bench","Creditor","Operational Creditor","Employee",NA,"2368862","Duncan Industries ltd.","Not Available","Not Available","Not Available","Not Available","Not Available","17.08.2017","Dismissed",NA,"Other","N","N",NA,NA
"CP No.199/KB/2017","Kolkata Bench","Creditor","Operational Creditor","Not Available",NA,"Not Available","Coastal Projects Limited","Not Available","Not Available","Not Available","Not Available","Not Available","18.08.2017","Dismissed",NA,"Settlement","N","N",NA,NA
"CP(IB) No.249/KB/2017","Kolkata Bench","Creditor","Operational Creditor","Vendor",NA,"16413228.89","Ankit Metal & Power Ltd.","Not Available","02.05.2017","Not Available","Not Available","Not Available","21.8.2017","Dismissed",NA,"Existing Dispute","N","Y","Creditor","Rejected"
"CP(IB) No.404/KB/2017","Kolkata Bench","Creditor","Operational Creditor","Not Available",NA,"Not Available","KND Engineering and Technologies Pvt. Ltd.","Not Available","Not Available","Not Available","Not Available","Not Available","22.08.2017","Dismissed",NA,"Defective Petition","N","N",NA,NA
"CP(IB) No. 357/KB/2017","Kolkata Bench","Creditor","Operational Creditor","Not Available",NA,"Not Available","Antarctica Ltd.","Not Available","Not Available","Not Available","Not Available","Not Available","24.08.2017","Dismissed",NA,"Non-prosecution","N","N",NA,NA
"CP(IB) No. 362/KB/2017","Kolkata Bench","Creditor","Operational Creditor","Not Available",NA,"Not Available","Jonbro Construction Pvt. Ltd.","Not Available","Not Available","Not Available","Not Available","Not Available","29.08.2017","Dismissed",NA,"Withdrawn","N","N",NA,NA
"CP No. 209/KB/2017","Kolkata Bench","Creditor","Operational Creditor","Not Available",NA,"Not Available","Balaji Polytex Ltd.","Not Available","Not Available","Not Available","Not Available","Not Available","31.08.2017","Dismissed",NA,"Settlement","N","N",NA,NA
"(IB)-444/KB/2017","Kolkata Bench","Creditor","Financial Creditor",NA,"Not Available","Not Available","Aarti Highrise Private Limited ","Not Available",NA,NA,"Not Available","Not Available","11.09.2017","Dismissed",NA,"Settlement","N","N",NA,NA
"(IB)-223/KB/2017","Kolkata Bench","Creditor","Financial Creditor",NA,"Not Available","9085110","Electrosteel Steels Limited ","Not Available",NA,NA,"Not Available","Not Available","11.09.2017","Dismissed",NA,"Existing IRP","N","N",NA,NA
"(IB)-465/KB/2017","Kolkata Bench","Creditor","Operational Creditor","Not Available",NA,"Not Available","Neelachal Ispat Nigam Limited","Not Available","Not Available","Not Available","Not Available","Not Available","18.09.2017","Dismissed",NA,"Settlement","N","N",NA,NA
"(IB)-365/KB/2017","Kolkata Bench","Creditor","Operational Creditor","Not Available",NA,"Not Available","J & C Ferro Alloys Private Limited ","Not Available","Not Available","Not Available","Not Available","Not Available","18.09.2017","Dismissed",NA,"Other","N","N",NA,NA
"(IB)-374/KB/2017","Kolkata Bench","Creditor","Operational Creditor","Not Available",NA,"Not Available","Electrosteel Steels Limited ","Not Available","Not Available","Not Available","Not Available","Not Available","22.09.2017","Dismissed",NA,"Existing Dispute","N","N",NA,NA
"CP No. 350/KB/2017","Kolkata Bench","Creditor","Operational Creditor","Not Available",NA,"Not Available","Divyajyoti Sponge Iron Private Limited","Not Available","Not Available","Not Available","Not Available","Not Available","04.10.2017","Dismissed",NA,"Existing IRP","N","N",NA,NA
"CP (IB) No. 312/KB/2017","Kolkata Bench","Creditor","Operational Creditor","Not Available",NA,"Not Available","Viaan Industries Ltd.","Not Available","Not Available","Not Available","Not Available","Not Available","10.10.2017","Dismissed",NA,"Withdrawn","N","N",NA,NA
"CP (IB) No. 301/KB/2017","Kolkata Bench","Creditor","Operational Creditor","Vendor",NA,"9263005","Balaji Paper and Newsprint Private Limited","Not Available","Not Available","Not Available","Not Available","Not Available","11.10.2017","Dismissed",NA,"Multiple","N","Y","Creditor","Rejected"
"CP No. 394/KB/2017","Kolkata Bench","Creditor","Operational Creditor","Not Available",NA,"Not Available","Hari Machines Ltd","Not Available","Not Available","Not Available","Not Available","Not Available","11.10.2017","Dismissed",NA,"Settlement","N","N",NA,NA
"CP No. 467/KB/2017","Kolkata Bench","Creditor","Operational Creditor","Vendor",NA,"2644330","Fabworth promoters Pvt. Ltd.","Not Available","18.01.2017","Not Available","Not Available","Not Available","23.10.2017","Dismissed",NA,"Defective Petition","N","N",NA,NA
"CP No. 532/KB/2017","Kolkata Bench","Creditor","Operational Creditor","Not Available",NA,"Not Available","Bengal Waterproof Ltd.","Not Available","Not Available","Not Available","Not Available","Not Available","24.10.2017","Dismissed",NA,"Settlement","N","N",NA,NA
"CP (IB) No. 553/KB/2017","Kolkata Bench","Creditor","Financial Creditor",NA,"Not Available","Not Available","Balasore Alloys Ltd.","Not Available",NA,NA,"Not Available","Not Available","07.11.2017","Dismissed",NA,"Settlement","N","N",NA,NA
"CP (IB) No. 511/KB/2017","Kolkata Bench","Corporate Debtor",NA,NA,NA,"Not Available","Global Coke Ltd.","Not Available",NA,NA,"Not Available","Not Available","07.11.2017","Dismissed",NA,"Time Barred","Y","N",NA,NA
"CP (IB) No. 533/KB/2017","Kolkata Bench","Not Available","Not Available","Not Available","Not Available","Not Available","Gillanders Arbuthnot & Co. Ltd.","Not Available","Not Available","Not Available","Not Available","Not Available","13.11.2017","Dismissed",NA,"Settlement","N","N",NA,NA
"CP (IB) No. 522/KB/2017","Kolkata Bench","Creditor","Operational Creditor","Not Available",NA,"Not Available","Mangalam Tinder Products Ltd.","Not Available","Not Available","Not Available","Not Available","Not Available","14.11.2017","Dismissed",NA,"Defective Petition","N","N",NA,NA
"CP (IB) No. 416/KB/2017","Kolkata Bench","Creditor","Operational Creditor","Not Available",NA,"Not Available","Pleroma Consulting Pvt. Ltd.","Not Available","Not Available","Not Available","Not Available","Not Available","14.11.2017","Dismissed",NA,"Defective Petition","N","N",NA,NA
"CP (IB) No. 546/KB/2017","Kolkata Bench","Creditor","Operational Creditor","Not Available",NA,"Not Available","Media Hospitals Pvt. Ltd.","Not Available","Not Available","Not Available","Not Available","Not Available","14.11.2017","Dismissed",NA,"Defective Petition","N","N",NA,NA
"CP (IB) No. 302/KB/2017","Kolkata Bench","Creditor","Operational Creditor","Not Available",NA,"Not Available","Balaji Paper and Newsprint Pvt. Ltd.","Not Available","Not Available","Not Available","Not Available","Not Available","15.11.2017","Dismissed",NA,"Defective Petition","N","N",NA,NA
"CP(IB)No. 230/KB/2017","Kolkata Bench","Creditor","Operational Creditor","Not Available",NA,"Not Available","Imperial Tubes Pvt. Ltd.","Not Available","Not Available","Not Available","Not Available","Not Available","16.11.2017","Dismissed",NA,"Non-prosecution","N","N",NA,NA
"CP(IB)No. 466/KB/2017","Kolkata Bench","Creditor","Operational Creditor","Not Available",NA,"Not Available","Stesalit Ltd.","Not Available","Not Available","Not Available","Not Available","Not Available","16.11.2017","Dismissed",NA,"Defective Petition","N","N",NA,NA
"CP(IB)No. 558/KB/2017","Kolkata Bench","Creditor","Operational Creditor","Not Available",NA,"Not Available","Snowblue Texim Pvt Ltd","Not Available","Not Available","Not Available","Not Available","Not Available","17.11.2017","Dismissed",NA,"Withdrawn","N","N",NA,NA
"CP(IB)No. 512/KB/2017","Kolkata Bench","Creditor","Operational Creditor","Vendor",NA,"743907","Stesalit Ltd.","Not Available","24.07.2017","Not Available","Not Available","Not Available","20.11.2017","Admitted","Delegated to IBBI",NA,"N","N",NA,NA
"CP(IB)No. 520/KB/2017","Kolkata Bench","Creditor","Operational Creditor","Not Available",NA,"Not Available","Duncan Industries Ltd.","Not Available","Not Available","Not Available","Not Available","Not Available","20.11.2017","Dismissed",NA,"Defective Petition","N","N",NA,NA
"CP(IB) No. 567/KB/2017","Kolkata Bench","Creditor","Operational Creditor","Not Available",NA,"Not Available","Atlas PVC Pipes Ltd","Not Available","Not Available","Not Available","Not Available","Not Available","21.11.2017","Dismissed",NA,"Defective Petition","N","N",NA,NA
"CP(IB) No. 566/KB/2017","Kolkata Bench","Creditor","Financial Creditor",NA,"Not Available","Not Available","Supreme Wood Products Ltd","Not Available","Not Available","Not Available","Not Available","Not Available","21.11.2017","Dismissed",NA,"Withdrawn","N","N",NA,NA
"CP(IB) No. 612/KB/2017","Kolkata Bench","Creditor","Operational Creditor","Not Available",NA,"Not Available","Ankit Metal & Power Ltd.","Not Available","Not Available","Not Available","Not Available","Not Available","22.11.2017","Dismissed",NA,"Defective Petition","N","N",NA,NA
"CP(IB) No. 587/KB/2017","Kolkata Bench","Creditor","Operational Creditor","Not Available",NA,"Not Available","Amrit Feeds Ltd.","Not Available","Not Available","Not Available","Not Available","Not Available","23.11.2017","Dismissed",NA,"Defective Petition","N","N",NA,NA
"CP(IB) No. 526/KB/2017","Kolkata Bench","Creditor","Financial Creditor",NA,"Not Available","Not Available","Cygnus Equipment & Rentals Pvt Ltd","Not Available","Not Available","Not Available","Not Available","Not Available","23.11.2017","Dismissed",NA,"Withdrawn","N","N",NA,NA
"CP(IB) No. 586/KB/2017","Kolkata Bench","Creditor","Operational Creditor","Not Available",NA,"Not Available","RHD Enterprises","Not Available","Not Available","Not Available","Not Available","Not Available","23.11.2017","Dismissed",NA,"Defective Petition","N","N",NA,NA
"CP(IB) No. 528/KB/2017","Kolkata Bench","Creditor","Operational Creditor","Not Available",NA,"Not Available","Matrix Fertilizer& Chemicals Ltd.","Not Available","Not Available","Not Available","Not Available","Not Available","23.11.2017","Dismissed",NA,"Non-prosecution","N","N",NA,NA
"CP(IB) No. 529/KB/2017","Kolkata Bench","Creditor","Operational Creditor","Not Available",NA,"Not Available","Alipurduar Tea Co. Ltd.","Not Available","Not Available","Not Available","Not Available","Not Available","23.11.2017","Dismissed",NA,"Settlement","N","N",NA,NA
"CP(IB) No. 456/KB/2017","Kolkata Bench","Creditor","Operational Creditor","Not Available",NA,"Not Available","Stesalit Ltd.","Not Available","Not Available","Not Available","Not Available","Not Available","24.11.2017","Dismissed",NA,"Existing IRP","N","N",NA,NA
"CP(IB) No. 568/KB/2017","Kolkata Bench","Creditor","Operational Creditor","Not Available",NA,"Not Available","Kive Finance Ltd.","Not Available","Not Available","Not Available","Not Available","Not Available","27.11.2017","Dismissed",NA,"Not Available","N","N",NA,NA
"CP(IB) No. 313/KB/2017","Kolkata Bench","Creditor","Operational Creditor","Not Available",NA,"Not Available","Power Industries Ltd.","Not Available","Not Available","Not Available","Not Available","Not Available","28.11.2017","Dismissed",NA,"Settlement","N","N",NA,NA
"CP(IB) No. 429/KB/2017","Kolkata Bench","Creditor","Operational Creditor","Not Available",NA,"Not Available"," Abhijeet Ferrotech","Not Available","Not Available","Not Available","Not Available","Not Available","28.11.2017","Dismissed",NA,"Settlement","N","N",NA,NA
"CP(IB) No. 403/KB/2017","Kolkata Bench","Creditor","Operational Creditor","Not Available",NA,"Not Available","Diabari Tea Company Ltd.","Not Available","Not Available","Not Available","Not Available","Not Available","30.11.2017","Dismissed",NA,"Non-prosecution","N","N",NA,NA
"CP No. 839/I&BP/NCLT/Mah/2017","Mumbai Bench","Corporate Debtor",NA,NA,NA,"4110000000","Shirdi Industries Limited",NA,NA,NA,"Not Available","Not Available","18.05.2017","Admitted","Mr.Devendra Padamchand Jain",NA,"Y","N",NA,NA
"CP No. 718/I&BP/NCLT/Mah/2017","Mumbai Bench","Creditor","Operational Creditor","Vendor",NA,"108250000","Sai Krupa Sugar and Allied Industries Limited","Not Available","03.02.2017","Not Available","Not Available","03.05.2017","06.05.2017","Dismissed",NA,"Other","N","N",NA,NA
"CP No. 852/I&BP/NCLT/MAH/2017","Mumbai Bench","Creditor","Operational Creditor","Vendor",NA,"12875390","Best Deal TV Pvt. Ltd.","Not Available","03.04.2017","Not Available","Not Available","Not Available","05.05.2017","Admitted","Mr.Rajendra Karamal Bhuta",NA,"N","N",NA,NA
"CP No. 464/I&BP/NCLT/Mah/2017","Mumbai Bench","Creditor","Operational Creditor","Vendor",NA,"39238405","Planet M Retail.","Not Available","21.02.2017","Not Available","Not Available","18.04.2017","04.05.2017","Dismissed",NA,"Time Barred","N","Y","Creditor","Allowed"
"CP No. 723/I&BP/NCLT/MAH/2017","Mumbai Bench","Creditor","Financial Creditor",NA,"Bank","44143273","DLS Industries Ltd.","30.06.2014",NA,NA,"Not Available","Not Available","03.05.2017","Admitted","Mr.Dushyant C Dave",NA,"N","N",NA,NA
"CP No. 895/I&BP/NCLT/MAH/2017","Mumbai Bench","Creditor","Operational Creditor","Vendor",NA,"109516","Royal Twinkle Star Club Ltd.","31.07.2016","Not Available","Not Available","27.04.2017","Not Available","02.05.2017","Admitted",NA,NA,"N","N",NA,NA
"CP No. 896/I&BP/NCLT/MAH/2017","Mumbai Bench","Creditor","Operational Creditor","Vendor",NA,"112537","Cytrus Check Inns Ltd.","22.04.2016","Not Available","Not Available","27.04.2017","Not Available","02.05.2017","Admitted","Mr. Devendra Padamchand Jain",NA,"N","N",NA,NA
"CP No. 69/I&BP/NCLT/MAH/2017","Mumbai Bench","Creditor","Financial Creditor",NA,"Trustee/Debenture holder","510000000","Neelkanth Township and Construction Private Limited","Not Available","Not Available","Not Available","Not Available","Not Available","01.05.2017","Admitted","Mr.Uday Vinodchandra Shah",NA,"N","Y","(Link broken)","(Link broken)"
"CP No. 724/I&BP/NCLT/MAH/2017","Mumbai Bench","Creditor","Operational Creditor","Others",NA,"67855132","Loha Ispaat Limited","31.03.2016","04.01.2017","Not Available","Not Available","Not Available","28.04.2017","Admitted","Mr. Amit Gupta",NA,"N","N",NA,NA
"CP No. 720/I&BP/NCLT/MB/MAH/2017","Mumbai Bench","Creditor","Financial Creditor",NA,"Bank","1623199387","HDO Technologies Ltd.","Not Available",NA,NA,"Not Available","Not Available","28.04.2017","Admitted","Mr. Amit Gupta",NA,"N","N",NA,NA
"CP No. 278/I&BP/NCLT/MB/MAH/2017","Mumbai Bench","Creditor","Operational Creditor","Employee",NA,"150000","Zeel Global Projects Pvt. Ltd.","Not Available","Not Available",NA,"04.04.2017","Not Available","27.04.2017","Admitted","Mr. Milind Kosadekar",NA,"N","N",NA,NA
"CP No. 64/I&BP/NCLT/MB/MAH/2017","Mumbai Bench","Creditor","Operational Creditor","Not Available",NA,"Not Available","Windways Packaging Pvt. Ltd.","Not Available","Not Available","Not Available","Not Available","Not Available","26.04.2017","Admitted","Avil Menezes",NA,"N","N",NA,NA
"CP No. 246/I&BP/NCLT/MAH/2017","Mumbai Bench","Creditor","Financial Creditor",NA,"Bond Holders","Not Available","Sharon Bio-Medicine Ltd.","Not Available",NA,NA,"Not Available","11.04.2017","25.04.2017","Admitted","Dinkar T Ventakasubramanium",NA,"N","N",NA,NA
"CP No. 596/I&BP/NCLT/MAH/2017","Mumbai Bench","Creditor","Financial Creditor",NA,"Bank","8565257199","Hindustan Dorr-Oliver Limited","03.04.2017",NA,NA,"Not Available","Not Available","21.04.2017","Admitted","Mr. Amit Gupta",NA,"N","N",NA,NA
"CP No. 249/1&BP/NCLT/MAH/2017","Mumbai Bench","Corporate Debtor",NA,NA,NA,"9211106","Swift Shipping and Freight Logistics Pvt. Ltd.",NA,NA,NA,"Not Available","Not Available","19.04.2017","Admitted","Mr. Uday Vinodchandra Shah",NA,"N","N",NA,NA
"CP No. 45/I&BP/NCLT/MAH/2017","Mumbai Bench","Creditor","Operational Creditor","Others",NA,"1104030876","Uttam Galva Steel Ltd.","15.03.2014","28.02.2017","Not Available","14.03.2017","Not Available","10.04.2017","Admitted","Referred to IBBI",NA,"N","Y","Corporate Debtor","Allowed"
"CP No. 67/I&BP/NCLT/(MAH)/2017","Mumbai Bench","Corporate Debtor",NA,NA,NA,"3140000000","Gupta Corporation Pvt.Ltd.",NA,NA,NA,"Not Available","31.03.2017","03.04.2017","Admitted","Mr. Rohit Jain",NA,"N","N",NA,NA
"CP No. 51/I&BP/NCLT/MAH/2017","Mumbai Bench","Creditor","Operational Creditor","Vendor",NA,"4814639","Swiber Offshore (India) Pvt.Ltd.","31.12.2015","Not Available","Not Available","Not Available","Not Available","31.03.2017","Admitted","Mr. Rajeev Mannadiar",NA,"N","Y","Creditor","Withdrawn"
"CP No. 40/1& BP/NCLT/MAH/2017","Mumbai Bench","Creditor","Operational Creditor","Vendor",NA,"31283758","Reliance Infrastructure Ltd.","Not Available","21.01.2017","Not Available","Not Available","Not Available","29.03.2017","Dismissed",NA,"Other","N","Y","Creditor","Rejected"
"CP No. 43/I&BP/NCLT/MAH/2017","Mumbai Bench","Corporate Debtor",NA,NA,NA,"6913400000","Gupta Energy Pvt.Ltd.",NA,NA,NA,"Not Available","21.03.2017","21.03.2017","Admitted","Mr. Charudutt Marathe",NA,"N","N",NA,NA
"CP No. 30/I&BP/NCLT/(MAH)/2017","Mumbai Bench","Corporate Debtor",NA,NA,NA,"815227433","Marmagoa Steel Ltd.",NA,NA,NA,"Not Available","20.03.2017","20.03.2017","Admitted","Mr. Pravin R. Navandar",NA,"N","N",NA,NA
"CP No. 33/I&BP/NCLT/(MAH)/2017","Mumbai Bench","Creditor","Operational Creditor","Vendor",NA,"2314240","Janata Chemicals Pvt.Ltd.","Not Available","06.02.2017","Not Available","Not Available","15.03.2017","15.03.2017","Admitted","Mr. Amit Gupta",NA,"N","N",NA,NA
"CP No. 04/I& BP/NCLT/MB/MAH/2017","Mumbai Bench","Creditor","Operational Creditor","Vendor",NA,"Not Available","Miltech Industries Private Limited","Not Available","Not Available","Not Available","12.01.2017","18.01.2017","14.03.2017","Dismissed",NA,"Other","N","N",NA,NA
"CP No. 17/I & BP/NCLT/MAH/2017","Mumbai Bench","Creditor","Operational Creditor","Vendor",NA,"38600000","M/s Supreme Infrastructure India Ltd. & Ors.","06.10.2016","Not Available","Not Available","21.02.2017","10.03.2017","10.03.2017","Dismissed",NA,"Other","N","Y","(Link broken)","(Link broken)"
"CP No. 31/I & BP/NCLT/MAAH/2017","Mumbai Bench","Corporate Debtor",NA,NA,NA,"25800700000","Gupta Coal India Pvt. Ltd.","Not Available",NA,NA,"Not Available","09.03.2017","09.03.2017","Admitted","Mr. Devandra Singh",NA,"N","N",NA,NA
"CP No. 18/I & BP/NCLT/MAH/2017","Mumbai Bench","Corporate Debtor",NA,NA,NA,"345739808","1Facor Steel Ltd.","Not Available",NA,NA,"Not Available","08.03.2017","08.03.2017","Admitted","CS Sunil Gajanan Nanal",NA,"N","Y","Creditor","Rejected"
"CP No. 20/I & BP/NCLT/MAH/2017","Mumbai Bench","Creditor","Operational Creditor","Vendor",NA,"91060788","MCL Global Steel Pvt. Ltd.","30.11.2016","28.12.2016","Not Available","Not Available","06.03.2017","06.03.2017","Admitted","CA Hashmukh Bhavanji Dedhia",NA,"N","N",NA,NA
"29/I & BP/NCLT/MAH/2017","Mumbai Bench","Corporate Debtor",NA,NA,NA,"183690000","Ultra Drytech Engineering Ltd.",NA,NA,NA,"Not Available","06.03.2017","06.03.2017","Admitted","Mr. Lalit Laxminarayan Bajaj",NA,"N","N",NA,NA
"CP No. 15/I & BP/NCLT/MAH/2017","Mumbai Bench","Corporate Debtor",NA,NA,NA,"15826037","Shree Rajeshwar Weaving Mills Pvt.Ltd.","01.04.2016",NA,NA,"31.01.2017","02.03.2017","02.03.2017","Admitted","Mr. Hemant Sharma",NA,"N","N",NA,NA
"CP No. 21/I & BP/NCLT/MB/MAH/2017","Mumbai Bench","Creditor","Financial Creditor",NA,"Debenture holder","510000000","Neelkanth Township and Costruction Pvt. Ltd. ","Not Available","Not Available","Not Available","Not Available","28.02.2017","01.03.2017","Dismissed",NA,"Other","N","Y","(Link broken)","(Link broken)"
"CP No. 10/I & BP/NCLT/MAH/2017","Mumbai Bench","Creditor","Operational Creditor","Vendor",NA,"6136636","Unimark Remedies Ltd","Not Available",NA,NA,"Not Available","24.02.2017","24.02.2017","Admitted","Mr. Rajeev Mannadia",NA,"N","Y","Corporate Debtor","Allowed"
"CP No. 23/I & BP/NCLT/MAH/2017","Mumbai Bench","Corporate Debtor",NA,NA,NA,"383531000","Chhaparia Industries Pvt.Ltd.","03.02.2015",NA,NA,"Not Available","24.02.2017","24.02.2017","Admitted","Mr. Vikram Bajaj",NA,"Y","N",NA,NA
"CP No. 12/I & BP/NCLT/MAH/2017","Mumbai Bench","Creditor","Financial Creditor",NA,"Bank","277827162","Starlog Enterprises Limited","Not Available",NA,"Not Available","Not Available","17.02.2017","17.02.2017","Admitted","Mr. Sashank Narendra Desai",NA,"N","N",NA,"Allowed"
"CP No. 16/I & BP/NCLT/MB/MAH/2017","Mumbai Bench","Creditor","Operational Creditor","Vendor",NA,"1540471","Midas Touch Export Pvt. Ltd.","10.01.2017","10.01.2017","Not Available","Not Available","17.02.2017","17.02.2017","Admitted","Mr. Romesh Chander Sawhney",NA,"N","N",NA,NA
"CP No. 06/I & BP/NCLT/MAH/2017","Mumbai Bench","Creditor","Operational Creditor","Not Available",NA,"Not Available","National Steel and Agro Industries Ltd.","Not Available","Not Available","Not Available","Not Available","30.01.2017","30.01.2017","Dismissed",NA,"Defective Petition","N","Y","(Link broken)","(Link broken)"
"CP No. 05/I & BP/NCLT/MAH/2017","Mumbai Bench","Creditor","Operational Creditor","Not Available",NA,"Not Available","Swiber Offshore (India) Pvt. Ltd.","Not Available","Not Available","Not Available","Not Available","30.01.2017","30.01.2017","Dismissed",NA,"Defective Petition","N","Y","Creditor","Withdrawn"
"CP No. 02/I & BP/NCLT/MAH/2017","Mumbai Bench","Creditor","Operational Creditor","Vendor",NA,"2008202","Kirusa Software Pvt. Ltd.","Not Available","Not Available","Not Available","Not Available","27.01.2017","27.01.2017","Dismissed",NA,"Existing Dispute","N","Y","Creditor","Allowed"
"CP No. 01/I & BP/NCLT/MAH/2016","Mumbai Bench","Creditor","Financial Creditor",NA,"Bank","Not Available","Innoventive Industries Ltd.","Not Available","Not Available","Not Available","Not Available","23.01.2017","23.01.2017","Dismissed",NA,"Other","N","Y","Corporate Debtor","Rejected"
"CP No. 03/I & BP/NCLT/MAH/2017","Mumbai Bench","Creditor","Financial Creditor",NA,"NBFC","48232181","Bhupen Electronic Limited","Not Available","Not Available","Not Available","Not Available","19.01.2017","19.01.2017","Admitted","Mr. Manish Gupta",NA,"N","N",NA,NA
"CP No. 01/I & BP/NCLT/MAH/2017","Mumbai Bench","Corporate Debtor",NA,NA,NA,"1167987385","U.B. Engineering Ltd.","Not Available",NA,NA,"Not Available","18.01.2017","18.01.2017","Admitted","Mr. Adesh Kumar Mehta",NA,"N","N",NA,NA
"CP No. 01/I & BP/NCLT/MAH/2015","Mumbai Bench","Creditor","Financial Creditor",NA,"Bank","1019177034","Innoventive Industries Ltd.","30.11.2016",NA,NA,"Not Available","16.01.2017","17.01.2017","Admitted","Mr. Dhinal Shah",NA,"N","Y","Corporate Debtor","Rejected"
"C.P-184/2017","Mumbai Bench","Not Available","Not Available",NA,NA,"Not Available","Mayapur Vastu Private Limited","Not Available","Not Available","Not Available","Not Available","Not Available","17.04.2017","Dismissed",NA,"Settlement","N","N",NA,NA
"CP No. 839/I&BP/NCLT/Mah/2017","Mumbai Bench","Corporate Debtor",NA,NA,NA,"4110000000","Shirdi Industries Limited",NA,NA,NA,"Not Available","Not Available","18.05.2017","Admitted","Mr.Devendra Padamchand Jain",NA,"Y","N",NA,NA
"CP. No. 1032/I&BP/NCLT/MB/MAH/2017","Mumbai Bench","Corporate Debtor",NA,NA,NA,"Not Available","Trinity Auto Components Ltd","Not Available",NA,NA,"Not Available","Not Available","25.05.2017","Admitted","Mr. Laxman Digambar Pawar",NA,"Y","N",NA,NA
"CP. No. 1043/I&BP/NCLT/MB/MAH/2017","Mumbai Bench","Creditor","Financial Creditor",NA,"NBFC","9323633","Quantum Limited","31.03.2013","Not Available","Not Available","25.05.2017","29.05.2017","29.05.2017","Admitted","Anil Goel",NA,"N","N",NA,NA
"CP. No. 1042/I&BP/NCLT/MB/MAH/2017","Mumbai Bench","Corporate Debtor",NA,NA,NA,"13415847967","P & S Jewellery Limited","Not Available","Not Available","Not Available","25.05.2017","29.05.2017","29.05.2017","Admitted","Vipul K Choksi",NA,"Y","N",NA,NA
"CP No. 1036/(MAH)/2017","Mumbai Bench","Creditor","Not Available","Not Available","Not Available","Not Available","Gupta Global Resources Pvt Ltd","Not Available",NA,NA,"Not Available","Not Available","05.06.2017","Dismissed",NA,"Settlement","N","N",NA,NA
"CP. No. 292/I&BP/NCLT/MB/MAH/2017","Mumbai Bench","Creditor","Financial Creditor",NA,"ARC","5994343163","Bharati Defence and Infrastructure Ltd","Not Available",NA,NA,"Not Available","Not Available","06.06.2017","Admitted","Mr. Dhinlal Shah",NA,"N","Y","Corporate Debtor","Rejected"
"CP No. 722/(MAH)/2017","Mumbai Bench","Creditor","Not Available","Not Available",NA,"Not Available","Gammon India Ltd.","Not Available","Not Available","Not Available","Not Available","Not Available","08.06.2017","Dismissed",NA,"Settlement","N","Y","Creditor","Rejected"
"CP. No. 1069/I&BP/NCLT/MB/MAH/2017","Mumbai Bench","Creditor","Financial Creditor",NA,"Corporate Lender","12500000","Zenith Computers Limited ","17.11.2016",NA,NA,"Not Available","09.06.2017","12.06.2017","Admitted","Chetan T Shah",NA,"N","N",NA,NA
"CP. No. 1052/I&BP/NCLT/MB/MAH/2017","Mumbai Bench","Corporate Debtor",NA,NA,NA,"5930000","Futuristic Offshore Services and Chemical Limited","Not Available",NA,NA,"Not Available","06.06.2017","12.06.2017","Admitted","Jayashree Shukla Dasgupta",NA,"N","N",NA,NA
"CP No. 1060/(MAH)/2017","Mumbai Bench","Creditor","Not Available","Not Available","Not Available","Not Available","Larsen & Toubro Limited","Not Available","Not Available","Not Available","Not Available","Not Available","13.06.2017","Dismissed",NA,"Non-prosecution","N","N",NA,NA
"CP No. 1056/(MAH)/2017","Mumbai Bench","Creditor","Not Available","Not Available","Not Available","Not Available","Lavasa Corporation Limited","Not Available","Not Available","Not Available","Not Available","Not Available","13.06.2017","Dismissed",NA,"Settlement","N","N",NA,NA
"CP No. 254/(MAH)/2017","Mumbai Bench","Creditor","Not Available","Not Available","Not Available","Not Available","Beyond Logistics Pvt. Ltd.","Not Available","Not Available","Not Available","Not Available","Not Available","13.06.2017","Dismissed",NA,"Settlement","N","N",NA,NA
"CP No. 1022/(MAH)/2017","Mumbai Bench","Creditor","Not Available","Not Available","Not Available","Not Available","Neelkanth Realtors Pvt Ltd.","Not Available","Not Available","Not Available","Not Available","Not Available","13.06.2017","Dismissed",NA,"Non-prosecution","N","N",NA,NA
"CP. No. 1073/I&BP/NCLT/MB/MAH/2017","Mumbai Bench","Creditor","Financial Creditor",NA,"Corporate Lender","53700000","Mindtree Exports Private Limited","13.09.2016",NA,NA,"Not Available","Not Available","13.06.2017","Admitted","Subhas Ramachandra Hedge",NA,"N","Y","Corporate Debtor","Allowed"
"CP. No. 508/I&BP/NCLT/MB/MAH/2017","Mumbai Bench","Creditor","Operational Creditor","Others",NA,"3915726","Dishnet Wireless Limited","26.02.2017","13.01.2017","Not Available","Not Available","03.05.2017","14.06.2017","Dismissed",NA,"Existing Dispute","N","Y","Creditor","Rejected"
"CP. No. 247/I&BP/NCLT/MB/MAH/2017","Mumbai Bench","Creditor","Financial Creditor",NA,"Bank","312856661","Varun Resources Limited","Not Available",NA,NA,"Not Available","27.04.2017","14.06.2017","Admitted","Sanjeev Maheshwari",NA,"N","N",NA,NA
"CP. No. 61/I&BP/NCLT/MB/MAH/2017","Mumbai Bench","Creditor","Financial Creditor",NA,"Facility Agent for Debentures","278600000","Lokhandwala Kataria Constructions Private Limited","30.09.2016",NA,NA,"Not Available","02.05.2017","15.06.2017","Admitted","Dushyant Dave",NA,"N","Y","Corporate Debtor","Rejected"
"CP. No. 1027/I&BP/NCLT/MB/MAH/2017","Mumbai Bench","Creditor","Financial Creditor",NA,"Assignee","509672863","Kohinoor CTNL Infrastructure Company Private Limited","31.12.2015",NA,NA,"03.05.2017","15.06.2017","16.06.2017","Admitted","Sripatham Venkatasubhramanium Ramkumar",NA,"N","N",NA,NA
"CP. No. 1053/I&BP/NCLT/MB/MAH/2017","Mumbai Bench","Corporate Debtor",NA,NA,NA,"4639900000","Amar Remedies Limited","27.12.2012",NA,NA,"29.05.2017","15.06.2017","16.06.2017","Admitted","Jayashree Shukla Dasgupta",NA,"Y","N",NA,NA
"CP No. 1039/(MAH)/2017","Mumbai Bench","Creditor","Not Available","Not Available","Not Available","Not Available","Hindustan Construction Company Ltd.","Not Available","Not Available","Not Available","Not Available","Not Available","16.06.2017","Dismissed",NA,"Non-prosecution","N","N",NA,NA
"CP No. 1074/(MAH)/2017","Mumbai Bench","Creditor","Operational Creditor","Not Available",NA,"Not Available","Jyoti Structures Limited","Not Available","Not Available","Not Available","Not Available","Not Available","16.06.2017","Dismissed",NA,"Settlement","N","N","NA ",NA
"CP No. 1082/(MAH)/2017","Mumbai Bench","Creditor","Operational Creditor","Not Available",NA,"Not Available","Jyoti Structures Limited","Not Available","Not Available","Not Available","Not Available","Not Available","16.06.2017","Dismissed",NA,"Settlement","N","N",NA,NA
"CP No. 893/(MAH)/2017","Mumbai Bench","Creditor","Operational Creditor","Not Available",NA,"Not Available","Pratibha Industries Ltd.","Not Available","Not Available","Not Available","Not Available","Not Available","16.06.2017","Dismissed",NA,"Settlement","N","N",NA,NA
"CP. No. 1075/I&BP/NCLT/MB/MAH/2017","Mumbai Bench","Creditor","Operational Creditor","Others",NA,"29340000","Millenium Motors Pvt. LTd.","Not Available","Not Available","Not Available","Not Available","Not Available","19.06.2017","Dismissed",NA,"Defective Petition","N","N",NA,NA
"CP. No. 1024/I&BP/NCLT/MB/MAH/2017","Mumbai Bench","Creditor","Financial Creditor",NA,"Bank","145000000","Charbhuja Industries Private Limited","18.11.2015",NA,NA,"Not Available","19.06.2017","19.06.2017","Admitted","Rahul S Kavathekar",NA,"N","N",NA,NA
"CP. No. 1105/I&BP/NCLT/MB/MAH/2017","Mumbai Bench","Creditor","Operational Creditor","Vendor",NA,"2618423","Deep Water Services(India) Limited","09.06.2017","08.05.2017","Not Available","09.06.2017","09.06.2017","20.06.2017","Admitted","Delegated to IBBI",NA,"N","N",NA,NA
"CP. No. 1104/I&BP/NCLT/MB/MAH/2017","Mumbai Bench","Corporate Debtor",NA,NA,NA,"5150000000","Antrix Diamond Exports Private Limited","Not Available",NA,NA,"13.06.2017","20.06.2017","20.06.2017","Dismissed",NA,"Other","N","N",NA,NA
"CP. No. 1058/I&BP/NCLT/MB/MAH/2017","Mumbai Bench","Corporate Debtor",NA,NA,NA,"3844900000","Unity Infraprojects Limited","30.12.2014",NA,NA,"Not Available","20.06.2017","20.06.2017","Admitted","Arun Kapoor",NA,"N","N",NA,NA
"CP. No. 594/I&BP/2017","Mumbai Bench","Creditor","Operational Creditor","Vendor",NA,"24272460","Unison Engineering and Construction Private Limited","30.12.2015","Not Available","Not Available","Not Available","Not Available","20.06.2017","Admitted","Delegated to IBBI",NA,"N","Y","Corporate Debtor","Allowed"
"CP. No. 1045/I&BP/NCLT/MB/MAH/2017","Mumbai Bench","Corporate Debtor",NA,NA,NA,"1895300000","Vandhana Udhyog Limited","Not Available",NA,NA,"29.05.2017","16.06.2017","21.06.2017","Admitted","Adesh Kumar Mehta",NA,"Y","N",NA,NA
"CP. No. 1065/I&BP/NCLT/MB/MAH/2017","Mumbai Bench","Creditor","Operational Creditor","Vendor",NA,"3062106","Kinetic Engineering Limited","26.03.2014","03.02.2017","Not Available","Not Available","21.06.2017","21.06.2017","Dismissed",NA,"Other","N","N",NA,NA
"CP. No. 849/I&BP/NCLT/MB/MAH/2017","Mumbai Bench","Creditor","Operational Creditor","Vendor",NA,"550244","Aarti Infra Projects Private Limited","02.11.2016","15.02.2017","18.02.2017","Not Available","15.06.2017","22.06.2017","Dismissed",NA,"Other","N","N",NA,NA
"CP. No. 850/I&BP/NCLT/MB/MAH/2017","Mumbai Bench","Creditor","Operational Creditor","Vendor",NA,"593588","Aarti Infra Projects Private Limited","02.11.2016","15.02.2017","18.02.2017","Not Available","15.06.2017","22.06.2017","Dismissed",NA,"Defective Petition","N","N",NA,NA
"CP. No. 1103/I&BP/NCLT/MB/MAH/2017","Mumbai Bench","Corporate Debtor",NA,NA,NA,"442809128","Leo Duct Engineers and Consultants Limited","Not Available",NA,NA,"12.06.2017","Not Available","22.06.2017","Dismissed",NA,"Other","N","Y","Corporate Debtor","Allowed"
"CP No. 1068/(MAH)/2017","Mumbai Bench","Creditor","Operational Creditor","Not Available",NA,"1250000","Supreme Infrastructure (I) Ltd.","Not Available","Not Available","Not Available","Not Available","Not Available","23.06.2017","Dismissed",NA,"Settlement","N","Y","Creditor","Rejected"
"CP No. 1096/(MAH)/2017","Mumbai Bench","Creditor","Operational Creditor","Vendor",NA,"2034876","JK Surface Coating Pvt Ltd.","Not Available","Not Available","Not Available","Not Available","Not Available","23.06.2017","Dismissed",NA,"Settlement","N","N",NA,NA
"CP No. 1096/(MAH)/2017","Mumbai Bench","Creditor","Operational Creditor","Vendor",NA,"Not Available","Process Construction & Technical Services Pvt. Ltd.","Not Available","Not Available","Not Available","Not Available","Not Available","23.06.2017","Dismissed",NA,"Settlement","N","N",NA,NA
"CP. No. 856/I&BP/NCLT/MB/MAH/2017","Mumbai Bench","Creditor","Financial Creditor",NA,"Corporate Lender","57015749","Rasoya Proteins Limited","21.09.2015",NA,NA,"Not Available","14.06.2017","27.06.2017","Admitted","Rajendra Karanmal Bhuta",NA,"N","N",NA,NA
"CP. No. 1067/I&BP/NCLT/MB/MAH/2017","Mumbai Bench","Creditor","Financial Creditor",NA,"Bank","142326878.8","Prag Distillery (P) Limited","21.06.2016",NA,NA,"Not Available","20.06.2017","27.06.2017","Admitted","Dipti Mehta",NA,"N","N",NA,NA
"CP. No. 1055/I&BP/NCLT/MB/MAH/2017","Mumbai Bench","Corporate Debtor",NA,NA,NA,"4987486614","Roofit Industries Limited","Not Available",NA,NA,"21.05.2017","27.06.2017","28.06.2017","Admitted","Jitendra Kumar Jain",NA,"Y","N",NA,NA
"CP. No. 1076/I&BP/NCLT/MB/MAH/2017","Mumbai Bench","Creditor","Financial Creditor",NA,"Bank","13227784.63","Esskay Motors Private Limited","Not Available",NA,NA,"Not Available","29.06.2017","29.06.2017","Admitted","Rajeev Mannadiar",NA,"N","N",NA,NA
"CP. No. 848/I&BP/NCLT/MB/MAH/2017","Mumbai Bench","Creditor","Operational Creditor","Not Available",NA,"981254","J.J. Fabrics Pvt. Ltd.","Not Available","Not Available","Not Available","Not Available","Not Available","30.06.2017","Dismissed",NA,"Settlement","N","N",NA,NA
"CP No. 1094/(MAH)/2017","Mumbai Bench","Creditor","Not Available","Not Available","Not Available","Not Available","Topworth Urja & Metals Ltd.","Not Available","Not Available","Not Available","Not Available","Not Available","30.06.2017","Dismissed",NA,"Defective Petition","N","N",NA,NA
"CP No. 1109/(MAH)/2017","Mumbai Bench","Creditor","Not Available","Not Available","Not Available","Not Available","Topworth Pipes & Tubes Pvt. Ltd.","Not Available","Not Available","Not Available","Not Available","Not Available","30.06.2017","Dismissed",NA,"Defective Petition","N","N",NA,NA
"CP No. 1108/(MAH)/2017","Mumbai Bench","Creditor","Not Available","Not Available","Not Available","Not Available","Topworth Steel & Power Pvt. Ltd.","Not Available","Not Available","Not Available","Not Available","Not Available","30.06.2017","Dismissed",NA,"Defective Petition","N","N",NA,NA
"111/(MAH)/2017","Mumbai Bench","Creditor","Not Available","Not Available","Not Available","Not Available","Hover Automotive India Pvt. Ltd.","Not Available","Not Available","Not Available","Not Available","Not Available","30.06.2017","Dismissed",NA,"Withdrawn","N","N",NA,NA
"CP. No. 725/I&BP/2017","Mumbai Bench","Creditor","Financial Creditor",NA,"Bank","1115004858","Varun Corporation Limited","Not Available",NA,NA,"Not Available","Not Available","30.06.2017","Admitted","Prakash Karunashankar Pandya",NA,"N","N",NA,NA
"CP. No. 221/I&BP/NCLT/MB/MAH/2017","Mumbai Bench","Creditor","Operational Creditor","Vendor",NA,"2797696","Baramati Agro Limited","Not Available","Not Available","Not Available","Not Available","30.06.2017","30.06.2017","Dismissed",NA,"Time Barred","N","Y","Creditor","Allowed"
"CP. No. 1059/I&BP/NCLT/MB/MAH/2017","Mumbai Bench","Corporate Debtor",NA,NA,NA,"46910028","Schweitzer Systemtek India Private Limited","31.01.2013",NA,NA,"05.06.2017","30.06.2017","03.07.2017","Admitted","Not Available",NA,"N","Y","Corporate Debtor","Rejected"
"CP. No. 727/I&BP/NCLT/MB/MAH/2017","Mumbai Bench","Creditor","Financial Creditor",NA,"Bank","404451660","Paramshakti Steels Limited","26.07.2016",NA,NA,"Not Available","Not Available","03.07.2017","Admitted","Rajendra K Bhuta",NA,"N","N",NA,NA
"CP No. 1127/(MAH)/2017","Mumbai Bench","Creditor","Operational Creditor","Not Available",NA,"Not Available","Ducon Technologies Pvt. Ltd.","Not Available","Not Available","Not Available","Not Available","27.04.2017","03.07.2017","Dismissed",NA,"Other","N","N",NA,NA
"1137/I&BP/2017","Mumbai Bench","Creditor","Financial Creditor",NA,"Bank","17453900000","Jyoti Structures LTd.","20.06.2017",NA,NA,"Not Available","Not Available","04.07.2017","Admitted","Vandana Garg",NA,"N","N",NA,NA
"1123/(MAH)/2017","Mumbai Bench","Creditor","Not Available","Not Available","Not Available","Not Available","Rashtiya Metal Ind. Ltd.","Not Available","Not Available","Not Available","20.06.2017","Not Available","04.07.2017","Dismissed",NA,"Other","N","N",NA,NA
"1142/I&BP/NCLT/MB/MAH/2017","Mumbai Bench","Creditor","Operational Creditor","Vendor",NA,"5496000","DBM Geotechnics & Constructions Pvt. Ltd.","22.05.2016","29.12.2016","Not Available","Not Available","Not Available","05.07.2017","Admitted","Alok Saksena",NA,"N","Y","Corporate Debtor","Withdrawn"
"1135/I&BP/NCLT/(MAH)/2017","Mumbai Bench","Corporate Debtor",NA,NA,NA,"1523640014","Mehadia Sales Trade Corporation Pvt Ltd.","Not Available",NA,NA,"Not Available","Not Available","06.07.2017","Admitted","Charudatta Marathe",NA,"N","N",NA,NA
"1112/I&BP /2017","Mumbai Bench","Creditor","Operational Creditor","Vendor",NA,"701525","Omicron Sensing Pvt. Ltd.","Not Available","23.05.2017","26.05.2017","16.06.2017","Not Available","06.07.2017","Admitted","Referred to IBBI",NA,"N","Y","Corporate Debtor","Allowed"
"1106/MAH/2017","Mumbai Bench","Not Available","Not Available","Not Available","Not Available","Not Available","Hindustan Construction Company Ltd.","Not Available","Not Available","Not Available","Not Available","Not Available","06.07.2017","Dismissed",NA,"Settlement","N","N",NA,NA
"1097/MAH/2017","Mumbai Bench","Creditor","Not Available","Not Available","Not Available","Not Available","Indsur Global Ltd.","Not Available","Not Available","Not Available","Not Available","Not Available","06.07.2017","Dismissed",NA,"Settlement","N","N",NA,NA
"CP. No. 37/I&BP/NCLT/MB/MAH/2017","Mumbai Bench","Creditor","Operational Creditor","Vendor",NA,"8905400","Tattva & Mittal Lifespaces Pvt. Ltd.","Not Available","14.01.2017","Not Available","09.03.2017","17.04.2017","11.07.2017","Dismissed",NA,"Existing Dispute","N","N",NA,NA
"CP No. 1099/(MAH)/2017","Mumbai Bench","Creditor","Not Available","Not Available","Not Available","Not Available","Shree Sukhkarta Developers Pvt. Ltd.","Not Available","Not Available","Not Available","Not Available","Not Available","18.07.2017","Dismissed",NA,"Settlement","N","N",NA,NA
"CP No. 898/(MAH)/2017","Mumbai Bench","Creditor","Not Available","Not Available","Not Available","Not Available","Shah Paper Mills Ltd.","Not Available","Not Available","Not Available","Not Available","Not Available","18.07.2017","Dismissed",NA,"Settlement","N","N",NA,NA
"CP No. 1102/(MAH)/2017","Mumbai Bench","Creditor","Not Available","Not Available","Not Available","Not Available","Fablab Engineering India Pvt.  Ltd.","Not Available","Not Available","Not Available","Not Available","Not Available","18.07.2017","Dismissed",NA,"Settlement","N","N",NA,NA
"1023/I&BP/NCLT/MAH/2017","Mumbai Bench","Creditor","Operational Creditor","Employee",NA,"12289228+18% interest from respective due date","Elektrans Shipping Pvt. Ltd.","Not Available","Not Available","Not Available","Not Available","Not Available","18.07.2017","Dismissed",NA,"Existing Dispute","N","N",NA,NA
"1039/I&BP/2017","Mumbai Bench","Creditor","Financial Creditor",NA,"Bank","15393372304","Monnet Ispat & Energy Ltd.","Multiple",NA,NA,"Not Available","Not Available","18.07.2017","Admitted","Mr. Sumit Binani ",NA,"N","N",NA,NA
"507/I&BP/2017","Mumbai Bench","Creditor","Operational Creditor","Vendor",NA,"15952562","Gammon India Ltd.","Multiple","16.03.2017","Not Available","Not Available","Not Available","19.07.2017","Dismissed",NA,"Existing Dispute","N","Y","Creditor","Rejected"
"716/I&BP/2017","Mumbai Bench","Creditor","Financial Creditor",NA,"Corporate lender","34270000+interest 12% p.a.","Ellora Papers Mills Ltd.","11.03.2011",NA,NA,"Not Available","Not Available","19.07.2017","Admitted","Mr. Mohan Ram Goenka",NA,"N","Y","Corporate Debtor","Rejected"
"1081/I&BP/2017","Mumbai Bench","Creditor","Operational Creditor","Vendor",NA,"2226672+24%p.a. interest","Uttara Foods and Feed Pvt. Ltd.","09.08.2014","15.03.2017","Not Available","09.06.2017","13.06.2017","19.07.2017","Admitted","Not Available",NA,"N","N",NA,NA
"1201/I&BP/NCLT/MB/(MAH)/2017","Mumbai Bench","Creditor","Financial Creditor",NA,"Corporate lender","240652849.5","Kumar Motors Pvt. Ltd.","01.05.2013",NA,NA,"Not Available","Not Available","19.07.2017","Dismissed",NA,"Other","N","N",NA,NA
"593/MAH/2017","Mumbai Bench","Not Available","Not Available","Not Available","Not Available","Not Available","Pancard Clubs Ltd.","Not Available","Not Available","Not Available","Not Available","Not Available","20.07.2017","Dismissed",NA,"Not Available","N","N",NA,NA
"1061/I&BP/2017","Mumbai Bench","Creditor","Financial Creditor",NA,"Bank","1406839089","Guruashish Construction Pvt. Ltd.","30.09.2014",NA,NA,"Not Available","Not Available","24.07.2017","Admitted","Mr. C.A. Rajendra K Bhutta",NA,"N","N",NA,NA
"1149/MAH/2017","Mumbai Bench","Not Available","Not Available","Not Available","Not Available","Not Available","Klowin Infrastructures Pvt. Ltd.","Not Available","Not Available","Not Available","Not Available","Not Available","24.07.2017","Dismissed",NA,"Withdrawn","N","N",NA,NA
"356/I&BP/NCLT/MB/MAH/2017","Mumbai Bench","Creditor","Operational Creditor","Not Available",NA,"2156723","Richa India Infra Development Pvt. Ltd.","Not Available","Not Available","Not Available","Not Available","Not Available","24.07.2017","Dismissed",NA,"Withdrawn","N","N",NA,NA
"1119/MAH/2017","Mumbai Bench","Creditor","Not Available","Not Available","Not Available","Not Available","Nirmal Lifestyle Ltd.","Not Available","Not Available","Not Available","Not Available","Not Available","24.07.2017","Dismissed",NA,"Withdrawn","N","N",NA,NA
"1147/(MAH)/2017","Mumbai Bench","Creditor","Operational Creditor","Not Available",NA,"Not Available","Teracom Ltd.","Not Available","Not Available","Not Available","Not Available","Not Available","24.07.2017","Dismissed",NA,"Withdrawn","N","N",NA,NA
"1143/MAH/2017","Mumbai Bench","Creditor","Not Available","Not Available","Not Available","Not Available","Supreme Infrastructure (I) Ltd.","Not Available","Not Available","Not Available","Not Available","Not Available","25.07.2017","Dismissed",NA,"Withdrawn","N","N",NA,NA
"1219/(MAH)/2017","Mumbai Bench","Creditor","Operational Creditor","Not Available",NA,"Not Available","Dolphin Offshore Enterprises (I) Ltd.","Not Available","Not Available","Not Available","Not Available","Not Available","25.07.2017","Dismissed",NA,"Withdrawn","N","N",NA,NA
"230/I&BP/2017","Mumbai Bench","Creditor","Operational Creditor","Not Available",NA,"168540","Reify Artisans and Projects Pvt. Ltd.","Not Available","Not Available","Not Available","Not Available","Not Available","27.07.2017","Dismissed",NA,"Withdrawn","N","N",NA,NA
"1174/I&BP/NCLT/MB/MAH/2017","Mumbai Bench","Creditor","Operational Creditor","Not Available",NA,NA,"Nouveau Global Ventures Ltd.","Not Available","Not Available","Not Available","Not Available","Not Available","27.07.2017","Dismissed",NA,"Withdrawn","N","N",NA,NA
"1215/MAH/2017","Mumbai Bench","Creditor","Not Available","Not Available","Not Available","Not Available","SSV Developers and Builders Pvt. Ltd.","Not Available","Not Available","Not Available","Not Available","Not Available","28.07.2017","Dismissed",NA,"Defective Petition","N","N",NA,NA
"1078/I&BP/2017","Mumbai Bench","Creditor","Operational Creditor","Vendor",NA,"9049504","Ruparel Estates India Pvt. Ltd.","Not Available","Not Available","Not Available","Not Available","Not Available","28.07.2017","Dismissed",NA,"Withdrawn","N","N",NA,NA
"1079/I&BP/2017","Mumbai Bench","Creditor","Operational Creditor","Vendor",NA,"45508413","Sarvesh Builders (I) Pvt. Ltd.","Not Available","Not Available","Not Available","Not Available","Not Available","28.07.2017","Dismissed",NA,"Withdrawn","N","N",NA,NA
"593/I&BP/NCLT/MAH/2017","Mumbai Bench","Creditor","Operational Creditor","Vendor",NA,"62542007.04","Pancards Club Ltd.","Not Available","25.01.2017","30.01.2017","Not Available","Not Available","29.07.2017","Dismissed",NA,"Other","N","N",NA,NA
" 1085/I&BP/NCLT/MAH/2017","Mumbai Bench","Creditor","Operational Creditor","Vendor",NA,"143853(inclusive of interest @18%p.a.)","Pancards Club Ltd.","Not Available","Not Available","Not Available","Not Available","Not Available","29.07.2017","Dismissed",NA,"Other","N","Y","Creditor","Rejected"
"1088/I&BP/2017","Mumbai Bench","Creditor","Operational Creditor","Vendor",NA,"4853864","Nutri First Agro international Pvt. ltd.","Not Available","18.04.2017","21.04.2017","Not Available","Not Available","31.07.2017","Admitted","Not Available",NA,"N","N",NA,NA
"1168/I&BC/NCLT/MB/MAH/2017","Mumbai Bench","Creditor","Operational Creditor","Vendor",NA,"307446","Pittie Polymers Pvt. Ltd.","Not Available","21.02.2017","23.02.2017","Not Available","Not Available","31.07.2017","Dismissed",NA,"Time Barred","N","N",NA,NA
"CP No. 1101/I&BP/2017","Mumbai Bench","Creditor","Operational Creditor","Vendor",NA,"47228431+1070400(arrears of interest on delayed payment)","Jord Engineers India Ltd.","Not Available","26.04.2017","Not Available","Not Available","Not Available","31.07.2017","Admitted","Not Available",NA,"Y","Y","Corporate Debtor","Allowed"
"1169/MAH/2017","Mumbai Bench","Creditor","Not Available","Not Available","Not Available","Not Available","DBM Geotechnics and Constructions Ltd.","Not Available","Not Available","Not Available","Not Available","Not Available","01.08.2017","Dismissed",NA,"Settlement","N","N",NA,NA
"1202/I&BP/NCLT/MB/MAH/2017","Mumbai Bench","Corporate Debtor",NA,NA,NA,"7134332545","KSS Petron Pvt. Ltd.","Not Available",NA,NA,"11.07.2017","Not Available","01.08.2017","Admitted","Mr. Vineet K Chaudhary",NA,"N","N",NA,NA
"1213/MAH/2017","Mumbai Bench","Creditor","Not Available","Not Available","Not Available","Not Available","Mahavir Roads and Infrastructure Pvt. Ltd.","Not Available","Not Available","Not Available","Not Available","Not Available","01.08.2017","Dismissed",NA,"Settlement","N","N",NA,NA
"1187/MAH//2017","Mumbai Bench","Creditor","Not Available","Not Available","Not Available","Not Available","Satelite Gazebo Developers Pvt. Ltd.","Not Available","Not Available","Not Available","Not Available","Not Available","04.08.2017","Dismissed",NA,"Withdrawn","N","N",NA,NA
"1189/MAH//2017","Mumbai Bench","Creditor","Not Available","Not Available","Not Available","Not Available","Satelite Gazebo Developers Pvt. Ltd.","Not Available","Not Available","Not Available","Not Available","Not Available","04.08.2017","Dismissed",NA,"Withdrawn","N","N",NA,NA
"1188/MAH//2017","Mumbai Bench","Creditor","Not Available","Not Available","Not Available","Not Available","Satelite Gazebo Developers Pvt. Ltd.","Not Available","Not Available","Not Available","Not Available","Not Available","04.08.2017","Dismissed",NA,"Withdrawn","N","N",NA,NA
"1191/MAH//2017","Mumbai Bench","Creditor","Not Available","Not Available","Not Available","Not Available","Satelite Gazebo Developers Pvt. Ltd.","Not Available","Not Available","Not Available","Not Available","Not Available","04.08.2017","Dismissed",NA,"Withdrawn","N","N",NA,NA
"1190/MAH//2017","Mumbai Bench","Creditor","Not Available","Not Available","Not Available","Not Available","Satelite Gazebo Developers Pvt. Ltd.","Not Available","Not Available","Not Available","Not Available","Not Available","04.08.2017","Dismissed",NA,"Withdrawn","N","N",NA,NA
"1159/(MAH)/2017","Mumbai Bench","Creditor","Not Available","Not Available","Not Available","Not Available","Cinnic Fashion (I) Pvt. Ltd.","Not Available","Not Available","Not Available","Not Available","Not Available","04.08.2017","Dismissed",NA,"Settlement","N","N",NA,NA
"1140/I&BP/NCLT/MB/MAH/2017","Mumbai Bench","Creditor","Financial Creditor",NA,"NBFC","124333291+10633946","Maharashtra Vidyut Nigam Pvt. Ltd.","01.10.2015",NA,NA,"Not Available","Not Available","04.08.2017","Admitted","Mr. Javadshah Vasa",NA,"N","N",NA,NA
"1051/I&BP/NCLT/MAH/2017","Mumbai Bench","Corporate Debtor",NA,NA,NA,"230300000","Brown Kraft Industries Ltd.","Not Available",NA,NA,"Not Available","Not Available","07.08.2017","Admitted","Mr. Adesh Kumar Mehta",NA,"N","N",NA,NA
"1163/(MAH)/2017","Mumbai Bench","Creditor","Not Available","Not Available","Not Available","Not Available","Starwing Developers Pvt. Ltd.","Not Available","Not Available","Not Available","Not Available","Not Available","07.08.2017","Dismissed",NA,"Withdrawn","N","N",NA,NA
"1233/(MAH)/2017","Mumbai Bench","Creditor","Not Available","Not Available","Not Available","Not Available","Swarnsparsh Gems and Jewellery Ltd.","Not Available","Not Available","Not Available","Not Available","Not Available","08.08.2017","Dismissed",NA,"Withdrawn","N","N",NA,NA
"CP No. 1161/I&BP/2017","Mumbai Bench","Corporate Debtor",NA,NA,NA,"56327799.03","Parte Casters Pvt. Ltd.","Not Available",NA,NA,"Not Available","Not Available","14.08.2017","Admitted","Mr. Jitendra Palande",NA,"N","N",NA,NA
"CP NO.1066/2017","Mumbai Bench","Creditor","Operational Creditor","Vendor",NA,"11130063+43800611(interest @30%%p.a.)","Goa Antibiotics And Pharmaceuticals Ltd.","Not Available","10.05.2017","13.05.2017","Not Available","Not Available","14.08.2017","Admitted","Not Available",NA,"Y","Y","Corporate Debtor","Allowed"
"1268/IBC/NCLT/MB/MAH/2017","Mumbai Bench","Creditor","Operational Creditor","Vendor",NA,"1376525","S.N. Plumbing Pvt. Ltd. and Others","Not Available","17.07.2017","Not Available","Not Available","Not Available","16.08.2017","Admitted","Mr. Sanjay Kumar Ruia",NA,"N","N",NA,NA
"1092/I&BC/NCLT/MB/MAH/2017","Mumbai Bench","Creditor","Financial Creditor",NA,"Bank","18712381.78","Kamla Real Estate Hub Pvt. Ltd.","26.11.2015",NA,NA,"Not Available","Not Available","16.08.2017","Admitted","Mr. Rajeev Mannadiar",NA,"N","N",NA,NA
"1198/I&BP/NCLT/MB/MAH/2017","Mumbai Bench","Corporate Debtor",NA,NA,NA,"56300000","Indo-Krishna Greenfields Ltd.","Not Available","Not Available","Not Available","Not Available","Not Available","18.08.2017","Admitted","Mr. Charudutt Marathe",NA,"N","N",NA,NA
"654/I&BP/NCLT/MB/MAH/2017","Mumbai Bench","Creditor","Financial Creditor",NA,"Co-operative Bank","39908230.52","Raphel Engineering Pvt. Ltd.","Not Available",NA,NA,"09.06.2017","Not Available","18.08.2017","Admitted","Mr. Rajendra Karanmal Bhuta",NA,"N","N",NA,NA
"1211/I&BCP/NCLT/MB/MAH/2017","Mumbai Bench","Creditor","Financial Creditor",NA,"NBFC","1203624","V-Tech Elastomers Pvt. Ltd.","Not Available",NA,NA,"Not Available","Not Available","22.08.2017","Admitted","Mr. Devendra Padamchand Jain",NA,"N","N",NA,NA
"224/I&BC/NCLT/MB/2017","Mumbai Bench","Creditor","Operational Creditor","Vendor",NA,"58616284","Housing Development and Infrastructure Ltd.","09.10.2013","25.03.2017","Not Available","22.03.2017","Not Available","23.08.2017","Dismissed",NA,"Settlement","N","N",NA,NA
"CP No. 1217/(MAH)/2017","Mumbai Bench","Creditor","Not Available","Not Available","Not Available","Not Available","Kumar Builders Mumbai Realty Pvt. Ltd.","Not Available","Not Available","Not Available","Not Available","Not Available","23.08.2017","Dismissed",NA,"Settlement","N","N",NA,NA
"1214/I&BP/NCLT/MB/MAH/2017","Mumbai Bench","Corporate Debtor",NA,NA,NA,"48997293","Wig Associates Pvt. Ltd.","Not Available",NA,NA,"Not Available","Not Available","24.08.2017","Admitted","Mr. S.K. Golla",NA,"N","N",NA,NA
"1184/I&BC/NCLT/MB/MAH/2017","Mumbai Bench","Corporate Debtor",NA,NA,NA,"78047328","H.P. Ore Processors Pvt. Ltd.","Not Available",NA,NA,"Not Available","Not Available","28.08.2017","Admitted","Mr. Ranjit Dnyanchand Jain",NA,"N","N",NA,NA
"1148/I&BC/NCLT/MB/MAH/2017","Mumbai Bench","Corporate Debtor",NA,NA,NA,"134253944","Fortune Pharma Pvt. Ltd","Not Available",NA,NA,"29.06.2017","Not Available","28.08.2017","Admitted","Mr. S.K. Golla",NA,"N","N",NA,NA
"1170/I&BC/NCLT/MB/MAH/2017","Mumbai Bench","Creditor","Financial Creditor",NA,"Bank","18802000000","Vindhya Vasini Industries Ltd.","Not Available","13.02.2017",NA,"04.07.2017","Not Available","29.08.2017","Admitted","Mr. Sanjay Gupta",NA,"N","N",NA,NA
"716/MAH/2017","Mumbai Bench","Creditor","Financial Creditor",NA,"Not Available","Not Available","Ellora Paper Mills Limited ","Not Available",NA,NA,"Not Available","Not Available","04.09.2017","Dismissed",NA,"Other","Y","N",NA,NA
"547/MAH/2017","Mumbai Bench","Creditor","Not Available","Not Available","Not Available","Not Available","Not Available ","Not Available","Not Available","Not Available","Not Available","Not Available","04.09.2017","Dismissed",NA,"Other","N","N",NA,NA
"1281/MAH/2017","Mumbai Bench","Creditor","Not Available","Not Available","Not Available","Not Available","A.R Coating Solutions India Pvt Ltd.","Not Available","Not Available","Not Available","Not Available","Not Available","04.09.2017","Dismissed",NA,"Withdrawn","N","N",NA,NA
"1277/MAH/2017","Mumbai Bench","Creditor","Not Available","Not Available","Not Available","Not Available"," Crest Logistics and Engineers Pvt Ltd","Not Available","Not Available","Not Available","Not Available","Not Available","04.09.2017","Dismissed",NA,"Withdrawn","N","N",NA,NA
"1260/IBC/NCLT/MB/MAH/2017","Mumbai Bench","Creditor","Operational Creditor","Vendor",NA,"194453","Padmavati Wire and Cables Private Limited","Not Available","11.07.2017","Not Available","31.07.2017","Not Available","05.09.2017","Admitted","Mr. Amit Gupta ",NA,"N","N",NA,NA
"1155/2017","Mumbai Bench","Creditor","Operational Creditor","Not Available",NA,"Not Available","Minwool Rock Fibers Limited ","Not Available","Not Available","Not Available","Not Available","Not Available","07.09.2017","Dismissed",NA,"Other","N","N",NA,NA
"1151/2017","Mumbai Bench","Creditor","Operational Creditor","Vendor",NA,"544965","Seam Industries Limited","Not Available","Not Available","Not Available","Not Available","Not Available","07.09.2017","Dismissed",NA,"Settlement","N","N",NA,NA
"466/MAH/2017","Mumbai Bench","Creditor","Operational Creditor","Not Available",NA,"3962864","Petron Engineering Construction Limited ","Not Available","Not Available","Not Available","Not Available","Not Available","08.09.2017","Dismissed",NA,"Settlement","N","N",NA,NA
"1230/I&BP/NCLT/MAH/2017","Mumbai Bench","Corporate Debtor",NA,NA,NA,"73604815","Numero Uno International Limited ","Not Available",NA,NA,"Not Available","Not Available","11.09.2017","Admitted","Mr. Uday V. Shah",NA,"N","N",NA,NA
"1245/14(1)/NCLT/MB/MAH/2017","Mumbai Bench","Creditor","Financial Creditor",NA,"NBFC","5343350","Advance Logistics & Trading India Private Limited ","19.02.2016",NA,NA,"27.07.2017","Not Available","11.09.2017","Admitted","Mr. Devendra Padamchand Jain",NA,"N","N",NA,NA
"802/MAH/2017","Mumbai Bench","Creditor","Not Available","Not Available","Not Available","Not Available","Bilcare Limited ","Not Available","Not Available","Not Available","Not Available","Not Available","12.09.2017","Dismissed",NA,"Other","N","N",NA,NA
"825/(MAH)/2017","Mumbai Bench","Creditor","Operational Creditor","Not Available",NA,"Not Available","HDO Technologies Limited ","Not Available","Not Available","Not Available","Not Available","Not Available","13.09.2017","Dismissed",NA,"Other","N","N",NA,NA
"1206/IBC/NCLT/MB/MAH/2017","Mumbai Bench","Creditor","Operational Creditor","Others",NA,"25365699","Fieldspares Sales and Services Private Limited ","Not Available","04.05.2017","Not Available","17.07.2017","Not Available","13.09.2017","Admitted","Referred to IBBI",NA,"N","N",NA,NA
"1029/I&BP/NCLT/MB/MAH/2017","Mumbai Bench","Creditor","Operational Creditor","Employee",NA,"7262905+interest and penalty","Phadnis Properties Limited ","Not Available","02.03.2017","Not Available","03.05.2017","04.07.2017","14.09.2017","Admitted","Mr. Kiran Kunte ",NA,"N","N",NA,NA
"1357/I&BC/NCLT/MB/MAH/2017","Mumbai Bench","Creditor","Operational Creditor","Not Available",NA,"Not Available","Lavasa Corporation Limited ","Not Available","Not Available","Not Available","Not Available","Not Available","15.09.2017","Dismissed",NA,"Other","N","N",NA,NA
"1313/I&BP/NCLT/MAH/2017","Mumbai Bench","Corporate Debtor",NA,NA,NA,"828255197","Polychroic Petrochemicals Private Limited","Not Available",NA,NA,"Not Available","Not Available","15.09.2017","Admitted","Mr. Avil Menezes ",NA,"N","N",NA,NA
"1358/I&BC/NCLT/MB/MAH/2017","Mumbai Bench","Creditor","Operational Creditor","Not Available",NA,"Not Available","Steiner India Limited ","Not Available","Not Available","Not Available","Not Available","Not Available","15.09.2017","Dismissed",NA,"Other","N","N",NA,NA
"1123/I&BP/NCLT/MAH/2017","Mumbai Bench","Creditor","Operational Creditor","Not Available",NA,"Not Available","Rashtiya Metal India Limited ","Not Available","Not Available","Not Available","Not Available","Not Available","20.09.2017","Dismissed",NA,"Other","N","N",NA,NA
"1287/2017","Mumbai Bench","Creditor","Operational Creditor","Vendor",NA,"27438265","Reliance Communications Limited ","Not Available","Not Available","Not Available","Not Available","Not Available","25.09.2017","Dismissed",NA,"Other","N","N",NA,NA
"CP No. 1269/MAH/2017","Mumbai Bench","Creditor","Not Available","Not Available","Not Available","Not Available","Gandhar Oil Refinery India Ltd.","Not Available","Not Available","Not Available","Not Available","Not Available","25.09.2017","Dismissed",NA,"Settlement","N","N",NA,NA
"CP No. 170/I&BC/MB/NCLT/2017","Mumbai Bench","Creditor","Operational Creditor","Others",NA,"15827061","Man Industries Ltd","Not Available","Not Available","Not Available","Not Available","Not Available","21.09.2017","Dismissed",NA,"Existing Dispute","Y","Y","Creditor","Withdrawn"
"1283/I&BP/NCLT/MAH/2017","Mumbai Bench","Creditor","Financial Creditor",NA,"Bank","Not Available","BSR Diagnostic Limited","Not Available",NA,NA,"02.08.2017","Not Available","29.09.2017","Admitted","Mr. Sundaresh Bhat",NA,"N","N",NA,NA
"1293/I&BP/NCLT/MAH/2017","Mumbai Bench","Creditor","Operational Creditor","Employee",NA,"381981","Elektrans Shipping Private Limited ","Not Available","Not Available","Not Available","Not Available","Not Available","29.09.2017","Dismissed",NA,"Other","N","N",NA,NA
"1308/I&BP/NCLT/MAH/2017","Mumbai Bench","Creditor","Financial Creditor",NA,"NBFC","Not Available","GMV Agencies Private Limited ","07.12.2016",NA,NA,"Not Available","Not Available","29.09.2017","Admitted","Mr. Dhiren Shantilal Shah",NA,"N","N",NA,NA
"1399/I&BP/2017","Mumbai Bench","Creditor","Financial Creditor",NA,"Bank","2585856554","Mandhana Industries Limited ","Not Available",NA,NA,"Not Available","Not Available","29.09.2017","Admitted","Ms. Charu Sandeep Desai",NA,"N","N",NA,NA
"1353/MAH/2017","Mumbai Bench","Creditor","Not Available","Not Available","Not Available","Not Available","Ricoh Industries Ltd.","Not Available","Not Available","Not Available","Not Available","Not Available","29.09.2017","Dismissed",NA,"Withdrawn","N","N",NA,NA
"1180/MAH/2017","Mumbai Bench","Creditor","Financial Creditor",NA,NA,"Not Available","Smart Advisory and Finserv Pvt Ltd","Not Available","Not Available","Not Available","Not Available","Not Available","26.09.2017","Dismissed",NA,"Withdrawn","N","N",NA,NA
"CP No. 1333/I&BP/2017","Mumbai Bench","Creditor","Operational Creditor","Vendor",NA,"606344","Sabre Helmets Pvt. Ltd.","Not Available","Not Available","Not Available","22.08.2017","Not Available","03.10.2017","Dismissed",NA,"Time Barred","N","N",NA,NA
"CP No. 1343/(MAH)/2017","Mumbai Bench","Creditor","Not Available","Not Available","Not Available","Not Available","Sunsolar Renewable Energy Pvt. Ltd.","Not Available","Not Available","Not Available","Not Available","Not Available","03.10.2017","Dismissed",NA,"Settlement","N","N",NA,NA
"CP No. 1239/I&BC/2017","Mumbai Bench","Corporate Debtor",NA,NA,NA,"3425230298","Gupta Global Resources Pvt. Ltd.","Not Available",NA,NA,"Not Available","Not Available","04.10.2017","Admitted","Mr. Atul Rajwadkar",NA,"N","N",NA,NA
"CP No. 1340/I&BC/NCLT/MB/MAH/2017","Mumbai Bench","Creditor","Financial Creditor",NA,"Individual Lender","1067235","GGS Infrastructure Pvt. Ltd.","Not Available",NA,NA,"Not Available","Not Available","04.10.2017","Admitted","Mr. Martin S.K. Golla",NA,"N","N",NA,NA
"CP No. 1407/I&BP/2017","Mumbai Bench","Creditor","Financial Creditor",NA,"Bank","343504602","Bluplast Industries Ltd.","30.12.2014",NA,NA,"Not Available","Not Available","05.10.2017","Admitted","Mr. Vishal Bidawatjika",NA,"N","N",NA,NA
"CP No. 1144/(MAH)/2017","Mumbai Bench","Creditor","Financial Creditor",NA,"Not Available","Not Available","Maitreyi Capital Advisors Pvt. Ltd.","Not Available","Not Available","Not Available","30.06.2017","04.07.2017","05.10.2017","Dismissed",NA,"Settlement","N","N",NA,NA
"CP No. 1315/I&BP/2017","Mumbai Bench","Creditor","Financial Creditor",NA,"ARC","9593321883","Abhijeet MADC Nagpur Energy Pvt. Ltd.","Not Available",NA,NA,"Not Available","Not Available","06.10.2017","Admitted","Mr. Vinod Kumar Kothari",NA,"N","N",NA,NA
"CP No. 1267/I&BP/2017","Mumbai Bench","Creditor","Financial Creditor",NA,"Bank","524542450","Linkson International Ltd.","29.09.2014","Not Available","Not Available","01.08.2017","09.08.2017","06.10.2017","Admitted","Mr. Manish Baldeva",NA,"N","N",NA,NA
"CP No. 1252/IBC/NCLT/MB/MAH/2017","Mumbai Bench","Creditor","Financial Creditor",NA,"Not Available","261568515","M/s. Skyline Capital Pvt. Ltd.","Not Available",NA,NA,"Not Available","Not Available","06.10.2017","Admitted","Mr. T. Sathisan",NA,"N","N",NA,NA
"CP No. 1225/(MAH)/2017","Mumbai Bench","Creditor","Not Available","Not Available","Not Available","Not Available","Regal Shipping & Marine Services Pvt. Ltd.","Not Available","Not Available","Not Available","Not Available","Not Available","11.10.2017","Dismissed",NA,"Settlement","N","N",NA,NA
"CP No. 1160/(MAH)/2017","Mumbai Bench","Creditor","Financial Creditor",NA,"Bank","Not Available","Bilcare Limited","Not Available","Not Available","Not Available","Not Available","Not Available","11.10.2017","Dismissed",NA,"Settlement","N","N",NA,NA
"IBC No. CP 1054 and MA 177 of 2017/I&BC/NCLT/MB/MAH/2017","Mumbai Bench","Corporate Debtor",NA,NA,NA,"2400000000","S. M. Dyechem Ltd.",NA,NA,"Not Available","29.05.2017","Not Available","13.10.2017","Admitted","Mr. Anish Kanodia",NA,"Y","N",NA,NA
"CP/1362/1&BC/NCLT/MB/MAH/2017","Mumbai Bench","Corporate Debtor",NA,NA,NA,"433216448","M/s. SBM Paper Mills Pvt. Ltd.",NA,NA,"Not Available","04.09.2017","Not Available","17.10.2017","Admitted","Mr. Amit Poddar",NA,"N","N",NA,NA
"CP No. 1324/(MAH)/2017","Mumbai Bench","Creditor","Not Available","Not Available","Not Available","Not Available","Pratibha Industries Ltd.","Not Available","Not Available","Not Available","Not Available","Not Available","17.10.2017","Dismissed",NA,"Withdrawn","N","N",NA,NA
"CP No. 1310/(MAH)/2017","Mumbai Bench","Creditor","Not Available","Not Available","Not Available","Not Available","TSP Access Rental Pvt. Ltd.","Not Available","Not Available","Not Available","Not Available","Not Available","17.10.2017","Dismissed",NA,"Withdrawn","N","N",NA,NA
"CP No. 1401/I&BP/2017","Mumbai Bench","Creditor","Not Available","Not Available","Not Available","3934993","D B Realty Ltd.","Not Available","Not Available","Not Available","Not Available","Not Available","16.10.2017","Dismissed",NA,"Settlement","N","N",NA,NA
"CP No. 1352/I&BC/NCLT/MB/MAH/2017","Mumbai Bench","Corporate Debtor",NA,NA,NA,"300033000","M/s. BM Jain Metallik Pvt. Ltd.","Not Available",NA,NA,"04.09.2017","Not Available","18.10.2017","Admitted","Mr. Rakesh Chaturvedi",NA,"N","N",NA,NA
"CP No. 1288/I&BP/2017","Mumbai Bench","Creditor","Financial Creditor",NA,"Individual Lender","88283295","Mohan Aromatics Pvt. Ltd.","Not Available",NA,NA,"Not Available","Not Available","18.10.2017","Admitted","Mr. Jitesh Gupta",NA,"N","N",NA,NA
"CP No. 1347/I&BP/2017","Mumbai Bench","Creditor","Financial Creditor",NA,"Bank","1329800000","Vandana Energy & Steels Pvt. Ltd.","04.02.2015",NA,NA,"01.09.2017","25.09.2017","20.10.2017","Admitted"," Mr. Sanjay Gupta",NA,"N","N",NA,NA
"CP 1317/I&BP/MAH/2017","Mumbai Bench","Creditor","Operational Creditor","Vendor",NA,"19100663","Ducon Technologies (I) Pvt. Ltd.","Not Available","Not Available","Not Available","Not Available","Not Available","02.11.2017","Dismissed",NA,"Existing Dispute","N","Y","Creditor","Rejected"
"CP 1244/I&BP/MAH/2017","Mumbai Bench","Creditor","Operational Creditor","Vendor",NA,"2625029","Calsoft Pvt. Ltd.","Not Available","28.04.2017","Not Available","Not Available","Not Available","06.11.2017","Dismissed",NA,"Defective Petition","N","N",NA,NA
"CP No. 1232/(MAH)/2017","Mumbai Bench","Creditor","Not Available","Not Available","Not Available","Not Available","Sado Global Pvt. Ltd.","Not Available","Not Available","Not Available","Not Available","Not Available","08.11.2017","Dismissed",NA,"Withdrawn","N","N",NA,NA
"CP No. 47/(MAH)/2017","Mumbai Bench","Creditor","Not Available","Not Available","Not Available","Not Available","Siddhivinayak Infrasystem Pvt. Ltd.","Not Available","Not Available","Not Available","Not Available","Not Available","08.11.2017","Dismissed",NA,"Settlement","N","N",NA,NA
"CP No. 1338/(MAH)/2017","Mumbai Bench","Creditor","Not Available","Not Available","Not Available","Not Available","Sahara Hospitality Ltd.","Not Available","Not Available","Not Available","Not Available","Not Available","10.11.2017","Dismissed",NA,"Settlement","N","N",NA,NA
"CP No. 1153/I&BP/2017","Mumbai Bench","Creditor","Financial Creditor",NA,"NBFC","5855500","Intercon Container Survey and Commodities Pvt. Ltd.","Not Available",NA,NA,"20.06.2017","Not Available","15.11.2017","Dismissed",NA,"Other","N","N",NA,NA
"CP No. 1236/(MAH)/2017","Mumbai Bench","Creditor","Not Available","Not Available","Not Available","Not Available","Firex systems Pvt. Ltd.","Not Available","Not Available","Not Available","Not Available","Not Available","15.11.2017","Dismissed",NA,"Settlement","N","N",NA,NA
"CP No. 1235/(MAH)/2017","Mumbai Bench","Creditor","Not Available","Not Available","Not Available","Not Available","Vadraj Cement Ltd.","Not Available","Not Available","Not Available","Not Available","Not Available","15.11.2017","Dismissed",NA,"Settlement","N","N",NA,NA
"CP No. 1178/IBC/NCLT/MB/MAH/2017","Mumbai Bench","Creditor","Financial Creditor",NA,"NBFC","32695789","Luthra Water Systems Pvt. Ltd.","Not Available",NA,NA,"Not Available","Not Available","15.11.2017","Admitted","Mr. Devendra padmachand Jain",NA,"N","N",NA,NA
"CP NO. 1508/MAH/2017","Mumbai Bench","Creditor","Financial Creditor",NA,"Bank","Not Available","Housing Development & Infrastructure Ltd.","Not Available","Not Available","Not Available","Not Available","Not Available","16.11.2017","Dismissed",NA,"Settlement","N","N",NA,NA
"CP NO. 1130/IBC/NCLT/MB/MAH/2017","Mumbai Bench","Creditor","Operational Creditor","Not Available",NA,"1007742","Arient Scientific Pvt Ltd","Not Available","25.05.2017","Not Available","Not Available","Not Available","16.11.2017","Admitted","Delegated to IBBI",NA,"N","N",NA,NA
"CP No.1499/I&BP/NCLT/MAH/2017","Mumbai Bench","Creditor","Operational Creditor","Vendor",NA,"6479888","Abhishek Corporation Ltd.","Not Available","15.09.2017","Not Available","Not Available","Not Available","17.11.2017","Admitted","Sandeep Singhal",NA,"N","N",NA,NA
"CP No.1247/I&BP/NCLT/MAH/2017","Mumbai Bench","Creditor","Operational Creditor","Vendor",NA,"1201103","Print Plus Pvt Ltd","Not Available","05.05.2017","Not Available","Not Available","Not Available","20.11.2017","Dismissed",NA,"Defective Petition","N","N",NA,NA
"CP NO.1432/MAH/2017","Mumbai Bench","Creditor","Not Available","Not Available","Not Available","Not Available","Aircel Ltd.","Not Available","Not Available","Not Available","Not Available","Not Available","20.11.2017","Dismissed",NA,"Settlement","N","N",NA,NA
"CP NO.1430/MAH/2017","Mumbai Bench","Creditor","Not Available","Not Available","Not Available","Not Available","Dishnet Wireless Ltd.","Not Available","Not Available","Not Available","Not Available","Not Available","20.11.2017","Dismissed",NA,"Settlement","N","N",NA,NA
"CP NO.1550/MAH/2017","Mumbai Bench","Creditor","Not Available","Not Available","Not Available","Not Available","R.G. Ventures (India) Pvt. Ltd.","Not Available","Not Available","Not Available","Not Available","Not Available","20.11.2017","Dismissed",NA,"Non-prosecution","N","N",NA,NA
"CP No.1449/MAH/2017","Mumbai Bench","Creditor","Not Available","Not Available","Not Available","Not Available","Madhu Tex Industries Ltd.","Not Available","Not Available","Not Available","Not Available","Not Available","21.11.2017","Dismissed",NA,"Settlement","N","N",NA,NA
"CP No.1449/MAH/2017","Mumbai Bench","Creditor","Operational Creditor","Not Available",NA,"Not Available","Madhu Tex Industries Ltd.","Not Available","Not Available","Not Available","Not Available","Not Available","21.11.2017","Dismissed",NA,"Settlement","N","N",NA,NA
"CP NO. 65/MAH/2017","Mumbai Bench","Creditor","Not Available","Not Available","Not Available","Not Available","Magna Opus Hospitality Ltd.","Not Available","Not Available","Not Available","23.08.2017","Not Available","22.11.2017","Dismissed",NA,"Withdrawn","N","N",NA,NA
"1293/I&BP/NCLT/MAH/2017","Mumbai Bench","Creditor","Not Available","Not Available","Not Available","Not Available","Elektrans Shipping Pvt Ltd.","Not Available","Not Available","Not Available","Not Available","Not Available","29.11.2017","Dismissed",NA,"Withdrawn","N","N",NA,NA
"CP NO.1272/MAH/2017","Mumbai Bench","Creditor","Not Available","Not Available","Not Available","Not Available","Luxora Infrastructure Pvt Ltd","Not Available","Not Available","Not Available","Not Available","Not Available","23.11.2017","Dismissed",NA,"Withdrawn","N","N",NA,NA
"CSP NO.1234/MAH/2017","Mumbai Bench","Creditor","Not Available","Not Available","Not Available","Not Available","KBK Chem-Engineering Pvt Ltd","Not Available","Not Available","Not Available","Not Available","Not Available","28.11.2017","Dismissed",NA,"Withdrawn","N","N",NA,NA
"CP No.1292/MAH/2017","Mumbai Bench","Creditor","Not Available","Not Available","Not Available","Not Available","Borkar Colorpacks Pvt Ltd","Not Available","Not Available","Not Available","Not Available","Not Available","28.11.2017","Dismissed",NA,"Settlement","N","N",NA,NA
"CP No. 1346/MAH/2017","Mumbai Bench","Creditor","Not Available","Not Available","Not Available","Not Available","Gammon India Ltd.","Not Available","Not Available","Not Available","Not Available","Not Available","30.11.2017","Dismissed",NA,"Settlement","N","N",NA,NA
"(IB)-70(ND)/2017","New Delhi (Bench II)","Creditor","Financial Creditor",NA,"Property Buyer","3069000","Megasoft Infrastructure Private Limited","26.06.2014","Not Available","Not Available","Not Available","Not Available","08.05.2017","Dismissed",NA,"Other","N","Y","Corporate Debtor","Withdrawn"
"(IB)-76(ND)/2017","New Delhi (Bench II)","Creditor","Operational Creditor","Vendor",NA,"8887502","Premier Restuarant Pvt Limited","17.08.2016","Not Available","Not Available","Not Available","27.04.2016","08.05.2017","Dismissed",NA,"Other","N","Y","Creditor","Rejected"
"(IB)-56(ND)/2017","New Delhi (Bench II)","Creditor","Operational Creditor","Vendor",NA,"332137","Shree Radha Raman Packaging Limited","Not Available","18.01.2017","Not Available","Not Available","18.04.2017","28.04.2017","Admitted","Delegated to IBBI",NA,"N","N",NA,NA
"(IB)-51(ND)/2017","New Delhi (Bench II)","Creditor","Financial Creditor",NA,"Individual Lender","10000000","Kaliber Associates Private Limited","Not Available","Not Available","Not Available","Not Available","Not Available","26.04.2017","Admitted","Mr.Ashish Agarwal",NA,"N","Y","(Link broken)","(Link broken)"
"(IB)-42(ND)/2017","New Delhi (Bench II)","Creditor","Operational Creditor","Vendor",NA,"663452","Ekdantam Infra Private Limited","Not Available","28.02.2017","Not Available","29.03.2017","Not Available","13.04.2017","Admitted","Mr.Rakesh Wadhwa",NA,"N","N",NA,NA
"(IB)-27(ND)/2017","New Delhi (Bench II)","Creditor","Financial Creditor",NA,"Individual Lender","10171263","BK Educational Sevices Private Limited","25.02.2015",NA,NA,"Not Available","Not Available","25.04.2017","Dismissed",NA,"Other","N","N",NA,NA
"(IB)-35(ND)/2017","New Delhi (Bench II)","Creditor","Operational Creditor","Vendor",NA,"2469320","Helpline Hospitality Private Limited","Not Available","28.02.2017","Not Available","Not Available","10.04.2017","24.04.2017","Admitted","Delegated to IBBI",NA,"N","N",NA,NA
"(IB)-37(ND)/2017","New Delhi (Bench II)","Creditor","Operational Creditor","Vendor",NA,"9080976","Pal Mohan Electronics Private Limited","Not Available","23.02.2017","Not Available","Not Available","Not Available","21.04.2017","Dismissed",NA,"Existing Dispute","N","Y","Corporate Debtor","Rejected"
"(IB)-44(ND)/2017","New Delhi (Bench II)","Creditor","Operational Creditor","Vendor",NA,"2942430","Getit Stores Private Limited","Not Available","04.01.2017","Not Available","Not Available","Not Available","13.04.2017","Dismissed",NA,"Other","N","N",NA,NA
"(IB)-41(ND)/2017","New Delhi (Bench II)","Creditor","Operational Creditor","Vendor",NA,"2418273","PTC Techno Private Limited","Not Available","Not Available","Not Available","29.03.2017","Not Available","11.04.2017","Dismissed",NA,"Time Barred","N","Y","Creditor","Allowed"
"(IB)-32(ND)/2017","New Delhi (Bench II)","Creditor","Operational Creditor","Others",NA,"13772565","Unitech Hi-Tech Developers Limited ","12.02.2013","24.01.2017","Not Available","Not Available","Not Available","31.03.2017","Dismissed",NA,"Other","N","N",NA,NA
"CP No. (IB)-107(ND)/2017","New Delhi (Bench II)","Creditor","Operational Creditor","Vendor",NA,"520106","Shipra Infra Project Private Limited","Not Available","Not Available","Not Available","Not Available","Not Available","01.06.2017","Admitted","Mr. Abhishek Anand",NA,"N","N",NA,NA
"CP No. (IB)-106(ND)/2017","New Delhi (Bench II)","Creditor","Operational Creditor","Vendor",NA,"28275118","A J Casting Private Limited","Not Available","20.02.2017","Not Available","Not Available","Not Available","01.06.2017","Admitted","Delegated to IBBI",NA,"N","N",NA,NA
"CP No. (IB)-113(ND)/2017","New Delhi (Bench II)","Creditor","Operational Creditor","Others",NA,"4300000","Eternity Infracon Private Limited","Not Available","22.03.2017","29.06.2017","Not Available","06.07.2017","12.07.2017","Dismissed",NA,"Other","N","N",NA,NA
"CP No. (IB)-166(ND)/2017","New Delhi (Bench II)","Creditor","Operational Creditor","Not Available",NA,"1777600","Steren Associates Private Limited ","Not Available","Not Available","Not Available","Not Available","Not Available","12.07.2017","Dismissed",NA,"Settlement","N","N",NA,NA
"CP No. (IB)-186(ND)/2017","New Delhi (Bench II)","Creditor","Operational Creditor","Not Available",NA,"Not Available","NKC Projects Private Limited","Not Available","Not Available","Not Available","Not Available","Not Available","13.07.2017","Dismissed",NA,"Settlement","N","N",NA,NA
"CP No. (IB)-117(ND)/2017","New Delhi (Bench II)","Creditor","Operational Creditor","Vendor",NA,"1703797","Valeda Herbals Private Limited ","Not Available","13.02.2017","Not Available","Not Available","31.05.2017","14.07.2017","Dismissed",NA,"Existing Dispute","N","N",NA,NA
"CP No. (IB)-168(ND)/2017","New Delhi (Bench II)","Creditor","Operational Creditor","Vendor",NA,"32154784","Uniforce Energy Systems India Private Limited","Not Available","04.05.2017","Not Available","Not Available","Not Available","14.07.2017","Admitted","Satinder Kapoor",NA,"N","N",NA,NA
"(IB)- 198(ND)/2017","New Delhi (Bench II)","Creditor","Operational Creditor","Not Available",NA,"Not Available","Lifeline Services Private Limited","Not Available","Not Available","Not Available","Not Available","Not Available","21.07.2017","Dismissed",NA,"Settlement","N","N",NA,NA
"(IB)- 194(ND)/2017","New Delhi (Bench II)","Creditor","Financial Creditor",NA,"Bank","Not Available","Garg Inox Limited","Not Available","Not Available","Not Available","Not Available","Not Available","25.07.2017","Admitted","Sanjay Gupta",NA,"N","N",NA,NA
"(IB)- 118(ND)/2017","New Delhi (Bench II)","Creditor","Operational Creditor","Vendor",NA,"Not Available","Anu Elastics","Not Available","Not Available","Not Available","Not Available","Not Available","25.07.2017","Admitted","Delegated to IBBI",NA,"N","Y","Corporate Debtor","Allowed"
"(IB)- 192(ND)/2017","New Delhi (Bench II)","Corporate Debtor",NA,NA,NA,"272581173","Tehri Iron Steels Casting Limited ","Not Available",NA,NA,"29.06.2017","Not Available","27.07.2017","Dismissed",NA,"Defective Petition","N","N",NA,NA
"(IB)- 204(ND)/2017","New Delhi (Bench II)","Creditor","Operational Creditor","Vendor",NA,"2394946","MM Cargo Container Line Private Limited","Not Available","30.06.2017","Not Available","Not Available","Not Available","27.07.2017","Admitted","Delegated to IBBI",NA,"N","N",NA,NA
"(IB)- 212(ND)/2017","New Delhi (Bench II)","Creditor","Operational Creditor","Vendor",NA,"1422091","Jap Infratech Private Limited","Not Available","28.02.2017","Not Available","Not Available","Not Available","27.07.2017","Admitted","Delegated to IBBI",NA,"N","Y","Corporate Debtor","Allowed"
"170(ND)/2017","New Delhi (Bench II)","Creditor","Operational Creditor","Vendor",NA,"5263214","Zapp India Limited","Not Available","Not Available","Not Available","Not Available","Not Available","20.07.2017","Admitted","Not Available",NA,"N","N",NA,NA
"198(ND)/2017","New Delhi (Bench II)","Creditor","Operational Creditor","Not Available",NA,"960894","Lifeline Services Pvt. Ltd.",NA,NA,NA,NA,NA,"21.07.2017","Dismissed",NA,"Settlement","N","N",NA,NA
"(IB)-194(ND)/2017","New Delhi (Bench II)","Creditor","Financial Creditor",NA,"Bank","1,85,00,00,000","Garg Inox Ltd.","Not Available","Not Available","Not Available","Not Available","Not Available","25.07.2017","Admitted","Mr. Sanjay Gupta",NA,"N","N",NA,NA
"(IB)-118(ND)/2017","New Delhi (Bench II)","Creditor","Operational Creditor","Vendor",NA,"Not Available","Anu Elastics Pvt. Ltd.","Not Available","Not Available","Not Available","Not Available","Not Available","25.07.2017","Admitted","Not Available",NA,"N","Y","Corporate Debtor","Allowed"
"(IB)-192(ND)/2017	
","New Delhi (Bench II)","Corporate Debtor",NA,NA,NA,"272581173","Tehri Iron and Steel Casting Ltd.","Not Available","17.05.2017","Not Available","29.06.2017","05.07.2017","27.07.2017","Dismissed",NA,"Defective Petition","N","N",NA,NA
"(IB)-204(ND)/2017","New Delhi (Bench II)","Creditor","Operational Creditor","Vendor",NA,"2394946","MM Cargo Container Line Pvt. Ltd.","Not Available","30.06.2017","Not Available","Not Available","Not Available","27.07.2017","Admitted","Not Available",NA,"N","N",NA,NA
"(IB)-212(ND)/2017","New Delhi (Bench II)","Creditor","Operational Creditor","Vendor",NA,"14,22,091","Jap Infratech Pvt. Ltd","Not Available","28.02.2017","Not Available","Not Available","Not Available","27.07.2017","Admitted","Not Available",NA,"N","Y","Corporate Debtor","Rejected"
"(IB)-229(ND)/2017","New Delhi (Bench II)","Creditor","Financial Creditor",NA,"Individual Lender","10797000","Sumit Aviation Pvt. Ltd.","Not Available",NA,NA,"Not Available","Not Available","01.08.2017","Admitted","Mr. Abhisheh Anand",NA,"N","N",NA,NA
"(IB)210(ND)/2017","New Delhi (Bench II)","Creditor","Operational Creditor","Vendor",NA,"2469082.35","GTHS Retails Pvt. Ltd.","Not Available","14.06.2017","16.06.2017","07.07.2017","18.07.2017","03.08.2017","Admitted","Not Available",NA,"N","N",NA,NA
"(IB)-167(ND)/2017","New Delhi (Bench II)","Creditor","Operational Creditor","Vendor",NA,"19622913","Agrante Infra Ltd.","Not Available",NA,NA,"Not Available","Not Available","10.08.2017","Admitted","Not Available",NA,"N","N",NA,NA
"(IB)-260(ND)/2017","New Delhi (Bench II)","Creditor","Financial Creditor",NA,"Individual Lender","17309195","Mega Soft Infrastructure Pvt. Ltd.","Not Available",NA,NA,"Not Available","Not Available","23.08.2017","Admitted","Mr. Abhishek Anand",NA,"N","N",NA,NA
"(IB)-560(ND)/2017","New Delhi (Bench II)","Creditor","Operational Creditor","Vendor",NA,"8559554","Gee Ispat Pvt. Ltd.","Not Available","1.07.2017","10.07.2017","Not Available","08.08.2017","24.08.2017","Admitted","Mr. Shankar Choudhary",NA,"N","N",NA,NA
"(IB)-211(ND)/2017","New Delhi (Bench II)","Creditor","Operational Creditor","Vendor",NA,"75140575","Amira Pure Foods Pvt. Ltd.","Not Available","10.06.2017","Not Available","Not Available","18.07.2017","24.08.2017","Admitted","Mr. Prabhjit  Singh Soni",NA,"N","N",NA,NA
"CP No-(IB)292(ND)/2017","New Delhi (Bench II)","Corporate Debtor",NA,NA,NA,"1258157000(financial debt), 551560522(operational debt) trade payable (477813000)","Ang Industries Limited","Not Available","Not Available","Not Available","Not Available","Not Available","31.08.2017","Admitted","Mr. Ilam Chand Kamboj",NA,"N","N",NA,NA
"IB no.(IB)-269(ND)/2017","New Delhi (Bench II)","Creditor","Operational Creditor","Vendor",NA,"8463763","Bharat Heavy Electricals Ltd.","Not Available","Not Available","Not Available","09.08.2017","Not Available","31.08.2017","Dismissed",NA,"Existing Dispute","N","Y","Creditor","Withdrawn"
"(IB)-199(ND)/2017","New Delhi (Bench II)","Creditor","Operational Creditor","Vendor",NA,"1135779","Fenace Auto Ltd.","Not Available","Not Available","Not Available","Not Available","10.07.2017","11.08.2017","Dismissed",NA,"Defective Petition","N","Y","Creditor","Allowed"
"(IB)-257(ND)/2017","New Delhi (Bench II)","Creditor","Operational Creditor","Vendor",NA,"3378000","Tryst Industries Private Limited ","14.05.2016","20.05.2017","Not Available","Not Available","Not Available","08.09.2017","Admitted","Referred to IBBI",NA,"N","N",NA,NA
"(IB)-304(ND)/2017","New Delhi (Bench II)","Creditor","Operational Creditor","Not Available",NA,"Not Available","Hero Wind Energy Private Limited ","Not Available","Not Available","Not Available","Not Available","Not Available","11.09.2017","Dismissed",NA,"Settlement","N","N",NA,NA
"(IB)-305(ND)/2017","New Delhi (Bench II)","Creditor","Operational Creditor","Not Available",NA,"Not Available","Hero Wind Energy Private Limited ","Not Available","Not Available","Not Available","Not Available","Not Available","11.09.2017","Dismissed",NA,"Settlement","N","N",NA,NA
"(IB)-259(ND)/2017","New Delhi (Bench II)","Creditor","Operational Creditor","Vendor",NA,"1860921+24% interest per annum","Centre for Vocational Training and Entrpreneurship Studies","Not Available","Not Available","Not Available","Not Available","Not Available","15.09.2017","Dismissed",NA,"Incomplete Application","N","N",NA,NA
"(IB)-270(ND)/2017","New Delhi (Bench II)","Creditor","Financial Creditor",NA,"Not Available","Not Available","BOP Projects Private Limited ","Not Available",NA,NA,"Not Available","Not Available","18.09.2017","Dismissed",NA,"Settlement","N","N",NA,NA
"(IB)-302(ND)/2017","New Delhi (Bench II)","Creditor","Financial Creditor",NA,"Bank","1106415115","Carnation Auto India Private Limited ","Not Available",NA,NA,"Not Available","Not Available","25.09.2017","Admitted","Mr. Mukesh Mohan",NA,"N","N",NA,NA
"(IB)-333(ND)/2017","New Delhi (Bench II)","Creditor","Operational Creditor","Vendor",NA,"6041936","Iris Computers Limited","Not Available","08.08.2017","Not Available","Not Available","Not Available","27.09.2017","Dismissed",NA,"Existing Dispute","N","Y","Creditor","Rejected"
"(IB)-332(ND)/2017","New Delhi (Bench II)","Creditor","Operational Creditor","Vendor",NA,"1862204+18% interest per annum (345297 as on date of petition)","Hounslow Builders Private Limited ","Not Available","01.08.2017","Not Available","Not Available","Not Available","27.09.2017","Admitted","Referred to IBBI",NA,"N","Y","Corporate Debtor","Rejected"
"(IB)-340(ND)/2017","New Delhi (Bench II)","Creditor","Operational Creditor","Employee",NA,"Not Available","Bycell Telecommunication India Private Limited ","Not Available","17.07.2017","Not Available","Not Available","Not Available","28.09.2017","Dismissed",NA,"Existing Dispute","N","Y","Creditor","Rejected"
"(IB)-244(ND)/2017","New Delhi (Bench II)","Creditor","Financial Creditor",NA,"Bank","3338000000","Athena Demwe Power Limited ","Not Available",NA,NA,"Not Available","Not Available","28.09.2017","Admitted","Mr. Mukesh Mohan ",NA,"N","N",NA,NA
"(IB).370/ND/2017","New Delhi (Bench II)","Not Available","Not Available","Not Available","Not Available","Not Available","Anya Politech and Fertilisers Pvt. Ltd.
","Not Available","Not Available","Not Available","Not Available","Not Available","10.10.2017","Not Available","Not Available","Not Available","Not Available","N",NA,NA
"(IB).320/ND/2017","New Delhi (Bench II)","Not Available","Not Available","Not Available","Not Available","Not Available","Not Available","Not Available","Not Available","Not Available","Not Available","Not Available","11.10.2017","Not Available","Not Available","Not Available","Not Available","Not Available","Not Available","Not Available"
"(IB)258(ND)/2017","New Delhi (Bench II)","Creditor","Operational Creditor","Vendor",NA,"14151552","M/s. Suvidha Sign Studios Private Limited","Not Available","01.03.2017","Not Available","Not Available","Not Available","11.10.2017","Dismissed",NA,"Defective Petition","N","Not Available","Not Available","Not Available"
"(IB)253(ND)/2017","New Delhi (Bench II)","Creditor","Operational Creditor","Vendor",NA,"1348256","Emkor Solutions Limited","Not Available","25.04.2017","Not Available","Not Available","Not Available","13.10.2017","Dismissed",NA,"Existing Dispute","N","N",NA,NA
"(IB)420(ND)/2017","New Delhi (Bench II)","Creditor","Operational Creditor","Vendor",NA,"5564267 plus 36% interest","Sadeep Axles Private Limited","Not Available","Not Available","Not Available","Not Available","Not Available","17.10.2017","Admitted","Mr. Vishnu Dutt",NA,"N","N",NA,NA
"(IB)367(ND)/2017","New Delhi (Bench II)","Creditor","Operational Creditor","Vendor",NA,"10234691","M/s. Rattan India Power Ltd.","Not Available","Not Available","Not Available","Not Available","Not Available","23.10.2017","Dismissed",NA,"Existing Dispute","N","Y","Creditor","Rejected"
"(IB)365(ND)/2017","New Delhi (Bench II)","Creditor","Financial Creditor",NA,"Individual Lender","18100000 plus 18% interest","M/s. Proactive Plast Pvt. Ltd.","Not Available",NA,NA,"Not Available","Not Available","23.10.2017","Dismissed",NA,"Other","N","N",NA,NA
"(IB)433(ND)/2017","New Delhi (Bench II)","Creditor","Operational Creditor","Vendor",NA,"55514360 plus 36% interest","M/s. SPM Auto Pvt. Ltd.","Not Available","Not Available","Not Available","Not Available","Not Available","24.10.2017","Admitted","Mr. Nirmal Kumar Bhesoni",NA,"N","N",NA,NA
"(IB)-334(ND)/2017","New Delhi (Bench II)","Creditor","Operational Creditor","Employee",NA,"2884160","M/s. Applied Electro-Magnetic Pvt. Ltd.","Not Available","17.08.2017","Not Available","Not Available","Not Available","26.10.2017","Admitted","Delegated to IBBI",NA,"N","N",NA,NA
"IB- 200/ND/2017","New Delhi (Bench II)","Creditor","Operational Creditor","Others",NA,"10000000 plus 12%","DCM International Ltd.","Not Available","31.03.2017","03.04.2017","Not Available","Not Available","06.10.2017","Dismissed",NA,"Existing Dispute","N","Y","Creditor","Rejected"
"(IB)297(ND)/2017","New Delhi (Bench II)","Creditor","Operational Creditor","Vendor",NA,"2050385","M/s. Ashimori India (P) Ltd.","29.11.2012","20.06.2017","Not Available","Not Available","23.08.2017","10.10.2017","Dismissed",NA,"Multiple","N","N",NA,NA
"(IB)330(ND)/2017","New Delhi (Bench II)","Creditor","Operational Creditor","Vendor",NA,"681014","Durha Infracon Private Limited","Not Available","30.06.2017","Not Available","Not Available","05.09.2017","17.10.2017","Dismissed",NA,"Other","N","N",NA,NA
"(IB)298(ND)/2017","New Delhi (Bench II)","Creditor","Operational Creditor","Vendor",NA,"11652275","Integrated Caps Private Limited","Not Available","11.04.2017","12.04.2017","Not Available","Not Available","17.10.2017","Dismissed",NA,"Defective Petition","N","N",NA,NA
"(IB)320(ND)/2017","New Delhi (Bench II)","Creditor","Operational Creditor","Vendor",NA,"Not Available","Cargo Planners Ltd.","Not Available","Not Available","Not Available","Not Available","Not Available","11.10.2017","Dismissed",NA,"Incomplete Application","N","N",NA,NA
"(IB)370(ND)/2017","New Delhi (Bench II)","Creditor","Operational Creditor","Vendor",NA,"Not Available","M/s. Anya Polytech and Fertilizers Pvt. Ltd.","Not Available","Not Available","Not Available","Not Available","Not Available","10.10.2017","Dismissed",NA,"Existing Dispute","N","Y","Creditor","Rejected"
"C. P. No. (IB) 399 (ND)/2017","New Delhi (Bench II)","Creditor","Operational Creditor","Vendor",NA,"3986530","Sungil India Pvt. Ltd.","Not Available","Not Available","Not Available","Not Available","Not Available","03.11.2017","Dismissed",NA,"Defective Petition","N","N",NA,NA
"C. P. No. (IB) 363 (ND)/2017","New Delhi (Bench II)","Creditor","Operational Creditor","Vendor",NA,"19291228","Murti Udyog Ltd.","Not Available","13.06.2017","Not Available","Not Available","Not Available","08.11.2017","Dismissed",NA,"Multiple","N","N",NA,NA
"C. P. No. (IB) 431 (ND)/2017","New Delhi (Bench II)","Creditor","Operational Creditor","Vendor",NA,"3125325+interest","Technofab Engineering Ltd.","Not Available","01.03.2017","Not Available","Not Available","Not Available","14.11.2017","Dismissed",NA,"Existing Dispute","N","N",NA,NA
"C. P. No. (IB) 451 (ND)/2017","New Delhi (Bench II)","Creditor","Operational Creditor","Not Available",NA,"Not Available","SPML Infra","Not Available","Not Available","Not Available","Not Available","Not Available","14.11.2017","Dismissed",NA,"Settlement","N","N",NA,NA
"C. P. No. (IB) 473 (ND)/2017","New Delhi (Bench II)","Creditor","Operational Creditor","Not Available",NA,"Not Available","Oriental Pathways (Agra) Pvt. Ltd.","Not Available","Not Available","Not Available","Not Available","Not Available","14.11.2017","Dismissed",NA,"Withdrawn","N","N",NA,NA
"C. P. No. (IB) 400 (ND)/2017","New Delhi (Bench II)","Creditor","Financial Creditor",NA,"Bank","259384046.7","Ashoka Multiyarn Mills Ltd.","Not Available",NA,NA,"Not Available","Not Available","15.11.2017","Admitted","Mr. Pinaki Sarkar",NA,"N","N",NA,NA
"C. P. No. (IB) 375 (ND)/2017","New Delhi (Bench II)","Creditor","Operational Creditor","Vendor",NA,"3767411","Sequal Alloys and Wires Pvt. Ltd.","Not Available","Not Available","Not Available","Not Available","Not Available","15.11.2017","Admitted","Delegated to IBBI",NA,"N","N",NA,NA
"C. P. No. (IB) 364 (ND)/2017","New Delhi (Bench II)","Creditor","Operational Creditor","Vendor",NA,"1047226.95","Fenace Auto Ltd.","30.09.2015","04.07.2017","Not Available","Not Available","Not Available","15.11.2017","Admitted","Delegated to IBBI",NA,"N","N",NA,NA
"(IB)335(ND)/2017","New Delhi (Bench II)","Creditor","Operational Creditor","Vendor",NA,"59440956","Bengal Unitech Universal Infrastructures","Not Available","Not Available","Not Available","Not Available","Not Available","16.11.2017","Dismissed",NA,"Multiple","N","N",NA,NA
"(IB)415/ND/2017","New Delhi (Bench II)","Corporate Debtor",NA,NA,NA,"60170086","Dream Land Realtor Pvt. Ltd.","Not Available",NA,NA,"Not Available","Not Available","21.11.2017","Admitted","Subhash Chand Agarwal",NA,"N","N",NA,NA
"(IB)417/ND/2017","New Delhi (Bench II)","Corporate Debtor",NA,NA,NA,"407497864","P.K. Sales Company Pvt. Ltd.","Not Available",NA,NA,"Not Available","Not Available","21.11.2017","Admitted","Shbhash Chand Agarwal",NA,"N","N",NA,NA
"(IB).434/ND/2017","New Delhi (Bench II)","Corporate Debtor",NA,NA,NA,"Unclear","Asis Plywood Ltd.","Not Available",NA,NA,"Not Available","Not Available","21.11.2017","Admitted","Devendra Padamchand Jain",NA,"N","N",NA,NA
"IB No(IB).450/ND/2017","New Delhi (Bench II)","Creditor","Operational Creditor","Vendor",NA,"858426.87","Sarash Exports Services Pvt. Ltd.","Not Available","Not Available","Not Available","Not Available","Not Available","22.11.2017","Admitted","Rakesh Wadhwa",NA,"N","N",NA,NA
"IB-39(PB)/2017","New Delhi (Bench II)","Corporate Debtor",NA,NA,NA,"970000000","Unigreen Global Private Limited",NA,NA,NA,"Not Available","Not Available","08.05.2017","Dismissed",NA,"Other","N","Y","Corporate Debtor","Allowed"
"(IB).447/ND/2017","New Delhi (Bench II)","Creditor","Operational Creditor","Others",NA,"10875799","Cals Refineries Ltd.","Not Available","18.09.2017","Not Available","Not Available","Not Available","23.11.2017","Admitted","Delegated to IBBI",NA,"N","N",NA,NA
"(IB).479/ND/2017","New Delhi (Bench II)","Creditor","Financial Creditor",NA,"Not Available","Not Available","Ashok Multiyarn Mills Ltd.","Not Available",NA,NA,"Not Available","Not Available","23.11.2017","Dismissed",NA,"Other","N","N",NA,NA
"IB-17 (ND)/17","New Delhi (Bench III)","Creditor","Operational Creditor","Not Available",NA,"Not Available","Ferrous Infrastructure Private Limited","Not Available","Not Available","Not Available","Not Available","29.06.2017","03.07.2017","Dismissed",NA,"Other","N","Y","Creditor","Rejected"
"IB-163 (ND)/17","New Delhi (Bench III)","Creditor","Operational Creditor","Not Available",NA,"Not Available","Topline Buildtech (P) Limited","Not Available","Not Available","Not Available","Not Available","28.06.2017","30.06.2017","Dismissed",NA,"Other","N","N",NA,NA
"IB-162 (ND)/17","New Delhi (Bench III)","Creditor","Operational Creditor","Not Available",NA,"Not Available","H L Tech Fabrics Limited","Not Available","Not Available","Not Available","Not Available","28.06.2017","29.06.2017","Dismissed",NA,"Other","N","N",NA,NA
"IB-161 (ND)/17","New Delhi (Bench III)","Creditor","Operational Creditor","Not Available",NA,"Not Available","Amrapali Infrastructure Private Limited","Not Available","Not Available","Not Available","Not Available","28.06.2017","29.06.2017","Dismissed",NA,"Other","N","N",NA,NA
"CP No. (IB)-104(PB)/2017","New Delhi (Bench III)","Creditor","Operational Creditor","Vendor",NA,"6003212","Dr Jain Video On Wheels Limited","11.07.2016","01.02.2017","02.02.2017","Not Available","11.04.2017","25.05.2017","Dismissed",NA,"Defective Petition","N","N",NA,NA
"No.IB-189(ND)/2017","New Delhi (Bench III)","Creditor","Financial Creditor",NA,"Bank","647346912.2","Namdhari Food International Pvt. Ltd.","Not Available",NA,NA,"Not Available","Not Available","30.08.2017","Admitted","Mr. Mukul Bansal",NA,"N","N",NA,NA
"(IB)-160(ND)/2017","New Delhi (Bench III)","Creditor","Operational Creditor","Vendor",NA,"6907800","Energo Engineering Projects Limited ","31.03.2016","Not Available","Not Available","Not Available","Not Available","05.09.2017","Admitted","Referred to IBBI",NA,"N","N",NA,NA
"(IB)-180(ND)/2017","New Delhi (Bench III)","Creditor","Operational Creditor","Vendor",NA,"2656747","Energo Engineering Projects Limited ","Not Available","09.02.2017","Not Available","Not Available","Not Available","05.09.2017","Dismissed",NA,"Incomplete Application","N","N",NA,NA
"(IB)-181(ND)/2017","New Delhi (Bench III)","Creditor","Operational Creditor","Vendor",NA,"699220","Energo Engineering Projects Limited ","Not Available","15.05.2017","19.05.2017","Not Available","Not Available","05.09.2017","Dismissed",NA,"Incomplete Application","N","N",NA,NA
"(IB)-130(PB)/2017","New Delhi (Bench III)","Corporate Debtor",NA,NA,NA,"Not Available","Energo Engineering Projects Limited ","Not Available","Not Available","Not Available","26.05.2017","Not Available","05.09.2017","Dismissed",NA,"Existing Dispute","N","N",NA,NA
"(IB)-203(ND)/2017","New Delhi (Bench III)","Creditor","Operational Creditor","Vendor",NA,"111250358","Indo Alusys Industries Limited ","Not Available","09.05.2017","Not Available","Not Available","Not Available","05.09.2017","Dismissed",NA,"Other","N","Y","Creditor","Rejected"
"(IB)-187(ND)/2017","New Delhi (Bench III)","Creditor","Operational Creditor","Vendor",NA,"51617335","Pasupati Fabrics Limited ","15.12.2014","22.02.2017","Not Available","Not Available","Not Available","07.09.2017","Dismissed",NA,"Other","Y","N",NA,NA
"(IB)-247(ND)/2017","New Delhi (Bench III)","Creditor","Operational Creditor","Vendor",NA,"2545689","Mobigossip Infotech Private Limited ","Not Available","17.04.2017","Not Available","Not Available","Not Available","18.09.2017","Dismissed",NA,"Incomplete Application","N","N",NA,NA
"(IB)-209(ND)/2017","New Delhi (Bench III)","Creditor","Operational Creditor","Others",NA,"27463957.77","Divine Infrcon Private Limited ","Not Available","22.04.2017","24.04.2017","Not Available","Not Available","28.09.2017","Dismissed",NA,"Other","N","N",NA,NA
"(IB)-235(ND)/2017","New Delhi (Bench III)","Creditor","Operational Creditor","Vendor",NA,"183900","Ferrous Infrastructure Private Limited ","Not Available","24.05.2017","Not Available","Not Available","01.08.2017","28.09.2017","Dismissed",NA,"Defective Petition","N","Y","Creditor","Rejected"
"C. P. No. IB-220/ND/2017","New Delhi (Bench III)","Creditor","Operational Creditor","Vendor",NA,"9171988","Ambiance Pvt. Ltd.","Not Available","19.04.2017","21.04.2017","Not Available","19.07.2017","03.11.2017","Dismissed",NA,"Existing Dispute","N","N",NA,NA
"C. P. No. IB-276/ND/2017","New Delhi (Bench III)","Creditor","Financial Creditor",NA,"Corporate Lender","7385959","C K Infrastructure Ltd.","Not Available",NA,NA,"Not Available","17.08.2017","03.11.2017","Admitted","Mr. Umesh Garg",NA,"N","Y","Corporate Debtor","Allowed"
"C. P. No. IB-355/ND/2017","New Delhi (Bench III)","Creditor","Financial Creditor",NA,"Plot Buyer","2761994+9% interest","IERO Fiverriver Pvt. Ltd.","Not Available",NA,NA,"Not Available","Not Available","13.11.2017","Admitted","Mr. Ashok Kumar Juneja",NA,"N","N",NA,NA
"(IB)301/ND/2017","New Delhi (Bench III)","Creditor","Financial Creditor",NA,"Not Available","15638982","Pawan Buildwell Pvt. Ltd.","15.08.2017",NA,NA,"Not Available","Not Available","29.11.2017","Dismissed",NA,"Other","N","N",NA,NA
"(IB)-303/ND/2017","New Delhi (Bench III)","Corporate Debtor",NA,NA,NA,"1184317766","Vardhaman Industries Ltd.","Not Available",NA,NA,"21.08.2017","25.08.2017","16.11.2017","Admitted","Manoj Maheshwari",NA,"N","N",NA,NA
"(IB)-242/ND/2017","New Delhi (Bench III)","Creditor","Operational Creditor","Employee",NA,"1153069","Cyber Media Research & Services Ltd.","1.05.2014",NA,NA,NA,"11.08.2017","16.11.2017","Dismissed",NA,"Defective Petition","N","N",NA,NA
"IB-33 (PB)/2017","New Delhi (Principal Bench)","Creditor","Operational Creditor","Employee",NA,"248399","Iyogi Technical Services","Not Available","Not Available","Not Available","Not Available","24.03.2017","01.05.2017","Dismissed",NA,"Other","N","Y","(Link broken)","(Link broken)"
"IB-68(PB)/2017","New Delhi (Principal Bench)","Creditor","Operational Creditor","Vendor",NA,"1190978","International Recreation and Amusement Limited","07.11.2014","30.01.2017","Not Available","18.04.2017","Not Available","28.04.2017","Admitted",NA,NA,"N","Y","Corporate Debtor","Allowed"
"IB-66(PB)/2017","New Delhi (Principal Bench)","Creditor","Operational Creditor","Others",NA,"3000000","Ozone Builders and Developers Pvt. Ltd.","22.02.2014","Not Available","Not Available","Not Available","Not Available","27.04.2017","Dismissed",NA,"Other","N","Y","(Link broken)","(Link broken)"
"26 (ND)/2017","New Delhi (Principal Bench)","Creditor","Operational Creditor","Vendor",NA,"6823328","Era Infra Engineering Limited","Not Available","08.01.2017","Not Available","01.03.2017","23.03.2017","12.04.2017","Admitted","Mr.Vivek Goyal",NA,"N","Y","Corporate Debtor","Allowed"
"(IB) 24 PB/2017","New Delhi (Principal Bench)","Creditor","Operational Creditor","Vendor",NA,"559660","RL Steel and Energy Limited","21.12.2011","15.02.2017","Not Available","27.02.2017","08.03.2017","31.03.2017","Dismissed",NA,"Time Barred","N","N",NA,NA
"(IB) 30 PB/2017","New Delhi (Principal Bench)","Creditor","Operational Creditor","Vendor",NA,"2944175","AMR Infrastructures","Not Available","Not Available","27.01.2017","Not Available","Not Available","31.03.2017","Dismissed",NA,"Other","N","Y","Creditor","Allowed"
"(IB) 19 PB/2017","New Delhi (Principal Bench)","Creditor","Operational Creditor","Others",NA,"2597940","J.B.K. Developers Pvt. Limited","Not Available","10.02.2017","Not Available","Not Available","Not Available","31.03.2017","Dismissed",NA,"Other","N","Y","Creditor","Rejected"
"(IB) 21 PB/2017","New Delhi (Principal Bench)","Creditor","Operational Creditor","Vendor",NA,"18485018","Amrapali Infrastructure Private Limited","Not Available","Not Available","28.01.2017","07.03.2017","14.03.2017","22.03.2017","Dismissed",NA,"Other","N","N",NA,NA
"(IB) 22 PB/2017","New Delhi (Principal Bench)","Creditor","Operational Creditor","Others",NA,"37908428","Soril Infra Resources Limited","09.09.2016","13.01.2017","Not Available","Not Available","Not Available","24.03.2017","Dismissed",NA,"Existing Dispute","N","Y","Creditor","Allowed"
"(IB) 15 PB/2017","New Delhi (Principal Bench)","Corporate Debtor",NA,NA,NA,"128832266","Clutch Auto Limited",NA,NA,NA,"09.02.2017","10.03.2017","10.04.2017","Admitted","Mr. Mahipal Sharan Gupta",NA,"N","N",NA,NA
"(IB) 20 PB/2017","New Delhi (Principal Bench)","Creditor","Operational Creditor","Vendor",NA,"128832266","Clutch Auto Limited","Not Available","Not Available","Not Available","Not Available","10.03.2017","10.04.2017","Dismissed",NA,"Other","N","N",NA,NA
"(ISB) 03-PB/2017","New Delhi (Principal Bench)","Creditor","Financial Creditor",NA,"Property Buyer","Not Available","AMR Infrastructures","Not Available",NA,NA,"17.01.2017","19.01.2017","23.01.2017","Dismissed",NA,"Other","N","Y","Creditor","Allowed"
"(IB) 07 PB/2017","New Delhi (Principal Bench)","Creditor","Operational Creditor","Vendor",NA,"3260833","Ambience Private Limited","Not Available","Not Available","25.01.2017","08.02.2017","Not Available","01.03.2017","Dismissed",NA,"Existing Dispute","N","N",NA,NA
"(IB) 08 PB/2017","New Delhi (Principal Bench)","Creditor","Operational Creditor","Vendor",NA,"895900","Ambience Private Limited","Not Available","Not Available","25.01.2017","09.02.2017","Not Available","01.03.2017","Dismissed",NA,"Existing Dispute","N","N",NA,NA
"(IB) 10 PB/2017","New Delhi (Principal Bench)","Creditor","Operational Creditor","Others",NA,"1276884","AMR Infrastructures","Not Available","Not Available","Not Available","Not Available","Not Available","20.02.2017","Dismissed",NA,"Other","N","N",NA,NA
"(IB) 45 PB/2017","New Delhi (Principal Bench)","Creditor","Operational Creditor","Vendor",NA,"19337105","Gettit Infoservices Private Limited","Not Available","14.02.2017","Not Available","Not Available","10.04.2017","12.04.2017","Dismissed",NA,"Other","N","N",NA,NA
"(IB)-78(ND)/2017","New Delhi (Principal Bench)","Corporate Debtor",NA,NA,NA,"16635301","Krishna Kraftex Private Limited",NA,NA,NA,"26.04.2017",NA,"15.05.2017","Dismissed",NA,"Other","N","Y","Corporate Debtor","Rejected"
"CP No. (IB)-49(PB)/2017","New Delhi (Principal Bench)","Creditor","Operational Creditor","Vendor",NA,"2075144","JDS Apparels Private Limited","01.05.2016","09.02.2017","Not Available","Not Available","Not Available","18.05.2017","Admitted","Mr.Jagdish Kumar Aggarwal",NA,"N","N",NA,NA
"CP No. (IB)-64(PB)/2017","New Delhi (Principal Bench)","Creditor","Operational Creditor","Others",NA,"195539344","Shilpi Cable Technologies Limited","28.03.2016","08.03.2017","Not Available","Not Available","Not Available","24.05.2017","Admitted","Delegated to IBBI",NA,"N","N",NA,NA
"CP No. (IB)-65(PB)/2017","New Delhi (Principal Bench)","Creditor","Operational Creditor","Not Available",NA,"Not Available","Shilpi Cable Technologies Limited","Not Available","Not Available","Not Available","Not Available","Not Available","24.05.2017","Dismissed",NA,"Existing IRP","N","N",NA,NA
"CP No. (IB)-90(ND)/2017","New Delhi (Principal Bench)","Creditor","Operational Creditor","Vendor",NA,"87450296","Amrapali Media Vision Private Limited","Not Available","16.03.2017","Not Available","Not Available","Not Available","30.05.2017","Admitted","Mayank Goel",NA,"N","N",NA,NA
"CP No. (IB)-105(PB)/2017","New Delhi (Principal Bench)","Creditor","Operational Creditor","Others",NA,"722292","Bhasin Infotech and Infrastructure Private Limited","01.10.2016","Not Available","Not Available","Not Available","Not Available","31.05.2017","Dismissed",NA,"Other","N","N",NA,NA
"CP No. (IB)-103(PB)/2017","New Delhi (Principal Bench)","Creditor","Operational Creditor","Vendor",NA,"1468800","Mahan Proteins Limited ","Not Available","13.04.2017","Not Available","Not Available","Not Available","21.06.2017","Admitted","Delegated to IBBI",NA,"N","N",NA,NA
"CP No. (IB)-84(PB)/2017","New Delhi (Principal Bench)","Creditor","Financial Creditor",NA,"NBFC","445000000","Mayfair Capital Private Limited","24.04.2016",NA,"Not Available","Not Available","Not Available","27.06.2017","Admitted","Mr. Sanjay Kumar Agarwal ",NA,"N","N",NA,NA
"CP No. (IB)-53(PB)/2017","New Delhi (Principal Bench)","Creditor","Operational Creditor","Employee",NA,"633777","Technopak Advisers Private Limited","Not Available","Not Available","Not Available","Not Available","Not Available","27.06.2017","Dismissed",NA,"Other","N","Y","Creditor","Rejected"
"CP No. (IB)-102(PB)/2017","New Delhi (Principal Bench)","Creditor","Financial Creditor",NA,"Bank","139601507","Edu Smart Service Private Limited","21.07.2015",NA,NA,"Not Available","Not Available","27.06.2017","Admitted","Ritu Rastogi",NA,"N","N",NA,NA
"CP No. (IB)-80(PB)/2017","New Delhi (Principal Bench)","Creditor","Financial Creditor",NA,"Not Available","22500000","Brys International Private Limited","30.04.2015",NA,NA,"28.04.2017","Not Available","27.06.2017","Dismissed",NA,"Other","N","Y","Creditor","Allowed"
"CP No. (IB)-60(PB)/2017","New Delhi (Principal Bench)","Creditor","Operational Creditor","Vendor",NA,"6449530","Mothers Pride Dairy India Private Limited","Not Available","20.03.2017","Not Available","Not Available","Not Available","27.06.2017","Admitted","Delegated to IBBI",NA,"N","Y","Corporate Debtor","Rejected"
"CP No. 1251/2016","New Delhi (Principal Bench)","Creditor","Financial Creditor",NA,"Shareholder","1890000","S3 Electricals and Electronics Private Limited","17.09.2014",NA,NA,"Not Available","Not Available","28.06.2017","Admitted","Mr.Navneet Kumar Jain",NA,"N","Y","Creditor","Allowed"
"CP No. (IB)-40(PB)/2017","New Delhi (Principal Bench)","Corporate Debtor",NA,NA,NA,"1000000000","Vedika Nut Craft Private Limited","Not Available",NA,NA,"Not Available","Not Available","30.06.2017","Admitted","Mr.Hemant Sinha",NA,"N","N",NA,NA
"CP No. (IB)-156(PB)/2017","New Delhi (Principal Bench)","Creditor","Financial Creditor",NA,"Assignee","19238526","Ved Cellulose Limited","Not Available",NA,NA,"Not Available","Not Available","30.06.2017","Admitted","Rakesh Wadhwa",NA,"N","Y","Corporate Debtor","Withdrawn"
"CP No. (IB)-104(PB)/2017","New Delhi (Principal Bench)","Creditor","Financial Creditor",NA,"Bank","1093272312","Tirupati Infraprojects Private Limited","30.06.2014",NA,NA,"Not Available","Not Available","03.07.2017","Admitted","Anil Kohli",NA,"N","Y","Corporate Debtor","Rejected"
"(IB)-58(PB)/2017","New Delhi (Principal Bench)","Creditor","Operational Creditor","Vendor",NA,"1739623","Amarpali Biotech India Private Limited","13.02.2017","13.02.2017","Not Available","Not Available","19.04.2017","04.07.2017","Dismissed",NA,"Other","N","N",NA,NA
"(IB)-47 (ND)/2017","New Delhi (Principal Bench)","Creditor","Operational Creditor","Vendor",NA,"29328324","Noida Software Technology Park Limited","08.07.2017","01.02.2017","03.02.2017","Not Available","11.04.2017","25.05.2017","Dismissed",NA,"Defective Petition","N","N",NA,NA
"C.A. No. (IB) 201(PB)/2017","New Delhi (Principal Bench)","Creditor","Financial Creditor",NA,"Bank","4390754611","Bhushan Steel Limited","Not Available",NA,NA,"03.07.2017","13.07.2017","26.07.2017","Admitted","Vijay Kumar V Iyer",NA,"N","N",NA,NA
"(IB)- 170(ND)/2017","New Delhi (Principal Bench)","Creditor","Operational Creditor","Vendor",NA,"5263214","Zap India Limited","Not Available","Not Available","Not Available","Not Available","Not Available","20.07.2017","Admitted","Delegated to IBBI",NA,"N","Y","Corporate Debtor","Allowed"
"(IB)144(PB)/2017","New Delhi (Principal Bench)","Creditor","Financial Creditor",NA,"Bank","1138500000","S. R. Foils and Tissue Ltd","31.12.2013","Not Available","Not Available","Not Available","02.06.2017","07.08.2017","Admitted","Mr. Anil Kohli",NA,"N","N",NA,NA
"(IB)-120(PB)/2017","New Delhi (Principal Bench)","Creditor","Operational Creditor","Vendor",NA,"9196269","International Coil Ltd.","Not Available","Not Available","Not Available","19.04.2017","31.05.2017","16.08.2017","Admitted","Not Available",NA,"N","N",NA,NA
"(IB)-202(PB)/2017","New Delhi (Principal Bench)","Creditor","Financial Creditor",NA,"Bank","5414300000+ 5177,00,000","Bhushan Power And Steel Limited","31.05.2017",NA,NA,"Not Available","13.07.2017","26.07.2017","Admitted","Mr. Mahender Kumar Khandewal",NA,"N","N",NA,NA
"(IB)-201(PB)/2017","New Delhi (Principal Bench)","Creditor","Financial Creditor",NA,"Bank","43907541611- Indian loans,49684877- foriegn currency loans","Bhushan Steel Limited","Not Available",NA,NA,"03.07.2017","13.07.2017","26.07.2017","Admitted","Mr. Vijay Kumar V Iyer",NA,"N","N",NA,NA
"IB-131(PB)/2017","New Delhi (Principal Bench)","Corporate Debtor",NA,NA,NA,"1314175440","Amit Spinning Industries Ltd.","Not Available",NA,NA,"Not Available","Not Available","01.08.2017","Admitted","Mr. Praveen Banssal",NA,"Y","N",NA,NA
"(IB)152/2017","New Delhi (Principal Bench)","Creditor","Financial Creditor",NA,"Corporate lender","536000","Arrow Resources Limited","31.03.2017","10.05.2017","Not Available","Not Available","07.06.2017","07.08.2017","Admitted","Mr. Ambarish Chatterjee",NA,"N","N",NA,NA
"(IB)144(PB)/2017","New Delhi (Principal Bench)","Creditor","Financial Creditor",NA,"Bank","1138500000","S. R. Foils and Tissue Ltd","31.12.2013","Not Available","Not Available","Not Available","02.06.2017","07.08.2017","Admitted","Mr. Anil Kohli",NA,"N","N",NA,NA
"(IB)197(PB)/2017","New Delhi (Principal Bench)","Creditor","Financial Creditor",NA,"ARC","20814452368","Tecpro Systems Limited","28.05.2014",NA,NA,"Not Available","Not Available","07.08.2017","Admitted","Mr. Venkatesan Sankaranarayanan",NA,"N","N",NA,NA
"(IB)155(PB)/2017","New Delhi (Principal Bench)","Creditor","Operational Creditor","Not Available",NA,"3488622","Tecpro Systems Limited","Not Available","Not Available","Not Available","Not Available","Not Available","08.08.2017","Dismissed",NA,"Other","N","Y",NA,NA
"(IB)-120(PB)/2017","New Delhi (Principal Bench)","Creditor","Operational Creditor","Vendor",NA,"9196269","International Coil Ltd.","Not Available","Not Available","Not Available","19.04.2017","31.05.2017","16.08.2017","Admitted","Not Available",NA,"N","N",NA,NA
"(IB)-128(PB)/2017","New Delhi (Principal Bench)","Creditor","Operational Creditor","Vendor",NA,"3416418 +24% interest","Free Culture Apparels Pvt. Ltd.","Not Available","25.04.2017","Not Available","Not Available","Not Available","01.09.2017","Admitted","Advocate Ashok Kumar Juneja ",NA,"N","N",NA,NA
"(IB)-121(PB)/2017","New Delhi (Principal Bench)","Creditor","Financial Creditor",NA,"Bank","711543682","Amrapali Silicon City Private Limited","31.03.2016",NA,NA,"Not Available","Not Available","04.09.2017","Admitted","Mr. Rajesh Samson",NA,"N","N",NA,NA
"(IB)-154(PB)/2017","New Delhi (Principal Bench)","Creditor","Operational Creditor","Not Available",NA,"2920717","Amrapali Silicon City Private Limited","Not Available","Not Available","Not Available","Not Available","Not Available","04.09.2017","Dismissed",NA,"Existing IRP","N","N",NA,NA
"(IB)-132(PB)/2017","New Delhi (Principal Bench)","Creditor","Financial Creditor",NA,"Bank","2,36,20,17,559.29","Samtel Color Limited ","Not Available",NA,NA,"24.05.2017","Not Available","07.09.2017","Admitted","Mr. Sanjay Gupta ",NA,"Y","N",NA,NA
"(IB)-145(PB)/2017","New Delhi (Principal Bench)","Creditor","Operational Creditor","Not Available",NA,"6616402","Samtel Color Limited ","Not Available","Not Available","Not Available","Not Available","Not Available","07.09.2017","Dismissed",NA,"Existing IRP","Y","N",NA,NA
"(IB)-159(PB)/2017","New Delhi (Principal Bench)","Creditor","Financial Creditor",NA,"Corporate Lenders and Individuals ","51750000","Veebro Technoplast Private Limited","10.06.2015",NA,NA,"Not Available","Not Available","22.09.2017","Admitted","Mr. Sumnish Kumar Jain",NA,"N","N",NA,NA
"1200/2016 & (IB)-161(ND)/2017","New Delhi (Principal Bench)","Creditor","Financial Creditor",NA,"Not Available","36431988","Amrapali Infrastructure Private Limited ","Not Available","Not Available","Not Available","Not Available","Not Available","25.09.2017","Dismissed",NA,"Existing IRP","N","N",NA,NA
"(IB)-89(PB)/2017","New Delhi (Principal Bench)","Creditor","Operational Creditor","Vendor",NA,"5401973","Kanak Resource Management Limited ","Not Available","20.03.2017","Not Available","Not Available","Not Available","25.09.2017","Admitted","Mr. Deepak Arora",NA,"N","Y","Corporate Debtor","Rejected"
"(IB)-123(PB)/2017","New Delhi (Principal Bench)","Creditor","Financial Creditor",NA,"Bank","972887703","Amrapali Infrastructure Private Limited ","Multiple",NA,NA,"Not Available","Not Available","25.09.2017","Admitted","Mr. Rajesh Samson",NA,"N","N",NA,NA
"(IB)-184(PB)/2017","New Delhi (Principal Bench)","Creditor","Financial Creditor",NA,"Not Available","11150922","Amrapali Infrastructure Private Limited ","Not Available","Not Available","Not Available","Not Available","Not Available","25.09.2017","Dismissed",NA,"Existing IRP","N","N",NA,NA
"(IB)-325(PB)/2017","New Delhi (Principal Bench)","Creditor","Operational Creditor","Vendor",NA,"70332197","M/s. Amrapali Infrastructure Private Limited","Not Available","Not Available","Not Available","Not Available","Not Available","04.10.2017","Dismissed",NA,"Existing Dispute","N","N",NA,NA
"(IB)-122(PB)/2017","New Delhi (Principal Bench)","Creditor","Financial Creditor",NA,"Bank","368894153","Ultra Home Construction Private Limited","29.06.2016",NA,NA,"Not Available","Not Available","04.10.2017","Admitted","Mr. Sanjay Gupta",NA,"N","N",NA,NA
"(IB)-311(PB)/2017","New Delhi (Principal Bench)","Creditor","Operational Creditor","Others",NA,"36428017","HCL Services Ltd.","12.04.2016","03.04.2017","Not Available","Not Available","Not Available","17.10.2017","Dismissed",NA,"Existing Dispute","N","N",NA,NA
"(IB)-157(PB)/2017","New Delhi (Principal Bench)","Creditor","Operational Creditor","Vendor",NA,"75255270","M/s Instrumentation Ltd.","Not Available","Not Available","Not Available","Not Available","Not Available","17.10.2017","Dismissed",NA,"Existing Dispute","N","N",NA,NA
"C. P. No.IB-314 (PB)/2017","New Delhi (Principal Bench)","Creditor","Financial Creditor",NA,"Bank","320755738.3","Tirupati Inks Ltd.","Not Available",NA,NA,"Not Available","Not Available","02.11.2017","Admitted","Mr. Mukesh Mohan",NA,"N","N",NA,NA
"C. P. No.IB-254 (PB)/2017","New Delhi (Principal Bench)","Creditor","Financial Creditor",NA,"Bank","569637137","NCML Industries Ltd.","Not Available",NA,NA,"Not Available","Not Available","07.11.2017","Admitted","Mr. Gian Chand Narang",NA,"N","N",NA,NA
"C.P. No. IB-352 (PB)/2017","New Delhi (Principal Bench)","Creditor","Financial Creditor",NA,"Purchaser of shares","25000000","Affinity Beauty Salon Pvt. Ltd.","Not Available",NA,NA,"Not Available","Not Available","11.11.2017","Dismissed",NA,"Other","N","N",NA,NA
"C.P. No. IB-378 (PB)/2017","New Delhi (Principal Bench)","Creditor","Financial Creditor",NA,"ARC","1853713958","Moser Baer India Ltd.","26.11.2014",NA,NA,"Not Available","Not Available","14.11.2017","Admitted","Mr. Devendra Singh",NA,"Y","N",NA,NA
"(IB)245/PB/2017","New Delhi (Principal Bench)","Creditor","Financial Creditor",NA,"Housing Finance Company","130114268","Deltronix India Pvt Ltd.",NA,NA,NA,"1.08.2017",NA,"24.11.2017","Admitted","Sajeve Bhushan Deora",NA,"N","Y","Corporate Debtor","Allowed"
"(IB)398/PB/2017","New Delhi (Principal Bench)","Creditor","Operational Creditor","Vendor",NA,"37191904","Macro Commerce Pvt Ltd.","27.02.2017","30.05.2017",NA,NA,"09.10.2017","29.11.2017","Admitted","Abishek Anand",NA,"N","N",NA,NA
"IB-48 (PB)/2017","New Delhi (Special Bench)","Creditor","Operational Creditor","Vendor",NA,"9750240","Max Tech Oil and Gas Services Limited","05.01.2017","Not Available","Not Available","Not Available","13.04.2017","01.05.2017","Admitted","Mr.Atanu Mukherjee",NA,"N","N",NA,NA
"IB-43(PB)/2017","New Delhi (Special Bench)","Creditor","Operational Creditor","Vendor",NA,"1014190","Gold Plus Glass Industry Limited","Not Available","08.02.2017","Not Available","Not Available","Not Available","28.04.2017","Dismissed",NA,"Existing Dispute","N","N",NA,NA
"IB-73(PB)/2017","New Delhi (Special Bench)","Creditor","Operational Creditor","Vendor",NA,"28027382","Global Houseware Limited","14.02.2017","29.03.2017","Not Available","Not Available","Not Available","03.05.2017","Admitted","Mr.Ashwani Kumar",NA,"N","N",NA,NA
"CP No. (IB)-151(PB)/2017","New Delhi (Special Bench)","Creditor","Operational Creditor","Vendor",NA,"828394","Intarvo Technologies Private Limited","08.06.2015","06.02.2017","07.02.2017","29.06.2017","Not Available","14.07.2017","Dismissed",NA,"Defective Petition","N","N",NA,NA
"C.A. No. (IB) 202(PB)/2017","New Delhi (Special Bench)","Creditor","Financial Creditor",NA,"Bank","5414300000","Bhushan Power and Steel Limited","01.02.2016",NA,NA,"Not Available","13.07.2017","26.07.2017","Admitted","Mahender Kumar Khandewal",NA,"N","N",NA,NA
"CP No-1((IB)185(PB)/2017","New Delhi (Special Bench)","Creditor","Financial Creditor",NA,"Individual Lender","1247590","Mariners Buildcon India Ltd.","25.02.2015","22.05.2017","25.05.2017","Not Available","04.07.2017","24.08.2017","Admitted","Mr. Prabhjit  Singh Soni",NA,"N","N",NA,NA
"CP No-1((IB)185(PB)/2017","New Delhi (Special Bench)","Creditor","Financial Creditor",NA,"Individual Lender","1247590","Mariners Buildcon India Ltd.","25.02.2015","22.05.2017","25.05.2017","Not Available","04.07.2017","24.08.2017","Admitted","Mr. Prabhjit  Singh Soni",NA,"N","N",NA,NA
